Agency,City,Collision Date,Collision Time,Vehicles Involved,Trailers Involved,Number Injured,Number Dead,Number Deer,House Number,Roadway Interchange,Roadway Ramp,Roadway Id,Intersecting Road,Interchange,Feet From,Direction,Latitude,Longitude,Roadway Class,Hit and Run?,Locality,School Zone?,Rumble Strips?,Construction?,Construction Type,Light Condition,Weather Conditions,Surface Condition,Type of Median,Roadway Junction Type,Road Character,Roadway Surface,Primary Factor,Manner of Collision,Unique Location Id,Traffic Control
BLOOMINGTON PD,BLOOMINGTON,2/20/2020,9:50 AM,2,0,0,0,0,,,,S COLLEGE AVE,W 3RD ST,,100,N,39.16464,-86.534816,LOCAL/CITY ROAD,Y,URBAN,N,N,N,,DARK (LIGHTED),CLEAR,DRY,,NO JUNCTION INVOLVED,STRAIGHT/LEVEL,ASPHALT,UNSAFE BACKING,BACKING CRASH,SCOLLEGEAVEW3RDST,NONE
BLOOMINGTON PD,BLOOMINGTON,2/20/2020,2:47 PM,1,0,1,0,0,,,,N WALNUT ST,,,100,S,39.16864,-86.533568,LOCAL/CITY ROAD,Y,URBAN,N,N,N,,,CLEAR,DRY,,FOUR-WAY INTERSECTION,STRAIGHT/LEVEL,ASPHALT,IMPROPER LANE USAGE,,E7THSTNWALNUTST,TRAFFIC CONTROL SIGNAL
BLOOMINGTON PD,BLOOMINGTON,2/20/2020,3:25 PM,3,0,1,0,0,,,,W 2ND ST,S ROGERS ST,,,,0,0,LOCAL/CITY ROAD,N,URBAN,N,N,N,,DAYLIGHT,CLEAR,DRY,,FOUR-WAY INTERSECTION,STRAIGHT/GRADE,ASPHALT,FOLLOWING TOO CLOSELY,REAR END,E2NDSTROGERSST,TRAFFIC CONTROL SIGNAL
MONROE SD,BLOOMINGTON,2/20/2020,3:38 PM,2,0,0,0,0,4037,,,SR 45,,,2000,W,39.13972791,-86.58896743,STATE ROAD,Y,RURAL,N,N,N,,DAYLIGHT,CLEAR,DRY,,NO JUNCTION INVOLVED,CURVE/LEVEL,ASPHALT,FAILURE TO YIELD RIGHT OF WAY,REAR END,SCURRYPIKESR45W,NO PASSING ZONE
INDIANA UNIV BLOOMINGTON PD,BLOOMINGTON,2/20/2020,4:45 PM,2,0,0,0,0,1100,,,N FOSTER DR,,,,,39.17612549,-86.51898236,LOCAL/CITY ROAD,N,URBAN,N,N,N,,DAYLIGHT,CLEAR,DRY,,NO JUNCTION INVOLVED,STRAIGHT/LEVEL,ASPHALT,UNSAFE BACKING,BACKING CRASH,NFEELN,NONE
INDIANA UNIV BLOOMINGTON PD,BLOOMINGTON,2/20/2020,6:00 PM,2,0,0,0,0,,,,N INDIANA AVE,E KIRKWOOD AVE,,50,N,39.17181748,-86.52693,LOCAL/CITY ROAD,N,URBAN,N,N,N,,DAYLIGHT,CLOUDY,DRY,,NO JUNCTION INVOLVED,STRAIGHT/LEVEL,ASPHALT,IMPROPER LANE USAGE,SAME DIRECTION SIDESWIPE,INDIANAAVEKIRKWOODAVE,NONE
BLOOMINGTON PD,BLOOMINGTON,2/20/2020,8:02 PM,2,0,0,0,0,,,,N WASHINGTON ST,E 17TH ST,,,,39.17904,-86.532096,LOCAL/CITY ROAD,Y,URBAN,N,,N,,DARK (LIGHTED),CLEAR,DRY,,FOUR-WAY INTERSECTION,STRAIGHT/LEVEL,ASPHALT,HEADLIGHT DEFECTIVE OR NOT ON,RIGHT ANGLE,E17THSTNWASHINGTONST,STOP SIGN
MONROE SD,BLOOMINGTON,2/20/2020,9:35 PM,2,0,0,0,0,,,,W FULLERTON PIKE,I-69 S,,,,0,0,LOCAL/CITY ROAD,N,RURAL,N,N,N,,DARK (LIGHTED),CLEAR,DRY,,TRAFFIC CIRCLE/ROUNDABOUT,CURVE/LEVEL,CONCRETE,FAILURE TO YIELD RIGHT OF WAY,RIGHT ANGLE,I69SWFULLERTONPIKE,ROUNDABOUT INTERSECTION
BLOOMINGTON PD,BLOOMINGTON,2/21/2020,8:10 AM,2,0,0,0,0,,,,S SPICEWOOD LN,E POPLAR DR,,,,39.1364,-86.500992,LOCAL/CITY ROAD,N,URBAN,N,N,N,,DAYLIGHT,CLEAR,DRY,,T-INTERSECTION,STRAIGHT/LEVEL,ASPHALT,FAILURE TO YIELD RIGHT OF WAY,RIGHT ANGLE,POPLARDRSPICEWOODLN,STOP SIGN
ISP BLOOMINGTON 33,BLOOMINGTON,2/21/2020,9:05 AM,1,,1,0,0,,,,SR 37,I-69 S,,0,S,39.10735661,-86.55366845,STATE ROAD,,RURAL,N,N,N,,DAYLIGHT,CLEAR,DRY,,RAMP,,ASPHALT,DRIVER ASLEEP OR FATIGUED,RAN OFF ROAD,STATERD37,
BLOOMINGTON PD,BLOOMINGTON,2/21/2020,1:10 PM,2,0,0,0,0,,,,W 2ND ST,S COLLEGE AVE,,,,39.16144,-86.534848,LOCAL/CITY ROAD,N,URBAN,N,N,N,,DAYLIGHT,CLEAR,DRY,,FOUR-WAY INTERSECTION,STRAIGHT/LEVEL,ASPHALT,OTHER (DRIVER) - EXPLAIN IN NARRATIVE,REAR END,E2NDSTSCOLLEGEAVE,TRAFFIC CONTROL SIGNAL
MONROE SD,BLOOMINGTON,2/21/2020,1:48 PM,1,0,0,0,0,,,,SR 48,,,1000,E,39.16712199,-86.65801411,STATE ROAD,N,RURAL,N,N,N,,DAYLIGHT,CLEAR,DRY,,T-INTERSECTION,CURVE/LEVEL,ASPHALT,RAN OFF ROAD RIGHT,RAN OFF ROAD,SR48WWVERNALPIKEPIKE,NONE
INDIANA UNIV BLOOMINGTON PD,BLOOMINGTON,2/21/2020,3:20 PM,1,0,0,0,0,,,,E 3RD ST,S FACULTY AVE,,,,39.164352,-86.521088,LOCAL/CITY ROAD,N,URBAN,N,N,N,,DAYLIGHT,CLEAR,DRY,,NO JUNCTION INVOLVED,STRAIGHT/LEVEL,ASPHALT,UNSAFE BACKING,BACKING CRASH,E3RDSTSFACULTYAVE,LANE CONTROL
MONROE SD,BLOOMINGTON,2/21/2020,5:21 PM,2,0,0,0,0,,,,S WALNUT ST,E EMPIRE MILL RD,,,,39.08624,-86.542,COUNTY ROAD,N,RURAL,N,N,N,,DAYLIGHT,CLEAR,DRY,,T-INTERSECTION,CURVE/LEVEL,ASPHALT,FOLLOWING TOO CLOSELY,REAR END,EMPIREMILLRDSOUTHOLDSTATE37RD,TRAFFIC CONTROL SIGNAL
INDIANA UNIV BLOOMINGTON PD,BLOOMINGTON,2/21/2020,6:15 PM,2,0,0,0,0,,,,E 10TH ST,N FESS AVE,,,,39.17166,-86.5258,LOCAL/CITY ROAD,N,URBAN,N,N,N,,DAWN/DUSK,CLEAR,DRY,,FOUR-WAY INTERSECTION,STRAIGHT/GRADE,ASPHALT,FAILURE TO YIELD RIGHT OF WAY,RIGHT ANGLE,FESSAVETENTHST,STOP SIGN
BLOOMINGTON PD,BLOOMINGTON,2/21/2020,6:29 PM,2,0,0,0,0,,,,E 1ST ST,S PARK AVE,,,,39.159344,-86.523696,LOCAL/CITY ROAD,N,URBAN,N,N,N,,DAWN/DUSK,CLEAR,DRY,,NO JUNCTION INVOLVED,STRAIGHT/GRADE,ASPHALT,LEFT OF CENTER,OPPOSITE DIRECTION SIDESWIPE,E1STSTSPARKAVE,STOP SIGN
INDIANA UNIV BLOOMINGTON PD,BLOOMINGTON,2/21/2020,8:08 PM,2,0,1,0,0,,,,E 17TH ST,N FEE LN,,,,39.178928,-86.518992,LOCAL/CITY ROAD,N,URBAN,N,N,N,,DARK (LIGHTED),CLEAR,DRY,,NO JUNCTION INVOLVED,STRAIGHT/LEVEL,ASPHALT,FOLLOWING TOO CLOSELY,REAR END,EAST17THSTFEELN,NONE
MONROE SD,BLOOMINGTON,2/22/2020,7:42 AM,1,0,0,0,0,,,,S OLD SR 37,,,600,S,38.93356528,-86.5459,COUNTY ROAD,N,RURAL,N,N,N,,DAYLIGHT,CLEAR,DRY,,NO JUNCTION INVOLVED,STRAIGHT/GRADE,ASPHALT,RAN OFF ROAD RIGHT,RAN OFF ROAD,SOUTHOLDSTATEROAD37RDWESTINGRAMRD,NONE
ELLETTSVILLE PD,ELLETTSVILLE,2/22/2020,9:05 AM,2,0,0,0,0,,,,S 1ST ST,W OAK ST,,50,S,39.230128,-86.622784,LOCAL/CITY ROAD,N,URBAN,N,N,N,,DAYLIGHT,CLEAR,DRY,,NO JUNCTION INVOLVED,STRAIGHT/GRADE,ASPHALT,FAILURE TO YIELD RIGHT OF WAY,LEFT TURN,1STOAKST,LANE CONTROL
BLOOMINGTON PD,BLOOMINGTON,2/22/2020,11:15 AM,2,0,0,0,0,,,,W BLOOMFIELD RD,S CORY LN,,,,,,LOCAL/CITY ROAD,N,URBAN,N,N,N,,DAYLIGHT,CLEAR,DRY,,T-INTERSECTION,STRAIGHT/LEVEL,ASPHALT,FAILURE TO YIELD RIGHT OF WAY,RIGHT ANGLE,BLOOMFIELDRDCORYLN,STOP SIGN
BLOOMINGTON PD,BLOOMINGTON,2/22/2020,12:50 PM,2,0,0,0,0,,,,S PATTERSON DR,W ISAACS DR,,,,39.16441,-86.55196,LOCAL/CITY ROAD,N,URBAN,Y,N,N,,DAYLIGHT,CLEAR,DRY,,FOUR-WAY INTERSECTION,STRAIGHT/LEVEL,ASPHALT,FAILURE TO YIELD RIGHT OF WAY,RIGHT ANGLE,PATTERSONDRTHIRDST,STOP SIGN
BLOOMINGTON PD,BLOOMINGTON,2/22/2020,2:15 PM,3,0,0,0,0,,,,SR 46,E 7TH ST,,,,39.167648,-86.500096,STATE ROAD,N,URBAN,N,N,N,,DAYLIGHT,CLEAR,DRY,,T-INTERSECTION,STRAIGHT/GRADE,ASPHALT,FOLLOWING TOO CLOSELY,REAR TO REAR,E7THSTSR46N,NONE
MONROE SD,BLOOMINGTON,2/22/2020,2:34 PM,2,0,0,0,0,,,,SR 37,,,1000,N,39.02275305,-86.53550942,STATE ROAD,N,RURAL,N,N,N,,DAYLIGHT,CLEAR,DRY,,INTERCHANGE,CURVE/LEVEL,ASPHALT,FOLLOWING TOO CLOSELY,SAME DIRECTION SIDESWIPE,MONROEDAMRDSR37S,NONE
MONROE SD,BLOOMINGTON,2/22/2020,3:35 PM,2,0,0,0,0,,,,SR 37,,,1000,N,39.02275305,-86.53550942,STATE ROAD,N,RURAL,N,N,N,,DAYLIGHT,CLEAR,DRY,,NO JUNCTION INVOLVED,STRAIGHT/GRADE,ASPHALT,UNSAFE SPEED,REAR END,MONROEDAMRDSR37N,NONE
INDIANA UNIV BLOOMINGTON PD,BLOOMINGTON,2/22/2020,10:00 PM,2,0,2,0,0,,,,N INDIANA AVE,ALLEY,,150,N,39.18239244,-86.52693,LOCAL/CITY ROAD,N,URBAN,N,N,N,,DARK (LIGHTED),CLEAR,DRY,,NO JUNCTION INVOLVED,STRAIGHT/LEVEL,ASPHALT,UNSAFE LANE MOVEMENT,LEFT TURN,INDIANAAVEKIRKWOODAVE,LANE CONTROL
INDIANA UNIV BLOOMINGTON PD,BLOOMINGTON,2/22/2020,10:30 PM,2,0,0,0,0,,,,S HIGHLAND AVE,E 3RD ST,,,,39.16427,-86.51772,LOCAL/CITY ROAD,N,URBAN,N,N,N,,DARK (LIGHTED),CLEAR,DRY,,NO JUNCTION INVOLVED,STRAIGHT/LEVEL,ASPHALT,UNSAFE LANE MOVEMENT,SAME DIRECTION SIDESWIPE,HIGHLANDAVETHIRDST,LANE CONTROL
INDIANA UNIV BLOOMINGTON PD,BLOOMINGTON,2/22/2020,11:39 PM,2,0,0,0,0,,,,N FEE LN,E 17TH ST,,,,39.17882,-86.51114974,LOCAL/CITY ROAD,N,URBAN,N,N,N,,DARK (LIGHTED),CLEAR,DRY,,FOUR-WAY INTERSECTION,STRAIGHT/LEVEL,ASPHALT,UNSAFE LANE MOVEMENT,SAME DIRECTION SIDESWIPE,EAST17THSTFEELN,TRAFFIC CONTROL SIGNAL
BLOOMINGTON PD,BLOOMINGTON,2/23/2020,2:25 PM,3,0,3,0,0,,,,W 2ND ST,S MAPLE ST,,,,39.161568,-86.542096,LOCAL/CITY ROAD,N,URBAN,N,N,N,,DAYLIGHT,CLEAR,DRY,,NO JUNCTION INVOLVED,STRAIGHT/GRADE,CONCRETE,FOLLOWING TOO CLOSELY,REAR END,SMAPLESTW2NDST,NONE
MONROE SD,BLOOMINGTON,2/23/2020,7:27 PM,1,0,0,0,1,,,,SR 46,,,1500,W,39.15753383,-86.40905922,STATE ROAD,N,RURAL,N,N,N,,DARK (NOT LIGHTED),CLEAR,DRY,,NO JUNCTION INVOLVED,CURVE/LEVEL,ASPHALT,ANIMAL/OBJECT IN ROADWAY,COLLISION WITH DEER,SFRIENDSHIPRDSR46E,NO PASSING ZONE
INDIANA UNIV BLOOMINGTON PD,BLOOMINGTON,2/23/2020,9:55 PM,2,0,0,0,0,,,,N JORDAN AVE,E LAW LN,,,,39.17343,-86.51545,LOCAL/CITY ROAD,N,URBAN,N,N,N,,DARK (LIGHTED),CLEAR,DRY,,FOUR-WAY INTERSECTION,STRAIGHT/GRADE,ASPHALT,FOLLOWING TOO CLOSELY,REAR END,ELAWLNNJORDANAVE,TRAFFIC CONTROL SIGNAL
BLOOMINGTON PD,BLOOMINGTON,2/24/2020,3:00 AM,1,0,0,0,0,,,,S WALNUT ST,E HILLSIDE DR,,,,39.15052,-86.53367,LOCAL/CITY ROAD,N,URBAN,N,N,N,,DARK (LIGHTED),CLEAR,DRY,,FOUR-WAY INTERSECTION,STRAIGHT/LEVEL,ASPHALT,RAN OFF ROAD RIGHT,OTHER - EXPLAIN IN NARRATIVE,EHILLSIDEDRSWALNUTST,TRAFFIC CONTROL SIGNAL
MONROE SD,BLOOMINGTON,2/24/2020,8:12 AM,1,0,0,0,0,,,,N MT TABOR RD,,,1000,N,39.41732019,-86.63336,COUNTY ROAD,N,RURAL,N,N,N,,DAYLIGHT,CLEAR,DRY,,NO JUNCTION INVOLVED,STRAIGHT/HILLCREST,ASPHALT,RAN OFF ROAD RIGHT,RAN OFF ROAD,BRIGHTONRDMOUNTTABORRD,NONE
INDIANA UNIV BLOOMINGTON PD,BLOOMINGTON,2/24/2020,8:55 AM,1,0,0,0,0,355,,,STADIUM DR,,,,,39.169981,-86.517332,LOCAL/CITY ROAD,Y,URBAN,N,N,N,,DAYLIGHT,RAIN,WET,,NO JUNCTION INVOLVED,CURVE/LEVEL,ASPHALT,UNSAFE BACKING,,NJORDANAVE,NONE
MONROE SD,BLOOMINGTON,2/24/2020,9:38 AM,2,0,0,0,0,,,,SR 46,W ARLINGTON RD,,,,39.209808,-86.582672,STATE ROAD,Y,RURAL,N,N,N,,DAYLIGHT,RAIN,WET,,FOUR-WAY INTERSECTION,STRAIGHT/LEVEL,ASPHALT,OTHER (DRIVER) - EXPLAIN IN NARRATIVE,REAR END,ARLINGTONRDSR46W,TRAFFIC CONTROL SIGNAL
BLOOMINGTON PD,BLOOMINGTON,2/24/2020,1:12 PM,3,0,0,0,0,,,,W COUNTRY CLUB DR,ENTRANCE TO WALNUT PARK SHOPPINIG CENTER,,100,W,39.13597,-86.53110134,LOCAL/CITY ROAD,N,URBAN,N,N,N,,DAYLIGHT,RAIN,WET,,FOUR-WAY INTERSECTION,STRAIGHT/LEVEL,ASPHALT,FAILURE TO YIELD RIGHT OF WAY,RIGHT ANGLE,SWALNUTSTWCOUNTRYCLUBDR,LANE CONTROL
INDIANA UNIV BLOOMINGTON PD,BLOOMINGTON,2/24/2020,4:47 PM,3,0,0,0,0,,,,S INDIANA AVE,E 3RD ST,,,,39.16408667,-86.52713166,LOCAL/CITY ROAD,N,URBAN,N,N,N,,DAYLIGHT,RAIN,WET,,FOUR-WAY INTERSECTION,STRAIGHT/GRADE,ASPHALT,FOLLOWING TOO CLOSELY,REAR END,HENDERSONSTTHIRDST,TRAFFIC CONTROL SIGNAL
MONROE SD,BLOOMINGTON,2/24/2020,4:53 PM,1,0,0,0,0,,,,SR 48,,,2640,E,0,0,STATE ROAD,N,RURAL,N,N,N,,DAYLIGHT,RAIN,WET,,NO JUNCTION INVOLVED,CURVE/LEVEL,ASPHALT,ANIMAL/OBJECT IN ROADWAY,RAN OFF ROAD,SR48WVERNALPIKE,LANE CONTROL
MONROE SD,BLOOMINGTON,2/24/2020,5:32 PM,2,0,0,0,0,,Y,,W FULLERTON PIKE,I-69 S,,,,39.1221,-86.573165,COUNTY ROAD,N,RURAL,N,N,N,,DAYLIGHT,CLEAR,DRY,,TRAFFIC CIRCLE/ROUNDABOUT,STRAIGHT/LEVEL,ASPHALT,FAILURE TO YIELD RIGHT OF WAY,SAME DIRECTION SIDESWIPE,FULLERTONPIKETIWARIBLVD,ROUNDABOUT INTERSECTION
ELLETTSVILLE PD,ELLETTSVILLE,2/25/2020,7:20 AM,2,0,0,0,0,,,,SR 46,N 5TH ST,,,,39.23352,-86.62424,STATE ROAD,N,URBAN,N,N,N,,DAWN/DUSK,RAIN,WET,,NO JUNCTION INVOLVED,STRAIGHT/GRADE,ASPHALT,FAILURE TO YIELD RIGHT OF WAY,RIGHT ANGLE,5THSTSR46W,LANE CONTROL
BLOOMINGTON PD,BLOOMINGTON,2/25/2020,7:44 AM,2,0,0,0,0,,,,SR 45,ENTRANCE TO TOWNHOUSES ON 10TH,,800,E,39.17151295,-86.49248952,LOCAL/CITY ROAD,N,URBAN,N,N,N,,DAYLIGHT,CLOUDY,WET,,NO JUNCTION INVOLVED,STRAIGHT/LEVEL,ASPHALT,FOLLOWING TOO CLOSELY,REAR END,10THSTPETEELLISDR,NONE
BLOOMINGTON PD,BLOOMINGTON,2/25/2020,9:01 AM,2,0,0,0,0,,,,SR 45,N PETE ELLIS DR,,,,39.171504,-86.495312,LOCAL/CITY ROAD,N,URBAN,N,N,N,,DAYLIGHT,RAIN,WET,,FOUR-WAY INTERSECTION,STRAIGHT/LEVEL,ASPHALT,UNSAFE LANE MOVEMENT,SAME DIRECTION SIDESWIPE,10THSTPETEELLISDR,TRAFFIC CONTROL SIGNAL
INDIANA UNIV BLOOMINGTON PD,BLOOMINGTON,2/25/2020,12:42 PM,2,0,0,0,0,,,,E 3RD ST,S SWAIN AVE,,,,0,0,LOCAL/CITY ROAD,Y,URBAN,N,N,N,,DAYLIGHT,RAIN,WET,,T-INTERSECTION,STRAIGHT/LEVEL,ASPHALT,FOLLOWING TOO CLOSELY,REAR END,3RDSTSWAINAVE,LANE CONTROL
INDIANA UNIV BLOOMINGTON PD,BLOOMINGTON,2/25/2020,12:58 PM,2,0,0,0,0,,,,E 17TH ST,N INDIANA AVE,,,,39.17902,-86.52705,LOCAL/CITY ROAD,N,URBAN,N,N,N,,DAYLIGHT,RAIN,WET,,T-INTERSECTION,STRAIGHT/LEVEL,ASPHALT,DISREGARD SIGNAL/REG SIGN,RIGHT ANGLE,EAST17THSTINDIANAAVE,STOP SIGN
BLOOMINGTON PD,BLOOMINGTON,2/25/2020,2:00 PM,2,0,0,0,0,,,,S COLLEGE MALL RD,E 2ND ST,,100,S,39.160944,-86.497696,LOCAL/CITY ROAD,N,URBAN,N,N,N,,DAYLIGHT,RAIN,WET,,NO JUNCTION INVOLVED,STRAIGHT/GRADE,ASPHALT,FAILURE TO YIELD RIGHT OF WAY,RIGHT TURN,E2NDSTSCOLLEGEMALLRD,NONE
BLOOMINGTON PD,BLOOMINGTON,2/25/2020,2:07 PM,2,0,1,0,0,,,,S WALNUT ST,W HILLSIDE DR,,,,39.15052,-86.53367,LOCAL/CITY ROAD,N,URBAN,N,N,B,,DAYLIGHT,CLEAR,WET,,FOUR-WAY INTERSECTION,STRAIGHT/LEVEL,ASPHALT,FOLLOWING TOO CLOSELY,REAR END,EHILLSIDEDRSWALNUTST,TRAFFIC CONTROL SIGNAL
BLOOMINGTON PD,BLOOMINGTON,2/25/2020,2:42 PM,2,0,2,0,0,,,,SR 46,E EASTGATE LN (N),,,,39.17024,-86.501392,LOCAL/CITY ROAD,N,URBAN,N,N,N,,DAYLIGHT,RAIN,WET,,T-INTERSECTION,STRAIGHT/LEVEL,CONCRETE,RAN OFF ROAD RIGHT,HEAD ON BETWEEN TWO MOTOR VEHICLES,EEASTGATELNSR4546BYP,TRAFFIC CONTROL SIGNAL
INDIANA UNIV BLOOMINGTON PD,BLOOMINGTON,2/25/2020,3:44 PM,2,0,0,0,0,,,,SR 46,E EASTGATE LN (N),,509,S,0,0,STATE ROAD,N,URBAN,N,N,Y,LANE CLOSURE,DAYLIGHT,CLOUDY,WET,,NO JUNCTION INVOLVED,CURVE/LEVEL,ASPHALT,FOLLOWING TOO CLOSELY,REAR END,SR45SR46,NONE
BLOOMINGTON PD,BLOOMINGTON,2/25/2020,5:52 PM,2,0,0,0,0,,,,SR 45,N WOODBRIDGE DR,,,,39.17155,-86.49087,LOCAL/CITY ROAD,N,URBAN,N,N,N,,DAYLIGHT,RAIN,WET,,FOUR-WAY INTERSECTION,STRAIGHT/LEVEL,CONCRETE,FAILURE TO YIELD RIGHT OF WAY,LEFT TURN,E10THSTNWOODBRIDGEDR,NONE
ELLETTSVILLE PD,ELLETTSVILLE,2/25/2020,5:59 PM,3,0,0,0,0,,,,SR 46,N UNION VALLEY RD,,50,E,39.21513,-86.59268432,STATE ROAD,N,URBAN,N,N,N,,DAYLIGHT,RAIN,WET,,FOUR-WAY INTERSECTION,STRAIGHT/LEVEL,ASPHALT,FAILURE TO YIELD RIGHT OF WAY,LEFT TURN,SR46WUNIONVALLEYRD,NONE
INDIANA UNIV BLOOMINGTON PD,BLOOMINGTON,2/25/2020,6:05 PM,2,0,0,0,0,,,,N JORDAN AVE,E LAW LN,,,,39.17343,-86.51545,LOCAL/CITY ROAD,N,URBAN,N,N,N,,DAWN/DUSK,RAIN,WET,,FOUR-WAY INTERSECTION,STRAIGHT/LEVEL,ASPHALT,FAILURE TO YIELD RIGHT OF WAY,LEFT TURN,JORDANAVENUELAWLANE,TRAFFIC CONTROL SIGNAL
BLOOMINGTON PD,BLOOMINGTON,2/25/2020,7:00 PM,2,0,1,0,0,,,,SR 45,N PETE ELLIS DR,,,,39.171504,-86.495312,LOCAL/CITY ROAD,N,URBAN,N,N,N,,DARK (LIGHTED),RAIN,WET,,FOUR-WAY INTERSECTION,STRAIGHT/LEVEL,ASPHALT,FAILURE TO YIELD RIGHT OF WAY,LEFT TURN,E10THSTNPETEELLISDR,TRAFFIC CONTROL SIGNAL
BLOOMINGTON PD,BLOOMINGTON,2/25/2020,7:00 PM,2,0,0,0,0,,,,S HIGH ST,E WIMBLETON LN,,,,39.14424,-86.508208,LOCAL/CITY ROAD,N,URBAN,N,N,N,,DARK (NOT LIGHTED),CLOUDY,WET,,FOUR-WAY INTERSECTION,STRAIGHT/GRADE,CONCRETE,OTHER (DRIVER) - EXPLAIN IN NARRATIVE,OPPOSITE DIRECTION SIDESWIPE,EWIMBLETONLNSHIGHST,NONE
MONROE SD,BLOOMINGTON,2/25/2020,9:34 PM,2,0,0,0,0,,,,S WALNUT ST,S ORCHARD LN,,186,S,39.09598613,-86.53121,COUNTY ROAD,N,RURAL,N,N,N,,DARK (NOT LIGHTED),CLOUDY,WET,,NO JUNCTION INVOLVED,STRAIGHT/GRADE,ASPHALT,FOLLOWING TOO CLOSELY,REAR TO REAR,ORCHARDLNSOLD37HWY,NONE
BLOOMINGTON PD,BLOOMINGTON,2/26/2020,7:43 AM,2,0,0,0,0,,,,E ROGERS RD,S THE STANDS DR,,,,39.1364,-86.504896,LOCAL/CITY ROAD,N,URBAN,N,N,N,,DAWN/DUSK,RAIN,WET,,FOUR-WAY INTERSECTION,STRAIGHT/GRADE,ASPHALT,FAILURE TO YIELD RIGHT OF WAY,RIGHT ANGLE,ROGERSRDTHESTANDSDR,STOP SIGN
MONROE SD,BLOOMINGTON,2/26/2020,8:14 AM,1,0,0,0,1,,,,SR 37,,,1000,S,39.16424,-86.480688,STATE ROAD,N,RURAL,N,Y,N,,DAYLIGHT,RAIN,WET,,NO JUNCTION INVOLVED,STRAIGHT/LEVEL,ASPHALT,ANIMAL/OBJECT IN ROADWAY,COLLISION WITH DEER,SMITHVILLERDSR37S,LANE CONTROL
BLOOMINGTON PD,BLOOMINGTON,2/26/2020,12:04 PM,2,0,0,0,0,,,,W 3RD ST,S JOHNSON AVE,,300,W,39.16464,-86.56605044,LOCAL/CITY ROAD,N,URBAN,N,N,N,,DAYLIGHT,RAIN,WET,,NO JUNCTION INVOLVED,STRAIGHT/LEVEL,ASPHALT,DRIVER DISTRACTED - EXPLAIN IN NARRATIVE,REAR END,3RDSTJOHNSONST,LANE CONTROL
INDIANA UNIV BLOOMINGTON PD,BLOOMINGTON,2/26/2020,12:40 PM,2,0,0,0,0,,,,SR 45/46,E 10TH ST,,,,0,0,STATE ROAD,N,URBAN,N,N,N,,DAYLIGHT,SNOW,WET,,FOUR-WAY INTERSECTION,STRAIGHT/LEVEL,ASPHALT,FOLLOWING TOO CLOSELY,REAR END,SR46UNIONVILLERD,TRAFFIC CONTROL SIGNAL
INDIANA UNIV BLOOMINGTON PD,BLOOMINGTON,2/26/2020,1:30 PM,2,0,0,0,0,,,,N WOODLAWN AVE,E 8TH ST,,,,39.16948,-86.52349,LOCAL/CITY ROAD,N,URBAN,N,N,N,,DAYLIGHT,BLOWING SAND/SOIL/SNOW,WET,,FOUR-WAY INTERSECTION,STRAIGHT/LEVEL,ASPHALT,IMPROPER TURNING,LEFT TURN,E8THSTWOODLAWNAVE,STOP SIGN
INDIANA UNIV BLOOMINGTON PD,BLOOMINGTON,2/26/2020,1:39 PM,2,0,0,0,0,,,,SR 45/46,E 10TH ST,,,,0,0,STATE ROAD,N,URBAN,N,N,N,,DAYLIGHT,SNOW,WET,,FOUR-WAY INTERSECTION,STRAIGHT/LEVEL,ASPHALT,FOLLOWING TOO CLOSELY,REAR END,SR46UNIONVILLERD,TRAFFIC CONTROL SIGNAL
BLOOMINGTON PD,BLOOMINGTON,2/26/2020,3:10 PM,2,0,0,0,0,220,,,E WINSLOW RD,S WALNUT ST PIKE,,,,39.136144,-86.528688,LOCAL/CITY ROAD,N,URBAN,N,N,N,,DAYLIGHT,BLOWING SAND/SOIL/SNOW,SNOW/SLUSH,,FOUR-WAY INTERSECTION,STRAIGHT/LEVEL,ASPHALT,FOLLOWING TOO CLOSELY,REAR END,EWINSLOWRDSWALNUTSTPIKE,NONE
ELLETTSVILLE PD,ELLETTSVILLE,2/26/2020,3:44 PM,2,0,0,0,0,,,,W ARLINGTON RD,N SHELBURNE DR,,30,E,39.207601,-86.57370501,STATE ROAD,N,URBAN,N,N,N,,DAYLIGHT,SNOW,WET,,NO JUNCTION INVOLVED,STRAIGHT/LEVEL,ASPHALT,FOLLOWING TOO CLOSELY,REAR END,SR46SR46E,NONE
INDIANA UNIV BLOOMINGTON PD,BLOOMINGTON,2/26/2020,4:08 PM,4,0,3,0,0,,,,SR 45/46,E 10TH ST,,376,N,0,0,STATE ROAD,N,URBAN,N,N,N,,DAYLIGHT,BLOWING SAND/SOIL/SNOW,WET,,NO JUNCTION INVOLVED,STRAIGHT/LEVEL,ASPHALT,DRIVER DISTRACTED - EXPLAIN IN NARRATIVE,REAR END,SR45SR46,NONE
MONROE SD,BLOOMINGTON,2/26/2020,5:04 PM,2,0,0,0,0,4025,,,S WALNUT ST,ENTRANCE TO CLEAR CREEK CROSSING,,,,39.137088,-86.53056,UNKNOWN,N,RURAL,N,N,N,,DAYLIGHT,CLOUDY,DRY,,NO JUNCTION INVOLVED,STRAIGHT/LEVEL,ASPHALT,IMPROPER TURNING,RIGHT TURN,SOLDSTATE37RD,NONE
BLOOMINGTON PD,BLOOMINGTON,2/26/2020,5:05 PM,2,0,0,0,0,,,,E HILLSIDE DR,S HENDERSON ST,,100,W,39.15064,-86.52696,LOCAL/CITY ROAD,N,URBAN,Y,N,N,,DAYLIGHT,BLOWING SAND/SOIL/SNOW,SNOW/SLUSH,,T-INTERSECTION,STRAIGHT/GRADE,ASPHALT,FAILURE TO YIELD RIGHT OF WAY,RIGHT ANGLE,EHILLSIDEDRSHENDERSONST,STOP SIGN