Agency,City,Collision Date,Collision Time,Vehicles Involved,Trailers Involved,Number Injured,Number Dead,Number Deer,House Number,Roadway Interchange,Roadway Ramp,Roadway Id,Intersecting Road,Interchange,Feet From,Direction,Latitude,Longitude,Roadway Class,Hit and Run?,Locality,School Zone?,Rumble Strips?,Construction?,Construction Type,Light Condition,Weather Conditions,Surface Condition,Type of Median,Roadway Junction Type,Road Character,Roadway Surface,Primary Factor,Manner of Collision,Unique Location Id,Traffic Control
INDIANA UNIV BLOOMINGTON PD,BLOOMINGTON,2/26/2020,10:00 PM,2,0,0,0,0,,,,E 10TH ST,N WOODLAWN AVE,,,,39.17164,-86.52351,LOCAL/CITY ROAD,N,URBAN,N,N,N,,DARK (LIGHTED),SNOW,WET,,FOUR-WAY INTERSECTION,STRAIGHT/LEVEL,ASPHALT,SPEED TOO FAST FOR WEATHER CONDITIONS,REAR END,TENTHSTWOODLAWNAVE,TRAFFIC CONTROL SIGNAL
BLOOMINGTON PD,BLOOMINGTON,2/26/2020,11:17 PM,2,0,0,0,0,,,,E 2ND ST,N WOODSCREST DR,,,,39.16092,-86.50245,LOCAL/CITY ROAD,N,URBAN,N,N,N,,DARK (LIGHTED),SNOW,ICE,,NO JUNCTION INVOLVED,STRAIGHT/LEVEL,ASPHALT,UNSAFE LANE MOVEMENT,SAME DIRECTION SIDESWIPE,2NDSTWOODCRESTDR,STOP SIGN
BLOOMINGTON PD,BLOOMINGTON,2/27/2020,1:25 AM,2,0,0,0,0,,,,E ATWATER AVE,S ROSE AVE,,,,39.1631,-86.51093,LOCAL/CITY ROAD,N,URBAN,N,N,N,,DARK (LIGHTED),CLEAR,ICE,,FOUR-WAY INTERSECTION,STRAIGHT/GRADE,ASPHALT,OTHER (DRIVER) - EXPLAIN IN NARRATIVE,REAR END,ATWATERAVEROSEAVE,NONE
MONROE SD,BLOOMINGTON,2/27/2020,7:03 AM,1,0,0,0,1,,,,SR 37,,,800,S,39.09078654,-86.54541038,STATE ROAD,N,RURAL,N,Y,N,,DAWN/DUSK,CLEAR,DRY,,NO JUNCTION INVOLVED,STRAIGHT/LEVEL,ASPHALT,ANIMAL/OBJECT IN ROADWAY,COLLISION WITH DEER,SR37NWDILLMANRD,NONE
MONROE SD,BLOOMINGTON,2/27/2020,7:39 AM,2,0,0,0,0,,,,N MAPLE GROVE RD,W ACUFF RD,,,,39.206352,-86.557696,COUNTY ROAD,N,RURAL,N,N,N,,DAYLIGHT,CLEAR,ICE,,T-INTERSECTION,CURVE/GRADE,ASPHALT,ROADWAY SURFACE CONDITION,OPPOSITE DIRECTION SIDESWIPE,ACUFFRDMAPLEGROVERD,NONE
MONROE SD,BLOOMINGTON,2/27/2020,7:45 AM,2,0,0,0,0,,,,N PROW RD,ENTRANCE TO BLOOMINGTON HIGH SCHOOL NORTH,,2500,N,39.192352,-86.552592,LOCAL/CITY ROAD,N,URBAN,Y,N,N,,DAWN/DUSK,CLEAR,ICE,,NO JUNCTION INVOLVED,STRAIGHT/LEVEL,ASPHALT,FOLLOWING TOO CLOSELY,REAR END,NPROWRDWARLINGTONRD,NONE
INDIANA UNIV BLOOMINGTON PD,BLOOMINGTON,2/27/2020,9:05 AM,1,0,1,0,0,,,,E 10TH ST,N JORDAN AVE,,,,39.17159,-86.51567,LOCAL/CITY ROAD,N,URBAN,N,N,N,,DAYLIGHT,CLEAR,DRY,,FOUR-WAY INTERSECTION,STRAIGHT/LEVEL,ASPHALT,FAILURE TO YIELD RIGHT OF WAY,LEFT TURN,JORDANAVETENTHST,TRAFFIC CONTROL SIGNAL
BLOOMINGTON PD,BLOOMINGTON,2/27/2020,11:51 AM,2,0,0,0,0,,Y,,I-69 S,SR 48,,,,0,0,INTERSTATE,N,URBAN,N,N,N,,DAYLIGHT,CLOUDY,DRY,,RAMP,STRAIGHT/GRADE,ASPHALT,FOLLOWING TOO CLOSELY,REAR END,3RDSTI69S,LANE CONTROL
BLOOMINGTON PD,BLOOMINGTON,2/27/2020,12:01 PM,2,0,0,0,0,,,,E WINSLOW RD,ACADIA CT,,,,39.136048,-86.518496,LOCAL/CITY ROAD,N,URBAN,N,N,N,,DAYLIGHT,CLOUDY,DRY,,T-INTERSECTION,STRAIGHT/GRADE,ASPHALT,FAILURE TO YIELD RIGHT OF WAY,RIGHT ANGLE,ACADIACTWINSLOWRD,STOP SIGN
BLOOMINGTON PD,BLOOMINGTON,2/27/2020,5:39 PM,2,0,0,0,0,,,,E 3RD ST,S CLARK ST,,,,39.164288,-86.5048,LOCAL/CITY ROAD,Y,URBAN,N,N,N,,DAYLIGHT,CLEAR,DRY,,NO JUNCTION INVOLVED,STRAIGHT/GRADE,ASPHALT,FOLLOWING TOO CLOSELY,REAR END,E3RDSTSCLARKST,NONE
MONROE SD,BLOOMINGTON,2/27/2020,7:18 PM,1,0,0,0,1,,,,S VICTOR PIKE,,,540,S,39.093088,-86.559312,LOCAL/CITY ROAD,N,RURAL,N,N,N,,DARK (NOT LIGHTED),CLOUDY,DRY,,NO JUNCTION INVOLVED,STRAIGHT/GRADE,CONCRETE,ANIMAL/OBJECT IN ROADWAY,COLLISION WITH DEER,SVICTORPIKEWDILLMANRD,NONE
MONROE SD,BLOOMINGTON,2/27/2020,7:42 PM,1,0,0,0,0,,,,W THRASHER RD,,,800,W,39.016256,-86.562496,LOCAL/CITY ROAD,N,RURAL,N,N,N,,DARK (NOT LIGHTED),CLEAR,DRY,,NO JUNCTION INVOLVED,STRAIGHT/GRADE,ASPHALT,RAN OFF ROAD RIGHT,RAN OFF ROAD,SKETCHAMRDWTHRASHERRD,NONE
BLOOMINGTON PD,BLOOMINGTON,2/27/2020,8:00 PM,2,0,0,0,0,,,,S HENDERSON ST,E BRENDA LN,,,,39.151952,-86.526976,LOCAL/CITY ROAD,Y,URBAN,Y,N,N,,DARK (LIGHTED),CLEAR,DRY,,T-INTERSECTION,STRAIGHT/GRADE,ASPHALT,LEFT OF CENTER,OPPOSITE DIRECTION SIDESWIPE,EBRENDALNSHENDERSONST,LANE CONTROL
BLOOMINGTON PD,BLOOMINGTON,2/27/2020,8:04 PM,2,0,1,0,0,,,,S WALNUT ST,E WINSLOW RD,,100,S,39.136144,-86.528688,LOCAL/CITY ROAD,N,URBAN,N,N,N,,DARK (LIGHTED),CLEAR,DRY,,NO JUNCTION INVOLVED,CURVE/GRADE,ASPHALT,LEFT OF CENTER,HEAD ON BETWEEN TWO MOTOR VEHICLES,EWINSLOWRDSWALNUTST,NONE
INDIANA UNIV BLOOMINGTON PD,BLOOMINGTON,2/27/2020,8:10 PM,2,0,0,0,0,,,,S INDIANA AVE,E 3RD ST,,,,39.16408667,-86.52713166,LOCAL/CITY ROAD,Y,URBAN,N,N,N,,DARK (LIGHTED),CLOUDY,DRY,,NO JUNCTION INVOLVED,STRAIGHT/GRADE,ASPHALT,UNSAFE LANE MOVEMENT,SAME DIRECTION SIDESWIPE,HENDERSONSTTHIRDST,LANE CONTROL
INDIANA UNIV BLOOMINGTON PD,BLOOMINGTON,2/27/2020,8:15 PM,2,0,0,0,0,,,,N INDIANA AVE,E 10TH ST,,,,39.17167,-86.527,LOCAL/CITY ROAD,Y,URBAN,N,N,N,,DARK (LIGHTED),CLOUDY,DRY,,FOUR-WAY INTERSECTION,STRAIGHT/LEVEL,ASPHALT,OTHER (DRIVER) - EXPLAIN IN NARRATIVE,REAR END,INDIANAAVETENTHST,TRAFFIC CONTROL SIGNAL
INDIANA UNIV BLOOMINGTON PD,BLOOMINGTON,2/27/2020,9:00 PM,1,0,1,0,0,,,,N PETE ELLIS DR,SR 45,,,,0,0,LOCAL/CITY ROAD,N,URBAN,N,N,N,,DARK (LIGHTED),CLEAR,DRY,,FOUR-WAY INTERSECTION,STRAIGHT/GRADE,ASPHALT,FAILURE TO YIELD RIGHT OF WAY,RIGHT ANGLE,PETEELLISDRSR45,TRAFFIC CONTROL SIGNAL
MONROE SD,BLOOMINGTON,2/28/2020,12:05 AM,1,0,0,0,0,375,,,N HARTSTRAIT RD,,,1660,N,0,0,LOCAL/CITY ROAD,N,RURAL,N,N,N,,DARK (NOT LIGHTED),BLOWING SAND/SOIL/SNOW,WET,,NO JUNCTION INVOLVED,STRAIGHT/GRADE,ASPHALT,SPEED TOO FAST FOR WEATHER CONDITIONS,RAN OFF ROAD,NHARTSTRAITRDSR48W,LANE CONTROL
MONROE SD,BLOOMINGTON,2/28/2020,6:18 AM,1,0,0,0,1,,,,N BOTTOM RD,,,2700,S,39.24744,-86.547792,LOCAL/CITY ROAD,N,RURAL,N,N,N,,DAYLIGHT,SNOW,WET,,NO JUNCTION INVOLVED,CURVE/LEVEL,ASPHALT,ANIMAL/OBJECT IN ROADWAY,COLLISION WITH DEER,NBOTTOMRDWMAPLEGROVERD,NONE
BLOOMINGTON PD,BLOOMINGTON,2/28/2020,7:27 AM,2,0,0,0,0,,,,S PATTERSON DR,W 3RD ST (N),,,,39.16441,-86.55196,LOCAL/CITY ROAD,N,URBAN,N,N,N,,DAYLIGHT,CLOUDY,WET,,FOUR-WAY INTERSECTION,STRAIGHT/GRADE,ASPHALT,UNSAFE BACKING,BACKING CRASH,PATTERSONDRTHIRDST,TRAFFIC CONTROL SIGNAL
BLOOMINGTON PD,BLOOMINGTON,2/28/2020,7:28 AM,2,0,0,0,0,,,,S COLLEGE MALL RD,E 2ND ST,,,,39.16094,-86.4977,LOCAL/CITY ROAD,N,URBAN,N,N,N,,DAYLIGHT,CLEAR,DRY,,FOUR-WAY INTERSECTION,STRAIGHT/LEVEL,ASPHALT,FAILURE TO YIELD RIGHT OF WAY,SAME DIRECTION SIDESWIPE,E2NDSTSCOLLEGEMALLRD,TRAFFIC CONTROL SIGNAL
BLOOMINGTON PD,BLOOMINGTON,2/28/2020,11:30 AM,2,0,0,0,0,,,,W 14TH ST,N WALNUT ST,,,,39.175952,-86.53344,LOCAL/CITY ROAD,N,URBAN,N,N,N,,DAYLIGHT,CLOUDY,DRY,,FOUR-WAY INTERSECTION,STRAIGHT/GRADE,ASPHALT,FAILURE TO YIELD RIGHT OF WAY,RIGHT ANGLE,14THSTNWALNUTST,STOP SIGN
INDIANA UNIV BLOOMINGTON PD,BLOOMINGTON,2/28/2020,12:00 PM,2,0,0,0,0,,,,E 10TH ST,N FEE LN,,,,39.17161,-86.51902,LOCAL/CITY ROAD,N,URBAN,N,N,N,,DAYLIGHT,CLEAR,DRY,,T-INTERSECTION,STRAIGHT/LEVEL,ASPHALT,UNSAFE BACKING,BACKING CRASH,FEELNTENTHST,TRAFFIC CONTROL SIGNAL
ELLETTSVILLE PD,ELLETTSVILLE,2/28/2020,12:35 PM,2,0,0,0,0,,,,W RATLIFF RD,,,2000,W,39.213825,-86.61057577,COUNTY ROAD,N,RURAL,N,N,N,,DAYLIGHT,CLEAR,DRY,,NO JUNCTION INVOLVED,STRAIGHT/HILLCREST,ASPHALT,BRAKE FAILURE OR DEFECTIVE,SAME DIRECTION SIDESWIPE,4100HARTSTRAITRDRATLIFFRD,LANE CONTROL
BLOOMINGTON PD,BLOOMINGTON,2/28/2020,3:21 PM,2,0,0,0,0,,,,SR 46,S PETE ELLIS DR,,,,39.16424,-86.495088,LOCAL/CITY ROAD,N,URBAN,N,N,N,,DAYLIGHT,CLOUDY,WET,,FOUR-WAY INTERSECTION,STRAIGHT/LEVEL,ASPHALT,FAILURE TO YIELD RIGHT OF WAY,LEFT TURN,E3RDSTSPETEELLISDR,TRAFFIC CONTROL SIGNAL
ELLETTSVILLE PD,ELLETTSVILLE,2/28/2020,3:44 PM,3,0,0,0,0,,,,SR 46,,,600,W,39.25398661,-86.65466312,STATE ROAD,N,RURAL,N,N,N,,DAYLIGHT,SNOW,WET,,NO JUNCTION INVOLVED,STRAIGHT/LEVEL,ASPHALT,FOLLOWING TOO CLOSELY,REAR END,FLATWOODSRDSR46E,NONE
INDIANA UNIV BLOOMINGTON PD,BLOOMINGTON,2/28/2020,6:40 PM,2,0,0,0,0,,,,E 3RD ST,N UNION ST,,,,0,0,LOCAL/CITY ROAD,N,URBAN,N,N,N,,DARK (LIGHTED),SNOW,WET,,T-INTERSECTION,STRAIGHT/LEVEL,ASPHALT,FAILURE TO YIELD RIGHT OF WAY,HEAD ON BETWEEN TWO MOTOR VEHICLES,THIRDSTUNIONST,STOP SIGN
BLOOMINGTON PD,BLOOMINGTON,2/28/2020,7:21 PM,2,0,0,0,0,,,,SR 46,E 7TH ST,,,,39.167648,-86.500096,STATE ROAD,N,URBAN,N,N,N,,DARK (NOT LIGHTED),CLOUDY,WET,,T-INTERSECTION,STRAIGHT/GRADE,ASPHALT,FOLLOWING TOO CLOSELY,REAR END,E7THSTSR4546E,STOP SIGN
INDIANA UNIV BLOOMINGTON PD,BLOOMINGTON,2/28/2020,9:34 PM,2,0,0,0,0,,,,S WOODLAWN AVE,E 3RD ST,,,,39.16425,-86.52262,LOCAL/CITY ROAD,N,URBAN,N,N,N,,DARK (LIGHTED),SNOW,WET,,T-INTERSECTION,STRAIGHT/LEVEL,ASPHALT,DISREGARD SIGNAL/REG SIGN,SAME DIRECTION SIDESWIPE,THIRDSTWOODLAWNAVE,TRAFFIC CONTROL SIGNAL
INDIANA UNIV BLOOMINGTON PD,BLOOMINGTON,2/29/2020,8:00 AM,2,0,0,0,0,,,,E LINGELBACH LN,N UNION ST,,,,0,0,LOCAL/CITY ROAD,Y,URBAN,N,N,Y,WORK ON SHOULDER,UNKNOWN,CLEAR,DRY,,NO JUNCTION INVOLVED,CURVE/GRADE,ASPHALT,OTHER (VEHICLE) - EXPLAIN IN NARRATIVE,OTHER - EXPLAIN IN NARRATIVE,ELINGELBACHLNNUNIONST,NONE
BLOOMINGTON PD,BLOOMINGTON,2/29/2020,1:24 PM,3,0,0,0,0,,,,SR 46,E EASTGATE LN (N),,,,39.17013,-86.50155,LOCAL/CITY ROAD,N,URBAN,N,N,N,,DAYLIGHT,CLEAR,DRY,,T-INTERSECTION,STRAIGHT/LEVEL,ASPHALT,FOLLOWING TOO CLOSELY,REAR END,EEASTGATELNSR46HWY,NONE
MONROE SD,BLOOMINGTON,2/29/2020,3:04 PM,1,0,0,0,0,,,,W TAPP RD,S DANLYN RD,,,,39.1368,-86.57612,LOCAL/CITY ROAD,N,URBAN,N,N,N,,DAYLIGHT,CLEAR,DRY,,TRAFFIC CIRCLE/ROUNDABOUT,CURVE/GRADE,ASPHALT,OVERCORRECTING/OVERSTEERING,OTHER - EXPLAIN IN NARRATIVE,SDANLYNRDWTAPPRD,ROUNDABOUT INTERSECTION
MONROE SD,BLOOMINGTON,2/29/2020,6:32 PM,1,0,2,0,0,,,,N WAYPORT RD,,,1478,N,0,0,LOCAL/CITY ROAD,N,RURAL,N,N,N,,DAYLIGHT,CLEAR,DRY,,NO JUNCTION INVOLVED,CURVE/LEVEL,ASPHALT,LEFT OF CENTER,RAN OFF ROAD,ESAMPLERDNWAYPORTRD,NONE
MONROE SD,BLOOMINGTON,3/1/2020,7:23 AM,1,0,0,0,0,,,,W REEVES RD,,,1000,W,39.231344,-86.640096,COUNTY ROAD,Y,RURAL,N,N,N,,UNKNOWN,CLEAR,DRY,,NO JUNCTION INVOLVED,STRAIGHT/LEVEL,ASPHALT,RAN OFF ROAD RIGHT,RAN OFF ROAD,LOUDENRDWREEEVESRD,LANE CONTROL
INDIANA UNIV BLOOMINGTON PD,BLOOMINGTON,3/1/2020,12:42 PM,2,0,0,0,0,,,,SR 45/46,E 10TH ST,,,,0,0,STATE ROAD,N,URBAN,N,N,N,,DAYLIGHT,CLEAR,DRY,,FOUR-WAY INTERSECTION,STRAIGHT/LEVEL,ASPHALT,FOLLOWING TOO CLOSELY,REAR END,SR4610THSTREET,TRAFFIC CONTROL SIGNAL
INDIANA UNIV BLOOMINGTON PD,BLOOMINGTON,3/1/2020,12:42 PM,2,0,0,0,0,,,,SR 45/46,E 10TH ST,,,,39.171648,-86.502096,STATE ROAD,N,URBAN,N,N,N,,DAYLIGHT,CLEAR,DRY,,FOUR-WAY INTERSECTION,STRAIGHT/LEVEL,ASPHALT,FOLLOWING TOO CLOSELY,REAR END,SR4610THSTREET,TRAFFIC CONTROL SIGNAL
BLOOMINGTON PD,BLOOMINGTON,3/1/2020,1:45 PM,2,0,1,0,0,,,,W COUNTRY CLUB DR,B-LINE TRAIL,,600,E,39.136048,-86.536992,LOCAL/CITY ROAD,N,URBAN,N,N,N,,DAYLIGHT,CLEAR,DRY,,FOUR-WAY INTERSECTION,STRAIGHT/GRADE,ASPHALT,FOLLOWING TOO CLOSELY,REAR END,SMADISONSTWCOUNTRYCLUBDR,NONE
BLOOMINGTON PD,BLOOMINGTON,3/1/2020,4:40 PM,2,0,0,0,0,,,,SR 48,ENTRANCE TO KROGER FUEL CENTER,,250,W,39.16461,-86.57910835,LOCAL/CITY ROAD,N,URBAN,N,N,N,,DAYLIGHT,CLEAR,DRY,,T-INTERSECTION,STRAIGHT/GRADE,ASPHALT,FAILURE TO YIELD RIGHT OF WAY,RIGHT ANGLE,SLIBERTYDRW3RDST,STOP SIGN
BLOOMINGTON PD,BLOOMINGTON,3/1/2020,5:00 PM,1,0,0,0,0,,37,4,I-69 N,SR 45/46,,,,0,0,INTERSTATE,N,RURAL,N,N,N,,DAYLIGHT,CLOUDY,LOOSE MATERIAL ON ROAD,,RAMP,CURVE/GRADE,ASPHALT,RAN OFF ROAD RIGHT,RAN OFF ROAD,I69N,NONE
BLOOMINGTON PD,BLOOMINGTON,3/1/2020,7:05 PM,1,0,0,0,1,,,,W TAPP RD,,,200,E,39.16567114,-86.55020711,LOCAL/CITY ROAD,N,URBAN,N,N,N,,DARK (NOT LIGHTED),CLEAR,DRY,,NO JUNCTION INVOLVED,STRAIGHT/LEVEL,ASPHALT,ANIMAL/OBJECT IN ROADWAY,COLLISION WITH DEER,SADAMSSTTAPPRD,ROUNDABOUT INTERSECTION
MONROE SD,BLOOMINGTON,3/2/2020,3:29 AM,2,0,0,0,0,,,,W OLD SR 37,,,2000,N,39.222544,-86.5172,COUNTY ROAD,N,RURAL,N,N,N,,DARK (NOT LIGHTED),RAIN,WET,,NO JUNCTION INVOLVED,STRAIGHT/GRADE,ASPHALT,FAILURE TO YIELD RIGHT OF WAY,HEAD ON BETWEEN TWO MOTOR VEHICLES,NOLDSTATEROAD37HWYWHISNANDRD,NONE
ELLETTSVILLE PD,ELLETTSVILLE,3/2/2020,7:17 AM,2,0,0,0,0,,,,SR 46,N HARTSTRAIT RD,,,,39.22766,-86.61594,STATE ROAD,N,URBAN,N,N,N,,DAWN/DUSK,RAIN,WET,,FOUR-WAY INTERSECTION,STRAIGHT/LEVEL,ASPHALT,FOLLOWING TOO CLOSELY,REAR END,HARTSTRAITRDSR46W,TRAFFIC CONTROL SIGNAL
MONROE SD,BLOOMINGTON,3/2/2020,8:06 AM,1,0,0,0,0,,,,SR 46,N STINESVILLE RD,,,,39.2668,-86.66569,STATE ROAD,N,RURAL,N,N,N,,DAYLIGHT,RAIN,WET,,T-INTERSECTION,STRAIGHT/LEVEL,ASPHALT,ANIMAL/OBJECT IN ROADWAY,COLLISION WITH ANIMAL OTHER,SR46WSTINESVILLERD,NONE
INDIANA UNIV BLOOMINGTON PD,BLOOMINGTON,3/2/2020,12:30 PM,2,0,0,0,0,,,,SR 45/46,E DISCOVERY PKWY,,,,39.16500353,-86.42988849,STATE ROAD,N,URBAN,N,N,Y,LANE CLOSURE,DAYLIGHT,RAIN,WET,,NO JUNCTION INVOLVED,STRAIGHT/LEVEL,ASPHALT,FOLLOWING TOO CLOSELY,REAR END,SR46DISCOVERYPARKWAY,OFFICER/CROSSING GUARD/FLAGMAN
INDIANA UNIV BLOOMINGTON PD,BLOOMINGTON,3/2/2020,12:30 PM,2,0,0,0,0,,,,SR 45/46,E DISCOVERY PKWY,,,,39.16500353,-86.42988849,STATE ROAD,N,URBAN,N,N,Y,LANE CLOSURE,DAYLIGHT,RAIN,WET,,NO JUNCTION INVOLVED,STRAIGHT/LEVEL,ASPHALT,FOLLOWING TOO CLOSELY,REAR END,SR46DISCOVERYPARKWAY,OFFICER/CROSSING GUARD/FLAGMAN
INDIANA UNIV BLOOMINGTON PD,BLOOMINGTON,3/2/2020,2:50 PM,2,0,0,0,0,,,,SR 45/46,E 10TH ST,,73,S,0,0,STATE ROAD,N,URBAN,N,N,N,,DAYLIGHT,CLOUDY,WET,,NO JUNCTION INVOLVED,STRAIGHT/LEVEL,ASPHALT,FOLLOWING TOO CLOSELY,REAR END,SR45SR46,NONE
BLOOMINGTON PD,BLOOMINGTON,3/2/2020,4:23 PM,2,0,0,0,0,,,,S WALNUT ST,E RIDGEVIEW DR,,,,39.13197,-86.53144,LOCAL/CITY ROAD,N,URBAN,N,N,N,,DAYLIGHT,CLOUDY,WET,,NO JUNCTION INVOLVED,STRAIGHT/LEVEL,ASPHALT,FOLLOWING TOO CLOSELY,REAR END,ERIDGEVIEWDRSWALNUTST,NONE
MONROE SD,BLOOMINGTON,3/2/2020,5:22 PM,2,0,0,0,0,,,,W TAPP RD,S RAYLE PL,,,,39.13704,-86.577504,LOCAL/CITY ROAD,N,URBAN,N,N,N,,DAYLIGHT,CLOUDY,DRY,,T-INTERSECTION,STRAIGHT/LEVEL,ASPHALT,FAILURE TO YIELD RIGHT OF WAY,RIGHT ANGLE,SRAYLEPLWTAPPRD,STOP SIGN
BLOOMINGTON PD,BLOOMINGTON,3/2/2020,5:40 PM,2,0,0,0,0,,,,S WOODSCREST DR,E 3RD ST,,,,39.164272,-86.502416,LOCAL/CITY ROAD,N,URBAN,N,N,N,,DAYLIGHT,CLEAR,DRY,,FOUR-WAY INTERSECTION,STRAIGHT/LEVEL,ASPHALT,FOLLOWING TOO CLOSELY,REAR END,EAST3RDSTSOUTHWOODSCRESTDR,TRAFFIC CONTROL SIGNAL
BLOOMINGTON PD,BLOOMINGTON,3/3/2020,7:18 AM,2,0,0,0,0,,,,W BLOOMFIELD RD,S ROLLING RIDGE WAY,,,,39.15496,-86.56323,LOCAL/CITY ROAD,N,URBAN,N,N,N,,DAYLIGHT,CLOUDY,WET,,FOUR-WAY INTERSECTION,STRAIGHT/LEVEL,ASPHALT,OTHER (DRIVER) - EXPLAIN IN NARRATIVE,REAR END,BLOOMFIELDRDROLLINGRIDGEWAY,TRAFFIC CONTROL SIGNAL
INDIANA UNIV BLOOMINGTON PD,BLOOMINGTON,3/3/2020,8:15 AM,2,0,0,0,0,,,,SR 46,SR 45,,117,S,0,0,STATE ROAD,N,URBAN,N,N,N,,DAYLIGHT,CLOUDY,WET,,NO JUNCTION INVOLVED,STRAIGHT/LEVEL,ASPHALT,FOLLOWING TOO CLOSELY,REAR END,SR46UNIONVILLERD,NONE
ISP BLOOMINGTON 33,BLOOMINGTON,3/3/2020,8:54 AM,1,,0,0,0,,,,W BLOOMFIELD RD,,,700,W,39.15303167,-86.56621409,LOCAL/CITY ROAD,,URBAN,N,N,N,,DAYLIGHT,CLOUDY,WET,,NO JUNCTION INVOLVED,,ASPHALT,,RAN OFF ROAD,BLOOMFIELDRD700FTWOFWEIMERROAD,
MONROE SD,BLOOMINGTON,3/3/2020,11:19 AM,2,0,0,0,0,,,,S HARRELL RD,E STIPP RD,,50,N,39.12368095,-86.49868674,COUNTY ROAD,Y,RURAL,N,N,N,,DAYLIGHT,CLEAR,DRY,,NO JUNCTION INVOLVED,STRAIGHT/HILLCREST,ASPHALT,LEFT OF CENTER,OPPOSITE DIRECTION SIDESWIPE,EASTMOFFETTRDSOUTHHARRELLRD,FLASHING OVERHEAD BEACON
ISP BLOOMINGTON 33,BLOOMINGTON,3/3/2020,1:25 PM,3,,1,0,0,,,,E HILLSIDE DR,S HENDERSON ST,,400,E,39.150544,-86.52604525,LOCAL/CITY ROAD,,URBAN,Y,N,N,,DAYLIGHT,CLEAR,DRY,,NO JUNCTION INVOLVED,,ASPHALT,UNSAFE SPEED,REAR END,EHILLSIDEDRSHENDERSONST,
MONROE SD,BLOOMINGTON,3/3/2020,3:53 PM,1,0,0,0,0,790,,,N HARTSTRAIT RD,,,1000,N,39.164944,-86.611296,COUNTY ROAD,N,RURAL,N,N,N,,DAYLIGHT,CLEAR,DRY,,FOUR-WAY INTERSECTION,STRAIGHT/HILLCREST,ASPHALT,RAN OFF ROAD RIGHT,RAN OFF ROAD,NHARTSTRAITRDWSTATE48RD,NONE
INDIANA UNIV BLOOMINGTON PD,BLOOMINGTON,3/3/2020,4:27 PM,1,0,1,0,0,,,,E 10TH ST,N WALNUT GROVE ST,,,,,,LOCAL/CITY ROAD,N,URBAN,N,N,N,,DAYLIGHT,CLOUDY,DRY,,T-INTERSECTION,STRAIGHT/LEVEL,ASPHALT,FAILURE TO YIELD RIGHT OF WAY,LEFT TURN,TENTHSTWALNUTGROVEST,LANE CONTROL
BLOOMINGTON PD,BLOOMINGTON,3/3/2020,5:22 PM,1,0,1,0,0,106,,,E 2ND ST,S WALNUT ST,,,,39.161088,-86.533223,LOCAL/CITY ROAD,N,URBAN,N,N,N,,DAYLIGHT,CLEAR,DRY,,NO JUNCTION INVOLVED,STRAIGHT/LEVEL,ASPHALT,PEDESTRIAN ACTION,RIGHT ANGLE,E2NDST,NONE
BLOOMINGTON PD,BLOOMINGTON,3/3/2020,5:50 PM,3,0,0,0,0,,,,SR 46,SR 46,,200,N,39.164448,-86.471888,LOCAL/CITY ROAD,N,URBAN,N,N,N,,DAYLIGHT,CLEAR,DRY,,NO JUNCTION INVOLVED,STRAIGHT/LEVEL,ASPHALT,FOLLOWING TOO CLOSELY,REAR END,E3RDSTSR4546BYP,NONE
MONROE SD,BLOOMINGTON,3/3/2020,10:42 PM,1,0,1,0,0,,,,SR 45,N BRUMMETTS CREEK RD,,300,E,0,0,STATE ROAD,N,RURAL,N,N,N,,DARK (NOT LIGHTED),CLEAR,DRY,,NO JUNCTION INVOLVED,STRAIGHT/GRADE,ASPHALT,UNSAFE SPEED,RAN OFF ROAD,NFLOYDDRSR45E,NONE
BLOOMINGTON PD,BLOOMINGTON,3/3/2020,10:49 PM,2,0,0,0,0,,,,S ROGERS ST,W 2ND ST,,,,39.16139,-86.5387,LOCAL/CITY ROAD,N,URBAN,N,N,N,,DARK (LIGHTED),CLEAR,DRY,,INTERCHANGE,STRAIGHT/LEVEL,ASPHALT,DISREGARD SIGNAL/REG SIGN,OPPOSITE DIRECTION SIDESWIPE,SROGERSSTSECONDST,TRAFFIC CONTROL SIGNAL
MONROE SD,BLOOMINGTON,3/4/2020,6:06 AM,1,0,0,0,1,,,,SR 446,,,500,S,39.06594967,-86.4299,STATE ROAD,N,RURAL,N,N,N,,DARK (NOT LIGHTED),CLEAR,DRY,,NO JUNCTION INVOLVED,STRAIGHT/LEVEL,ASPHALT,ANIMAL/OBJECT IN ROADWAY,COLLISION WITH DEER,KNIGHTRIDGERDSR446S,NONE
BLOOMINGTON PD,BLOOMINGTON,3/4/2020,7:36 AM,3,0,0,0,0,,,,W COUNTRY CLUB DR,S MILTON DR,,100,W,39.136128,-86.539184,LOCAL/CITY ROAD,N,URBAN,N,N,N,,DAYLIGHT,CLOUDY,DRY,,NO JUNCTION INVOLVED,STRAIGHT/GRADE,ASPHALT,FOLLOWING TOO CLOSELY,REAR END,SMILTONDRWCOUNTRYCLUBDR,LANE CONTROL