Agency,City,Collision Date,Collision Time,Vehicles Involved,Trailers Involved,Number Injured,Number Dead,Number Deer,House Number,Roadway Interchange,Roadway Ramp,Roadway Id,Intersecting Road,Interchange,Feet From,Direction,Latitude,Longitude,Roadway Class,Hit and Run?,Locality,School Zone?,Rumble Strips?,Construction?,Construction Type,Light Condition,Weather Conditions,Surface Condition,Type of Median,Roadway Junction Type,Road Character,Roadway Surface,Primary Factor,Manner of Collision,Unique Location Id,Traffic Control
BLOOMINGTON PD,BLOOMINGTON,3/21/2020,12:32 AM,1,1,0,0,0,,,,I-69 N,W 3RD ST,,100,N,0,0,INTERSTATE,N,URBAN,N,N,N,,DARK (LIGHTED),CLEAR,DRY,,INTERCHANGE,STRAIGHT/LEVEL,ASPHALT,RAN OFF ROAD RIGHT,RAN OFF ROAD,I69N117,LANE CONTROL
ISP BLOOMINGTON 33,ELLETTSVILLE,3/21/2020,10:55 AM,1,,0,0,0,8807,,,SR 46,,,0,S,39.26377457,-86.66285232,STATE ROAD,,RURAL,N,N,N,,DAYLIGHT,CLOUDY,DRY,,NO JUNCTION INVOLVED,,ASPHALT,OVERCORRECTING/OVERSTEERING,RAN OFF ROAD,SR46EastofStinesvilleRd,
ISP BLOOMINGTON 33,HARRODSBURG,3/21/2020,12:00 PM,1,,0,0,0,,,,S OLD SR 37,,,1320,N,39.00281553,-86.54392711,COUNTY ROAD,,URBAN,N,N,N,,DAYLIGHT,CLEAR,DRY,,NO JUNCTION INVOLVED,,ASPHALT,,RAN OFF ROAD,SHARRODSBURGRDSOLDSTATEROAD37,
ELLETTSVILLE PD,ELLETTSVILLE,3/22/2020,11:54 AM,2,0,0,0,0,,,,SR 46,S 1ST ST,,250,W,39.23036734,-86.61978755,STATE ROAD,N,URBAN,N,N,N,,DAYLIGHT,CLEAR,DRY,,NO JUNCTION INVOLVED,STRAIGHT/LEVEL,ASPHALT,FAILURE TO YIELD RIGHT OF WAY,SAME DIRECTION SIDESWIPE,PAULSTSR46W,LANE CONTROL
ISP BLOOMINGTON 33,BLOOMINGTON,3/22/2020,3:55 PM,2,,1,0,0,,,,SR 45,E MARTIN DR,,370,S,39.20414423,-86.4633453,STATE ROAD,,RURAL,N,N,N,,DAYLIGHT,SLEET/HAIL/FREEZING RAIN,WET,,NO JUNCTION INVOLVED,,CONCRETE,SPEED TOO FAST FOR WEATHER CONDITIONS,RIGHT ANGLE,NMARTINDRSTATERD45,
BLOOMINGTON PD,BLOOMINGTON,3/23/2020,6:07 AM,1,0,1,0,0,221,,,W 2ND ST,ENTRANCE TO KROGER (E),,,,39.16144727,-86.53510982,UNKNOWN,N,URBAN,N,N,N,,DARK (LIGHTED),CLOUDY,WET,,NO JUNCTION INVOLVED,STRAIGHT/LEVEL,ASPHALT,SPEED TOO FAST FOR WEATHER CONDITIONS,RAN OFF ROAD,W2NDST,NONE
MONROE SD,BLOOMINGTON,3/23/2020,7:47 AM,1,0,0,0,1,,,,SR 48,,,1300,W,39.16897798,-86.66561095,STATE ROAD,N,URBAN,N,N,N,,DAYLIGHT,CLOUDY,DRY,,NO JUNCTION INVOLVED,CURVE/GRADE,ASPHALT,ANIMAL/OBJECT IN ROADWAY,COLLISION WITH DEER,SR48WWESTVERNALPIKE,NONE
ELLETTSVILLE PD,ELLETTSVILLE,3/23/2020,7:09 PM,2,0,0,0,0,,,,SR 46,N DEER PARK DR,,,,39.212048,-86.5872,STATE ROAD,N,URBAN,N,N,N,,DAYLIGHT,CLEAR,DRY,,NO JUNCTION INVOLVED,STRAIGHT/LEVEL,ASPHALT,FAILURE TO YIELD RIGHT OF WAY,LEFT TURN,NORTHDEERPARKDRSR46W,LANE CONTROL
ISP BLOOMINGTON 33,BLOOMINGTON,3/24/2020,5:06 PM,1,,0,0,0,,,,I-69 N,,,0,W,39.33394053,-86.51248445,INTERSTATE,,RURAL,N,N,N,,DAYLIGHT,CLOUDY,DRY,,NO JUNCTION INVOLVED,,ASPHALT,OVERCORRECTING/OVERSTEERING,RIGHT ANGLE,,
MONROE SD,BLOOMINGTON,3/25/2020,4:20 AM,1,0,0,0,0,8825,,,SR 45,W HINDS RD,,2640,W,39.09504071,-86.65914521,STATE ROAD,N,RURAL,N,N,N,,DARK (NOT LIGHTED),CLEAR,DRY,,NO JUNCTION INVOLVED,CURVE/GRADE,ASPHALT,RAN OFF ROAD RIGHT,RAN OFF ROAD,SR45WWHINDSRD,NO PASSING ZONE
MONROE SD,BLOOMINGTON,3/25/2020,3:08 PM,2,0,0,0,0,5105,,,S PRODUCTION DR,ENTRANCE TO ALLROAD MOTORSPORTS,,,,39.102902,-86.549923,LOCAL/CITY ROAD,N,RURAL,N,N,N,,DAYLIGHT,CLEAR,DRY,,NO JUNCTION INVOLVED,NON-ROADWAY CRASH,ASPHALT,UNSAFE BACKING,BACKING CRASH,SPRODUCTIONDR,NONE
BLOOMINGTON PD,BLOOMINGTON,3/25/2020,6:15 PM,2,0,1,0,0,,,,S COLLEGE MALL RD,E MOORES PIKE,,,,39.15048,-86.49824,LOCAL/CITY ROAD,N,URBAN,N,N,N,,DAYLIGHT,CLEAR,DRY,,FOUR-WAY INTERSECTION,STRAIGHT/GRADE,ASPHALT,DISREGARD SIGNAL/REG SIGN,RIGHT ANGLE,EMOORESPIKESCOLLEGEMALLRD,TRAFFIC CONTROL SIGNAL
MONROE SD,BLOOMINGTON,3/25/2020,7:00 PM,1,1,0,0,0,,,,SR 46,N STINESVILLE RD,,500,W,39.26779516,-86.66674898,STATE ROAD,N,RURAL,N,N,N,,DAYLIGHT,CLEAR,DRY,,NO JUNCTION INVOLVED,STRAIGHT/GRADE,ASPHALT,RAN OFF ROAD RIGHT,RAN OFF ROAD,SR46WSTINESVILLERD,NONE
BLOOMINGTON PD,BLOOMINGTON,3/26/2020,3:14 PM,2,0,0,0,0,,,,S COLLEGE MALL RD,ENTRANCE TO AMC CLASSIC THEATER,,,,39.15157,-86.49767,LOCAL/CITY ROAD,N,URBAN,N,N,N,,DAYLIGHT,CLEAR,DRY,,T-INTERSECTION,STRAIGHT/LEVEL,ASPHALT,IMPROPER TURNING,SAME DIRECTION SIDESWIPE,EKERASOTESDRSCOLLEGEMALLRD,NONE
ELLETTSVILLE PD,ELLETTSVILLE,3/26/2020,5:21 PM,1,0,1,0,0,,,,W REEVES RD,W GILMORE RD,,,,39.231648,-86.671296,LOCAL/CITY ROAD,N,RURAL,N,N,N,,DAYLIGHT,CLOUDY,DRY,,NO JUNCTION INVOLVED,CURVE/HILLCREST,ASPHALT,UNSAFE SPEED,RAN OFF ROAD,WESTGILMORERDWESTREEVESRD,NONE
BLOOMINGTON PD,BLOOMINGTON,3/27/2020,10:05 AM,1,1,0,0,0,,,,W 3RD ST,S FRANKLIN RD,,200,W,39.1647117,-86.57190497,LOCAL/CITY ROAD,N,URBAN,N,N,N,,DAYLIGHT,CLOUDY,WET,,FOUR-WAY INTERSECTION,STRAIGHT/GRADE,ASPHALT,FOLLOWING TOO CLOSELY,NON-COLLISION,3RDSTFRANKLINRD,NONE
BLOOMINGTON PD,BLOOMINGTON,3/27/2020,4:55 PM,2,0,0,0,0,,,,E 3RD ST,SR 46,,,,39.16424,-86.473296,LOCAL/CITY ROAD,N,URBAN,N,N,N,,DAYLIGHT,CLOUDY,DRY,,FOUR-WAY INTERSECTION,STRAIGHT/LEVEL,ASPHALT,FOLLOWING TOO CLOSELY,REAR END,E3RDSTSR46ST,TRAFFIC CONTROL SIGNAL
MONROE SD,BLOOMINGTON,3/28/2020,1:23 AM,2,0,0,0,0,,,,W 7TH ST,,,200,W,39.168656,-86.534784,LOCAL/CITY ROAD,Y,URBAN,N,N,N,,DAYLIGHT,CLEAR,DRY,,NO JUNCTION INVOLVED,STRAIGHT/GRADE,ASPHALT,OTHER (DRIVER) - EXPLAIN IN NARRATIVE,SAME DIRECTION SIDESWIPE,NCOLLEGEAVEW7THST,NONE
MONROE SD,BLOOMINGTON,3/28/2020,4:18 AM,1,0,1,0,0,,,,S ROGERS ST,W CHURCH LN (N),,,,39.107456,-86.540064,LOCAL/CITY ROAD,N,URBAN,Y,N,N,,DARK (LIGHTED),CLEAR,DRY,,NO JUNCTION INVOLVED,STRAIGHT/GRADE,ASPHALT,RAN OFF ROAD RIGHT,RAN OFF ROAD,SROGERSSTWCHURCHLN,STOP SIGN
MONROE SD,ELLETTSVILLE,3/28/2020,7:59 AM,1,0,0,0,0,,,,W WOODLAND RD,,,500,E,39.28109,-86.6072933,COUNTY ROAD,N,RURAL,N,N,N,,DAYLIGHT,CLEAR,DRY,,NO JUNCTION INVOLVED,STRAIGHT/GRADE,ASPHALT,RAN OFF ROAD RIGHT,RAN OFF ROAD,NBARRRDWWOODLANDRD,NONE
BLOOMINGTON PD,BLOOMINGTON,3/28/2020,12:30 PM,2,0,0,0,0,1211,,,W 13TH ST,,,100,W,39.175152,-86.548048,LOCAL/CITY ROAD,Y,URBAN,N,N,N,,DARK (LIGHTED),CLEAR,DRY,,NO JUNCTION INVOLVED,STRAIGHT/LEVEL,ASPHALT,RAN OFF ROAD RIGHT,,NSUMMITSTW13THST,NONE
BLOOMINGTON PD,BLOOMINGTON,3/28/2020,5:25 PM,2,0,0,0,0,,,,W COUNTRY CLUB DR,S ROGERS ST,,,,39.13604,-86.53827,LOCAL/CITY ROAD,N,URBAN,N,N,N,,DAYLIGHT,RAIN,WET,,FOUR-WAY INTERSECTION,STRAIGHT/LEVEL,ASPHALT,SPEED TOO FAST FOR WEATHER CONDITIONS,REAR END,SROGERSSTWCOUNTRYCLUBDR,TRAFFIC CONTROL SIGNAL
BLOOMINGTON PD,BLOOMINGTON,3/28/2020,10:15 PM,1,0,1,0,0,,,,W 3RD ST,S WESTPLEX AVE,,200,W,39.16441,-86.55388268,LOCAL/CITY ROAD,N,URBAN,N,N,N,,DARK (NOT LIGHTED),RAIN,WET,,T-INTERSECTION,STRAIGHT/GRADE,ASPHALT,RAN OFF ROAD RIGHT,RAN OFF ROAD,3RDSTWESTPLEXAVE,NONE
INDIANA UNIV BLOOMINGTON PD,BLOOMINGTON,3/29/2020,12:25 AM,2,0,0,0,0,,,,E 12TH ST,N INDIANA AVE,,,,39.17435,-86.52699,LOCAL/CITY ROAD,N,URBAN,N,N,N,,DARK (LIGHTED),CLEAR,WET,,FOUR-WAY INTERSECTION,STRAIGHT/LEVEL,ASPHALT,FAILURE TO YIELD RIGHT OF WAY,RIGHT ANGLE,INDIANAAVETWELVETHST,STOP SIGN
BLOOMINGTON PD,BLOOMINGTON,3/29/2020,6:10 PM,2,0,0,0,0,,,,E ROGERS RD,S HIGH ST,,,,39.13642,-86.50808,LOCAL/CITY ROAD,Y,URBAN,N,N,N,,DAYLIGHT,CLEAR,DRY,,FOUR-WAY INTERSECTION,STRAIGHT/LEVEL,CONCRETE,FAILURE TO YIELD RIGHT OF WAY,SAME DIRECTION SIDESWIPE,EASTROGERSRDSOUTHHIGHST,ROUNDABOUT INTERSECTION
INDIANA UNIV BLOOMINGTON PD,BLOOMINGTON,3/30/2020,12:05 PM,2,0,0,0,0,,,,N CAMPBELL ST,E 10TH ST,,,,39.17159,-86.51394,LOCAL/CITY ROAD,N,URBAN,N,N,N,,DAYLIGHT,CLEAR,DRY,,NO JUNCTION INVOLVED,STRAIGHT/GRADE,ASPHALT,UNSAFE BACKING,BACKING CRASH,10THSTCAMPBELLST,NONE
MONROE SD,BLOOMINGTON,3/30/2020,1:23 PM,2,0,0,0,0,,,,SR 37,S OLD SR 37,,,,0,0,STATE ROAD,N,RURAL,N,N,N,,DAYLIGHT,CLEAR,DRY,,FOUR-WAY INTERSECTION,CURVE/LEVEL,ASPHALT,FOLLOWING TOO CLOSELY,REAR END,OLDST37RDSR37S,TRAFFIC CONTROL SIGNAL
BLOOMINGTON PD,BLOOMINGTON,3/30/2020,3:16 PM,2,0,1,0,0,,,,S WALNUT ST,E ALLEN ST,,,,39.1556,-86.53368,LOCAL/CITY ROAD,N,URBAN,N,N,N,,DAYLIGHT,CLEAR,DRY,,NO JUNCTION INVOLVED,STRAIGHT/LEVEL,ASPHALT,FOLLOWING TOO CLOSELY,REAR END,EALLENSTSWALNUTST,OTHER
BLOOMINGTON PD,BLOOMINGTON,3/30/2020,4:05 PM,1,0,0,0,0,110,,,ALLEY,ALLEY,,,,39.167648,-86.53370645,UNKNOWN,N,URBAN,N,N,N,,DAYLIGHT,CLEAR,DRY,,NO JUNCTION INVOLVED,STRAIGHT/LEVEL,ASPHALT,ANIMAL/OBJECT IN ROADWAY,COLLISION WITH OBJECT IN ROAD,W6THST,NONE
INDIANA UNIV BLOOMINGTON PD,BLOOMINGTON,3/30/2020,5:30 PM,2,0,0,0,0,,,,N UNION CT,,,200,E,39.16778,-86.5094773,LOCAL/CITY ROAD,Y,URBAN,N,N,N,,DAYLIGHT,CLEAR,DRY,,NO JUNCTION INVOLVED,CURVE/LEVEL,ASPHALT,,,NUNIONCTNUNIONST,NONE
MONROE SD,BLOOMINGTON,3/30/2020,7:11 PM,2,0,0,0,0,,,,W SAMPLE RD,N CANYON CT,,,,39.2665,-86.52749,COUNTY ROAD,N,RURAL,N,N,N,,DAYLIGHT,CLEAR,DRY,,T-INTERSECTION,CURVE/LEVEL,ASPHALT,IMPROPER LANE USAGE,RIGHT TURN,CANYONCTSAMPLERD,NONE
MONROE SD,BLOOMINGTON,3/31/2020,7:24 AM,1,0,0,0,0,,,,W FULLERTON PIKE,W REDDY WAY,,,,0,0,COUNTY ROAD,Y,URBAN,N,N,N,,DAYLIGHT,CLOUDY,DRY,,NO JUNCTION INVOLVED,STRAIGHT/LEVEL,ASPHALT,FOLLOWING TOO CLOSELY,OTHER - EXPLAIN IN NARRATIVE,FULLERTONPIKEREDDYWAY,NONE
BLOOMINGTON PD,BLOOMINGTON,3/31/2020,1:39 PM,2,0,0,0,0,2313,,,E WOODBINE DR,S WOODBINE CT,,300,E,39.156443,-86.50237895,LOCAL/CITY ROAD,Y,URBAN,N,N,N,,DAYLIGHT,CLOUDY,DRY,,NO JUNCTION INVOLVED,STRAIGHT/LEVEL,ASPHALT,OTHER (DRIVER) - EXPLAIN IN NARRATIVE,REAR END,2313EWOODBINEAVENOTADR,NONE
BLOOMINGTON PD,BLOOMINGTON,3/31/2020,2:20 PM,2,0,0,0,0,,,,S COLLEGE AVE,W 6TH ST,,,,39.167648,-86.534784,LOCAL/CITY ROAD,N,URBAN,N,N,N,,DAYLIGHT,CLOUDY,DRY,,FOUR-WAY INTERSECTION,STRAIGHT/LEVEL,ASPHALT,UNSAFE LANE MOVEMENT,SAME DIRECTION SIDESWIPE,SCOLLEGEAVEW6THST,TRAFFIC CONTROL SIGNAL
BLOOMINGTON PD,BLOOMINGTON,3/31/2020,5:41 PM,2,0,0,0,0,,,,S WALNUT ST,E GRIMES LN,,50,N,39.1586357,-86.53371,LOCAL/CITY ROAD,N,URBAN,N,N,N,,DAYLIGHT,CLOUDY,DRY,,NO JUNCTION INVOLVED,STRAIGHT/LEVEL,ASPHALT,FAILURE TO YIELD RIGHT OF WAY,SAME DIRECTION SIDESWIPE,EGRIMESLNSWALNUTST,NONE
BLOOMINGTON PD,BLOOMINGTON,3/31/2020,6:21 PM,2,0,0,0,0,,,,SR 48,S LIBERTY DR,,,,39.16461,-86.57913,LOCAL/CITY ROAD,N,URBAN,N,N,N,,DAYLIGHT,CLOUDY,DRY,,T-INTERSECTION,STRAIGHT/LEVEL,ASPHALT,FAILURE TO YIELD RIGHT OF WAY,LEFT TURN,SLIBERTYDRW3RDST,STOP SIGN
BLOOMINGTON PD,BLOOMINGTON,3/31/2020,7:17 PM,2,0,2,0,0,,,,S WALNUT ST,W GORDON PIKE,,,,39.12146,-86.53135,LOCAL/CITY ROAD,N,URBAN,N,N,N,,DARK (LIGHTED),CLOUDY,DRY,,FOUR-WAY INTERSECTION,STRAIGHT/HILLCREST,ASPHALT,DISREGARD SIGNAL/REG SIGN,RIGHT ANGLE,SWALNUTSTWGORDONPIKE,TRAFFIC CONTROL SIGNAL
INDIANA UNIV BLOOMINGTON PD,BLOOMINGTON,4/1/2020,2:10 PM,1,0,0,0,0,101,,,MUSICAL ARTS CENTER CIRCLE,,,,,39.167455,-86.516706,UNKNOWN,N,URBAN,N,N,N,,DAYLIGHT,CLEAR,DRY,,NO JUNCTION INVOLVED,STRAIGHT/LEVEL,ASPHALT,OTHER (DRIVER) - EXPLAIN IN NARRATIVE,OTHER - EXPLAIN IN NARRATIVE,NJORDANAVE,NONE
BLOOMINGTON PD,BLOOMINGTON,4/1/2020,6:18 PM,2,0,0,0,0,,,,W TAPP RD,S ROCKPORT RD,,,,39.136448,-86.548704,LOCAL/CITY ROAD,N,URBAN,N,N,N,,DAYLIGHT,CLOUDY,DRY,,FOUR-WAY INTERSECTION,STRAIGHT/GRADE,ASPHALT,FOLLOWING TOO CLOSELY,REAR END,SROCKPORTRDWTAPPRD,TRAFFIC CONTROL SIGNAL
BLOOMINGTON PD,BLOOMINGTON,4/1/2020,6:53 PM,2,0,0,0,0,1596,,,S OAKDALE DR,,,,,39.14638,-86.5721,UNKNOWN,N,URBAN,N,N,N,,DAYLIGHT,CLEAR,DRY,,NO JUNCTION INVOLVED,STRAIGHT/LEVEL,ASPHALT,FAILURE TO YIELD RIGHT OF WAY,BACKING CRASH,SOAKDALEDR,NONE
MONROE SD,BLOOMINGTON,4/1/2020,7:16 PM,1,0,0,0,0,,,,I-69 S,,,200,S,39.20092007,-86.5495,INTERSTATE,N,RURAL,N,Y,N,,DAYLIGHT,CLOUDY,DRY,,NO JUNCTION INVOLVED,STRAIGHT/LEVEL,ASPHALT,RAN OFF ROAD RIGHT,RAN OFF ROAD,I122SI69S,LANE CONTROL
MONROE SD,ELLETTSVILLE,4/1/2020,9:31 PM,1,0,0,0,0,,,,N LIBERTY HOLLOW RD,,,300,N,39.319424,-86.59912,COUNTY ROAD,N,RURAL,N,N,N,,DARK (NOT LIGHTED),CLEAR,DRY,,T-INTERSECTION,CURVE/LEVEL,ASPHALT,UNSAFE SPEED,RAN OFF ROAD,NBOWMANRDNLIBERTYHOLLOWRD,NONE
BLOOMINGTON PD,BLOOMINGTON,4/2/2020,2:18 AM,3,0,0,0,0,,,,N WALNUT ST,W 16TH ST,,,,39.17784,-86.533408,LOCAL/CITY ROAD,N,URBAN,N,N,N,,DARK (LIGHTED),CLEAR,DRY,,NO JUNCTION INVOLVED,STRAIGHT/LEVEL,ASPHALT,IMPROPER LANE USAGE,SAME DIRECTION SIDESWIPE,16THSTWALNUTST,NONE
BLOOMINGTON PD,BLOOMINGTON,4/2/2020,9:27 AM,2,0,0,0,0,,,,SR 48,S GATES DR,,,,39.16459,-86.5762,LOCAL/CITY ROAD,N,URBAN,N,N,N,,DAYLIGHT,CLEAR,DRY,,FOUR-WAY INTERSECTION,STRAIGHT/LEVEL,ASPHALT,FAILURE TO YIELD RIGHT OF WAY,HEAD ON BETWEEN TWO MOTOR VEHICLES,SGATESDRW3RDST,TRAFFIC CONTROL SIGNAL
BLOOMINGTON PD,BLOOMINGTON,4/2/2020,1:25 PM,2,0,0,0,0,,,,S SARE RD,E RHORER RD,,,,39.12145,-86.51158,LOCAL/CITY ROAD,N,URBAN,N,N,N,,DAYLIGHT,CLEAR,DRY,,T-INTERSECTION,STRAIGHT/LEVEL,ASPHALT,FOLLOWING TOO CLOSELY,REAR END,ERHORERRDSSARERD,STOP SIGN
MONROE SD,BLOOMINGTON,4/3/2020,10:08 AM,2,0,0,0,0,,,,SR 37,S OLD SR 37,,750,S,39.08391909,-86.54083579,STATE ROAD,N,RURAL,N,N,Y,LANE CLOSURE,DAYLIGHT,CLEAR,DRY,,NO JUNCTION INVOLVED,STRAIGHT/GRADE,ASPHALT,FOLLOWING TOO CLOSELY,REAR END,SOUTHOLDSTATEROAD37RDSR37S,NONE
BLOOMINGTON PD,BLOOMINGTON,4/3/2020,3:10 PM,1,0,0,0,0,1003,,,W COTTAGE GROVE AVE,,,180,W,39.17261,-86.54492134,LOCAL/CITY ROAD,Y,URBAN,N,N,N,,DAYLIGHT,CLEAR,DRY,,NO JUNCTION INVOLVED,STRAIGHT/LEVEL,ASPHALT,RAN OFF ROAD RIGHT,RAN OFF ROAD,NORRISDRWCOTTAGEGROVERD,NONE
BLOOMINGTON PD,BLOOMINGTON,4/3/2020,3:13 PM,1,0,0,0,0,,,,N MONROE ST,W 11TH ST,,,,39.173344,-86.547104,LOCAL/CITY ROAD,Y,URBAN,N,N,N,,DAYLIGHT,CLEAR,DRY,,NO JUNCTION INVOLVED,STRAIGHT/LEVEL,ASPHALT,OTHER (DRIVER) - EXPLAIN IN NARRATIVE,RAN OFF ROAD,NMONROESTW11THST,STOP SIGN
BLOOMINGTON PD,BLOOMINGTON,4/3/2020,3:17 PM,1,0,1,0,0,,,,N MAPLE GROVE RD,,,1000,N,39.32006831,-86.56154,LOCAL/CITY ROAD,Y,RURAL,N,N,N,,DAYLIGHT,CLEAR,DRY,,NO JUNCTION INVOLVED,CURVE/HILLCREST,ASPHALT,UNSAFE SPEED,RAN OFF ROAD,MAPLEGROVERDWSTANTONCT,NONE
BLOOMINGTON PD,BLOOMINGTON,4/4/2020,6:30 AM,1,0,0,0,0,,,,W GOURLEY PIKE,N KINSER PIKE,,,,39.185392,-86.537856,LOCAL/CITY ROAD,N,URBAN,N,N,N,,DARK (NOT LIGHTED),CLEAR,DRY,,NO JUNCTION INVOLVED,CURVE/GRADE,ASPHALT,BRAKE FAILURE OR DEFECTIVE,RAN OFF ROAD,NKINSERPIKEWGOURLEYPIKE,NONE
BLOOMINGTON PD,BLOOMINGTON,4/4/2020,12:16 PM,2,0,0,0,0,,,,W 11TH ST,N COLLEGE AVE,,,,39.173232,-86.534752,LOCAL/CITY ROAD,N,URBAN,N,N,N,,DAYLIGHT,CLOUDY,DRY,,FOUR-WAY INTERSECTION,STRAIGHT/GRADE,ASPHALT,DISREGARD SIGNAL/REG SIGN,RIGHT ANGLE,11THSTCOLLEGEAVE,TRAFFIC CONTROL SIGNAL
MONROE SD,BLOOMINGTON,4/4/2020,4:08 PM,1,0,0,0,0,,,,S WALNUT ST PIKE,,,2000,N,39.31836883,-86.52648,COUNTY ROAD,N,RURAL,N,N,N,,DAYLIGHT,CLEAR,DRY,,NO JUNCTION INVOLVED,STRAIGHT/GRADE,ASPHALT,ANIMAL/OBJECT IN ROADWAY,COLLISION WITH DEER,FAIRFAXRDWALNUTSTREETPIKE,NONE
BLOOMINGTON PD,BLOOMINGTON,4/5/2020,12:44 PM,2,0,0,0,0,,,,E 3RD ST,S COLLEGE MALL RD,,,,39.16424,-86.4984,LOCAL/CITY ROAD,N,URBAN,N,N,N,,DAYLIGHT,CLOUDY,DRY,,FOUR-WAY INTERSECTION,STRAIGHT/LEVEL,ASPHALT,FAILURE TO YIELD RIGHT OF WAY,RIGHT ANGLE,3RDSTCOLLEGEMALLRD,LANE CONTROL
MONROE SD,BLOOMINGTON,4/6/2020,6:57 AM,1,0,0,0,0,,,,SR 45,N RUSSELL RD (N),,1900,S,39.19513632,-86.46778315,STATE ROAD,N,RURAL,N,N,N,,DAWN/DUSK,CLEAR,DRY,,NO JUNCTION INVOLVED,STRAIGHT/HILLCREST,ASPHALT,RAN OFF ROAD RIGHT,RAN OFF ROAD,NRUSSELLRDSR45E,NONE
ISP BLOOMINGTON 33,BLOOMINGTON,4/6/2020,8:47 AM,2,,0,0,0,,,,SR 46,S SMITH RD,,0,S,39.164233,-86.481195,STATE ROAD,,URBAN,N,N,N,,DAYLIGHT,CLEAR,DRY,,FOUR-WAY INTERSECTION,,ASPHALT,FOLLOWING TOO CLOSELY,REAR END,SMITHROADSR46,
BLOOMINGTON PD,BLOOMINGTON,4/6/2020,11:30 PM,1,0,0,0,0,,,,W KIRKWOOD AVE,N HOPEWELL ST,,,,39.16685,-86.5523,LOCAL/CITY ROAD,N,URBAN,N,N,N,,DARK (LIGHTED),CLEAR,DRY,,T-INTERSECTION,STRAIGHT/LEVEL,ASPHALT,RAN OFF ROAD RIGHT,RAN OFF ROAD,NHOPEWELLSTWKIRKWOODAVE,NONE
BLOOMINGTON PD,BLOOMINGTON,4/7/2020,3:10 PM,2,0,0,0,0,3011,,,S LEONARD SPRINGS RD,ENTRANCE TO WOODLAND SPRINGS APARTMENTS (MIDDLE),,200,N,0,0,LOCAL/CITY ROAD,N,URBAN,N,N,N,,DAYLIGHT,CLEAR,DRY,,T-INTERSECTION,STRAIGHT/LEVEL,CONCRETE,FOLLOWING TOO CLOSELY,REAR END,SOUTHLEONARDSPRINGSRDWESTMAYBURYMALL,NONE
BLOOMINGTON PD,BLOOMINGTON,4/7/2020,3:15 PM,2,0,0,0,0,,,,S COLLEGE AVE,W 2ND ST,,,,39.16138,-86.53493,LOCAL/CITY ROAD,N,URBAN,N,N,N,,DAYLIGHT,CLEAR,DRY,,FOUR-WAY INTERSECTION,STRAIGHT/LEVEL,CONCRETE,DISREGARD SIGNAL/REG SIGN,HEAD ON BETWEEN TWO MOTOR VEHICLES,SCOLLEGEAVEW2NDST,TRAFFIC CONTROL SIGNAL
BLOOMINGTON PD,BLOOMINGTON,4/7/2020,3:27 PM,2,0,0,0,0,,,Y,SR 45/46,I-69 S,,,,0,0,LOCAL/CITY ROAD,Y,URBAN,N,N,N,,DAYLIGHT,CLEAR,DRY,,RAMP,CURVE/GRADE,ASPHALT,UNSAFE LANE MOVEMENT,SAME DIRECTION SIDESWIPE,4546BYPASSANDI69SBRAMP,NONE
ELLETTSVILLE PD,ELLETTSVILLE,4/7/2020,4:49 PM,2,1,0,0,0,8273,,,SR 46,ENTRANCE TO RICHARD'S SMALL ENGINE INC,,500,W,39.25241,-86.65397667,STATE ROAD,N,RURAL,N,N,N,,DAYLIGHT,CLEAR,DRY,,NO JUNCTION INVOLVED,CURVE/LEVEL,ASPHALT,IMPROPER PASSING,SAME DIRECTION SIDESWIPE,SR46WWESTFLASTWOODSRD,LANE CONTROL
BLOOMINGTON PD,BLOOMINGTON,4/7/2020,5:30 PM,1,0,0,0,0,,,,N KINSER PIKE,SR 45/46,,,,39.20640071,-86.57129307,LOCAL/CITY ROAD,N,URBAN,N,N,N,,DAYLIGHT,CLEAR,DRY,,FOUR-WAY INTERSECTION,STRAIGHT/LEVEL,ASPHALT,DRIVER DISTRACTED - EXPLAIN IN NARRATIVE,RAN OFF ROAD,NKINSERPIKESTATEROAD46RD,TRAFFIC CONTROL SIGNAL
BLOOMINGTON PD,BLOOMINGTON,4/7/2020,6:38 PM,2,0,0,0,0,3016,,,E AMY LN,,,,,39.16936,-86.497952,LOCAL/CITY ROAD,Y,URBAN,N,N,N,,DAYLIGHT,CLEAR,DRY,,NO JUNCTION INVOLVED,STRAIGHT/LEVEL,ASPHALT,UNSAFE BACKING,BACKING CRASH,EAMYLN,NONE
ISP BLOOMINGTON 33,BLOOMINGTON,4/8/2020,8:54 AM,1,,1,0,0,,,,I-69 S,,,0,S,39.17869365,-86.55962658,INTERSTATE,,URBAN,N,N,N,,DAYLIGHT,CLEAR,DRY,,NO JUNCTION INVOLVED,,ASPHALT,OTHER (VEHICLE) - EXPLAIN IN NARRATIVE,OTHER - EXPLAIN IN NARRATIVE,119.5I-69,
ELLETTSVILLE PD,ELLETTSVILLE,4/8/2020,10:05 AM,2,0,0,0,0,,,,SR 46,S 1ST ST,,,,0,0,LOCAL/CITY ROAD,N,URBAN,N,N,N,,DAYLIGHT,CLEAR,DRY,,NO JUNCTION INVOLVED,STRAIGHT/LEVEL,ASPHALT,OTHER (DRIVER) - EXPLAIN IN NARRATIVE,SAME DIRECTION SIDESWIPE,FIRSTSTTEMPERANCEST,LANE CONTROL