Agency,City,Collision Date,Collision Time,Vehicles Involved,Trailers Involved,Number Injured,Number Dead,Number Deer,House Number,Roadway Interchange,Roadway Ramp,Roadway Id,Intersecting Road,Interchange,Feet From,Direction,Latitude,Longitude,Roadway Class,Hit and Run?,Locality,School Zone?,Rumble Strips?,Construction?,Construction Type,Light Condition,Weather Conditions,Surface Condition,Type of Median,Roadway Junction Type,Road Character,Roadway Surface,Primary Factor,Manner of Collision,Unique Location Id,Traffic Control
MONROE SD,BLOOMINGTON,4/29/2020,8:33 PM,1,0,0,0,0,,,,N OLD SR 37,MAIN FOREST RD,,3700,N,39.71975553,-86.47272,STATE ROAD,N,RURAL,N,N,N,,DARK (NOT LIGHTED),CLOUDY,WET,,NO JUNCTION INVOLVED,CURVE/LEVEL,CONCRETE,ANIMAL/OBJECT IN ROADWAY,RAN OFF ROAD,EMAINFORRESTRDSR37N,NONE
ELLETTSVILLE PD,ELLETTSVILLE,4/29/2020,9:26 PM,2,0,0,0,0,,,,SR 46,N 5TH ST,,,,39.23384,-86.624704,STATE ROAD,N,URBAN,N,N,N,,DARK (LIGHTED),CLOUDY,WET,,FOUR-WAY INTERSECTION,STRAIGHT/LEVEL,ASPHALT,FAILURE TO YIELD RIGHT OF WAY,RIGHT ANGLE,SALESTSR46W,NONE
MONROE SD,BLOOMINGTON,4/30/2020,5:01 AM,1,0,0,0,0,6675,,,W VERNAL PIKE,,,,,39.18728327,-86.63557845,LOCAL/CITY ROAD,Y,RURAL,N,N,N,,DARK (NOT LIGHTED),RAIN,WET,,NO JUNCTION INVOLVED,CURVE/LEVEL,ASPHALT,RAN OFF ROAD RIGHT,RAN OFF ROAD,WVERNALPIKE,NONE
BLOOMINGTON PD,BLOOMINGTON,5/1/2020,10:01 AM,2,0,0,0,0,519,,,W 1ST ST,ENTRANCE TO IU HEALTH BLOOMINGTON HOSPITAL,,,,39.159344,-86.52822659,UNKNOWN,N,URBAN,N,N,N,,DAYLIGHT,CLEAR,DRY,,NO JUNCTION INVOLVED,STRAIGHT/GRADE,ASPHALT,UNSAFE BACKING,BACKING CRASH,1STST,NONE
BLOOMINGTON PD,BLOOMINGTON,5/1/2020,10:50 AM,2,0,0,0,0,,,,SR 45,W INDUSTRIAL BLVD,,,,0,0,LOCAL/CITY ROAD,N,URBAN,N,N,N,,DAYLIGHT,CLEAR,DRY,,FOUR-WAY INTERSECTION,STRAIGHT/LEVEL,ASPHALT,FAILURE TO YIELD RIGHT OF WAY,RIGHT ANGLE,SINDUSTRIALBLVDWBLOOMFIELDRD,TRAFFIC CONTROL SIGNAL
BLOOMINGTON PD,BLOOMINGTON,5/1/2020,11:39 AM,3,0,1,0,0,,,Y,SR 48,I-69 S,,,,39.16453,-86.57328,LOCAL/CITY ROAD,N,URBAN,N,N,N,,DAYLIGHT,CLEAR,DRY,,FOUR-WAY INTERSECTION,STRAIGHT/LEVEL,ASPHALT,FOLLOWING TOO CLOSELY,REAR END,SOUTHI69RAMPWEST3RDST,TRAFFIC CONTROL SIGNAL
ISP BLOOMINGTON 33,BLOOMINGTON,5/1/2020,3:05 PM,1,,0,0,0,,,,I-69 N,N KINSER PIKE OVERPASS,,370,N,39.22184443,-86.54932684,INTERSTATE,,RURAL,N,N,N,,DAYLIGHT,CLEAR,DRY,,NO JUNCTION INVOLVED,,ASPHALT,OTHER (VEHICLE) - EXPLAIN IN NARRATIVE,OTHER - EXPLAIN IN NARRATIVE,,
ISP BLOOMINGTON 33,BLOOMINGTON,5/1/2020,3:15 PM,1,,0,0,0,,,,I-69 N,N KINSER PIKE OVERPASS,,422,N,39.22190515,-86.5492821,INTERSTATE,,RURAL,N,N,N,,DAYLIGHT,CLEAR,DRY,,NO JUNCTION INVOLVED,,ASPHALT,ANIMAL/OBJECT IN ROADWAY,COLLISION WITH OBJECT IN ROAD,,
BLOOMINGTON PD,BLOOMINGTON,5/1/2020,4:47 PM,2,0,0,0,0,,,,W 3RD ST,S KIMBLE DR,,,,39.16464,-86.568,LOCAL/CITY ROAD,N,URBAN,N,N,N,,DAYLIGHT,CLEAR,DRY,,FOUR-WAY INTERSECTION,STRAIGHT/LEVEL,ASPHALT,BRAKE FAILURE OR DEFECTIVE,REAR END,SKIMBLEDRW3RDST,TRAFFIC CONTROL SIGNAL
MONROE SD,BLOOMINGTON,5/2/2020,12:25 PM,1,0,1,0,0,,,,SR 48,,,3000,W,39.1675301,-86.65896484,STATE ROAD,N,RURAL,N,N,N,,DAYLIGHT,CLEAR,DRY,,NO JUNCTION INVOLVED,STRAIGHT/GRADE,ASPHALT,RAN OFF ROAD RIGHT,RAN OFF ROAD,GARRISONCHAPELRDSR48W,NONE
BLOOMINGTON PD,BLOOMINGTON,5/2/2020,1:09 PM,2,0,0,0,0,500,,,W HAYS CT,,,,,39.143132,-86.539615,UNKNOWN,N,URBAN,N,N,N,,DAYLIGHT,CLEAR,DRY,,NO JUNCTION INVOLVED,STRAIGHT/LEVEL,ASPHALT,UNSAFE BACKING,BACKING CRASH,WHAYSCT,NONE
MONROE SD,BLOOMINGTON,5/2/2020,2:52 PM,1,0,1,0,0,,,,SR 37,S ZIKES RD,,,,39.04941,-86.54102,STATE ROAD,N,RURAL,N,Y,N,,DAYLIGHT,CLEAR,DRY,,T-INTERSECTION,STRAIGHT/LEVEL,ASPHALT,PEDESTRIAN ACTION,COLLISION WITH OBJECT IN ROAD,SR37SZIKESRD,LANE CONTROL
BLOOMINGTON PD,BLOOMINGTON,5/2/2020,9:30 PM,1,0,1,0,0,1511,,,S HUNTINGTON DR,,,,,39.14987633,-86.52072333,UNKNOWN,Y,URBAN,N,N,N,,DARK (NOT LIGHTED),CLEAR,DRY,,NO JUNCTION INVOLVED,STRAIGHT/LEVEL,ASPHALT,IMPROPER LANE USAGE,OTHER - EXPLAIN IN NARRATIVE,SHUNTINGTONDR,NONE
INDIANA UNIV BLOOMINGTON PD,BLOOMINGTON,5/3/2020,12:05 PM,2,0,0,0,0,,,,E 3RD ST,S JORDAN AVE,,158,W,39.16425,-86.51524633,LOCAL/CITY ROAD,N,URBAN,N,N,N,,DAYLIGHT,CLOUDY,WET,,NO JUNCTION INVOLVED,STRAIGHT/LEVEL,ASPHALT,IMPROPER TURNING,LEFT TURN,SWAINAVETHIRDST,NONE
ISP BLOOMINGTON 33,BLOOMINGTON,5/3/2020,12:35 PM,2,,0,0,0,,,,S LEONARD SPRINGS RD,W LEONARD SPRINGS RD,,0,S,39.122348,-86.591702,COUNTY ROAD,,RURAL,N,N,N,,DAYLIGHT,CLOUDY,DRY,,T-INTERSECTION,,ASPHALT,UNSAFE BACKING,BACKING CRASH,,
ISP BLOOMINGTON 33,BLOOMINGTON,5/3/2020,2:05 PM,1,,2,0,0,,,,SR 45,W AIRPORT RD,,317,W,39.13601214,-86.59494946,,,RURAL,N,N,N,,DAYLIGHT,CLEAR,DRY,,NO JUNCTION INVOLVED,,ASPHALT,,,,
ISP BLOOMINGTON 33,BLOOMINGTON,5/3/2020,4:52 PM,2,,0,0,0,,,,S WALNUT ST,W DILLMAN RD,,0,S,39.092981,-86.544167,COUNTY ROAD,,RURAL,N,N,N,,DAYLIGHT,CLOUDY,DRY,,FOUR-WAY INTERSECTION,,ASPHALT,FAILURE TO YIELD RIGHT OF WAY,RIGHT ANGLE,,
MONROE SD,BLOOMINGTON,5/3/2020,6:19 PM,1,0,1,0,0,,,,SR 45,N BENT PINE RD,,185,S,0,0,STATE ROAD,N,RURAL,N,N,N,,DAYLIGHT,CLOUDY,WET,,NO JUNCTION INVOLVED,STRAIGHT/LEVEL,ASPHALT,SPEED TOO FAST FOR WEATHER CONDITIONS,RAN OFF ROAD,BENTPINEDRSR45,NONE
MONROE SD,BLOOMINGTON,5/4/2020,4:08 AM,1,0,0,0,1,,,,SR 45,S DUNCAN RD,,750,W,39.13365949,-86.59815513,STATE ROAD,N,RURAL,N,N,N,,DARK (NOT LIGHTED),CLEAR,DRY,,NO JUNCTION INVOLVED,STRAIGHT/GRADE,ASPHALT,ANIMAL/OBJECT IN ROADWAY,COLLISION WITH DEER,DUNCANRDSR45W,LANE CONTROL
ELLETTSVILLE PD,ELLETTSVILLE,5/4/2020,9:09 AM,2,0,0,0,0,,,,SR 46,S SALE ST,,,,39.23384,-86.624704,LOCAL/CITY ROAD,N,URBAN,N,N,N,,DAYLIGHT,CLEAR,DRY,,NO JUNCTION INVOLVED,STRAIGHT/LEVEL,ASPHALT,FAILURE TO YIELD RIGHT OF WAY,RIGHT ANGLE,SALESTTEMPERANCEST,TRAFFIC CONTROL SIGNAL
MONROE SD,BLOOMINGTON,5/4/2020,7:50 PM,1,0,0,0,0,,,,SR 48,,,1000,E,39.16339763,-86.64617348,STATE ROAD,N,RURAL,N,N,N,,DAWN/DUSK,CLOUDY,DRY,,NO JUNCTION INVOLVED,CURVE/GRADE,ASPHALT,RAN OFF ROAD RIGHT,RAN OFF ROAD,GARRISONCHAPELRDSR48W,NONE
ISP BLOOMINGTON 33,BLOOMINGTON,5/4/2020,10:15 PM,1,,0,0,0,,,,SR 37,,,739,N,39.02139301,-86.53629151,STATE ROAD,,RURAL,N,N,N,,DARK (LIGHTED),CLEAR,DRY,,NO JUNCTION INVOLVED,,ASPHALT,OTHER (DRIVER) - EXPLAIN IN NARRATIVE,RAN OFF ROAD,,
INDIANA UNIV BLOOMINGTON PD,BLOOMINGTON,5/5/2020,12:35 PM,2,0,0,0,0,,,,SR 46,E 10TH ST,,,,0,0,STATE ROAD,N,URBAN,N,N,N,,DAYLIGHT,RAIN,WET,,NO JUNCTION INVOLVED,STRAIGHT/GRADE,ASPHALT,FOLLOWING TOO CLOSELY,REAR END,SR46UNIONVILLERD,LANE CONTROL
BLOOMINGTON PD,BLOOMINGTON,5/5/2020,1:34 PM,2,0,1,0,0,,,,SR 45,S LIBERTY DR,,,,0,0,LOCAL/CITY ROAD,N,URBAN,N,N,N,,DAYLIGHT,CLOUDY,WET,,FOUR-WAY INTERSECTION,STRAIGHT/LEVEL,ASPHALT,FAILURE TO YIELD RIGHT OF WAY,LEFT TURN,SLIBERTYDRWBLOOMFIELDRD,TRAFFIC CONTROL SIGNAL
BLOOMINGTON PD,BLOOMINGTON,5/5/2020,3:21 PM,2,0,0,0,0,,,Y,SR 45,I-69 S,,,,39.14753,-86.57295,LOCAL/CITY ROAD,N,URBAN,N,N,N,,DAYLIGHT,CLOUDY,WET,,FOUR-WAY INTERSECTION,STRAIGHT/LEVEL,ASPHALT,DISREGARD SIGNAL/REG SIGN,LEFT TURN,I69SRPWBLOOMFIELDRD,TRAFFIC CONTROL SIGNAL
BLOOMINGTON PD,BLOOMINGTON,5/5/2020,5:28 PM,1,0,0,0,0,522,,,SR 45/46,N KINSER PIKE,,,,39.18517355,-86.53802122,LOCAL/CITY ROAD,N,URBAN,N,N,N,,DAYLIGHT,CLOUDY,DRY,,NO JUNCTION INVOLVED,NON-ROADWAY CRASH,OTHER - EXPLAIN IN NARRATIVE,OTHER (DRIVER) - EXPLAIN IN NARRATIVE,RAN OFF ROAD,WGOURLEYPIKE,NONE
BLOOMINGTON PD,BLOOMINGTON,5/5/2020,7:38 PM,2,0,0,0,0,,,,W BLOOMFIELD RD,S WEIMER RD,,,,39.16141195,-86.54638032,LOCAL/CITY ROAD,Y,URBAN,N,N,N,,DAWN/DUSK,CLOUDY,WET,,T-INTERSECTION,CURVE/GRADE,ASPHALT,FAILURE TO YIELD RIGHT OF WAY,RIGHT TURN,SWEIMERRDWBLOOMFIELDRD,STOP SIGN
INDIANA UNIV BLOOMINGTON PD,BLOOMINGTON,5/6/2020,5:00 PM,3,0,1,0,0,,,,SR 45/46,E 10TH ST,,150,N,0,0,STATE ROAD,N,URBAN,N,N,N,,DAYLIGHT,CLEAR,DRY,,NO JUNCTION INVOLVED,STRAIGHT/LEVEL,ASPHALT,DRIVER DISTRACTED - EXPLAIN IN NARRATIVE,REAR END,10THSTSR4546S,TRAFFIC CONTROL SIGNAL
BLOOMINGTON PD,BLOOMINGTON,5/6/2020,7:00 PM,2,0,0,0,0,,,,E 8TH ST,N WASHINGTON ST,,100,E,39.169552,-86.5324,LOCAL/CITY ROAD,Y,URBAN,N,N,N,,UNKNOWN,,DRY,,NO JUNCTION INVOLVED,STRAIGHT/LEVEL,ASPHALT,UNSAFE SPEED,SAME DIRECTION SIDESWIPE,E8THSTNWASHINGTONST,NONE
MONROE SD,BLOOMINGTON,5/6/2020,8:50 PM,2,0,0,0,0,,,,W LEONARD SPRINGS RD,S ISON RD,,,,39.12231,-86.60577,COUNTY ROAD,N,RURAL,N,N,N,,DARK (NOT LIGHTED),CLEAR,DRY,,FOUR-WAY INTERSECTION,STRAIGHT/LEVEL,ASPHALT,FOLLOWING TOO CLOSELY,REAR END,SISONRDWLEONARDSPRINGSRD,STOP SIGN
BLOOMINGTON PD,BLOOMINGTON,5/7/2020,9:17 AM,2,0,1,0,0,,,,SR 48,S WESTERN DR,,,,39.164848,-86.586592,STATE ROAD,N,URBAN,N,N,N,,DAYLIGHT,CLEAR,DRY,,INTERCHANGE,STRAIGHT/LEVEL,ASPHALT,FAILURE TO YIELD RIGHT OF WAY,LEFT TURN,SR48WWESTERNDR,STOP SIGN
BLOOMINGTON PD,BLOOMINGTON,5/7/2020,10:15 AM,2,0,0,0,0,,,,N COLLEGE AVE,W 10TH ST,,,,39.17168,-86.53483,LOCAL/CITY ROAD,N,URBAN,N,N,N,,DAYLIGHT,CLEAR,DRY,,FOUR-WAY INTERSECTION,STRAIGHT/GRADE,ASPHALT,IMPROPER LANE USAGE,SAME DIRECTION SIDESWIPE,10THSTCOLLEGEAVE,TRAFFIC CONTROL SIGNAL
BLOOMINGTON PD,BLOOMINGTON,5/7/2020,11:55 AM,2,0,2,0,0,,,,S LIBERTY DR,ENTRANCE TO WHITEHALL PLAZA (N),,40,S,39.16038022,-86.57913,LOCAL/CITY ROAD,N,URBAN,N,N,N,,DAYLIGHT,CLEAR,DRY,,FOUR-WAY INTERSECTION,STRAIGHT/LEVEL,ASPHALT,FAILURE TO YIELD RIGHT OF WAY,RIGHT ANGLE,3RDSTLIBERTYDR,LANE CONTROL
INDIANA UNIV BLOOMINGTON PD,BLOOMINGTON,5/7/2020,2:10 PM,2,0,0,0,0,,,,N UNION ST,ENTRANCE TO CAMPUS VIEW APARTMENTS CIRCLE,,340,N,39.20830021,-86.50966,LOCAL/CITY ROAD,N,URBAN,N,N,N,,DAYLIGHT,CLEAR,DRY,,NO JUNCTION INVOLVED,STRAIGHT/LEVEL,ASPHALT,IMPROPER PASSING,LEFT TURN,ELAWLNNUNIONST,NONE
BLOOMINGTON PD,BLOOMINGTON,5/7/2020,6:15 PM,2,0,0,0,0,,,,N WALNUT ST,W 11TH ST,,,,39.173248,-86.533488,LOCAL/CITY ROAD,N,URBAN,N,N,N,,DAYLIGHT,CLEAR,DRY,,FOUR-WAY INTERSECTION,STRAIGHT/HILLCREST,ASPHALT,FAILURE TO YIELD RIGHT OF WAY,SAME DIRECTION SIDESWIPE,NORTHWALNUTSTWEST11THST,LANE CONTROL
MONROE SD,BLOOMINGTON,5/7/2020,8:20 PM,1,0,0,0,0,1530,,,S BUSHMILL DR,,,,,39.122782,-86.548824,UNKNOWN,N,RURAL,N,N,N,,DAYLIGHT,CLEAR,DRY,,NO JUNCTION INVOLVED,STRAIGHT/GRADE,ASPHALT,RAN OFF ROAD RIGHT,RAN OFF ROAD,WSHAMROCKCT,NONE
MONROE SD,BLOOMINGTON,5/7/2020,8:41 PM,2,0,0,0,0,,,,S OLD SR 37,S KETCHAM RD,,500,N,39.1254882,-86.54445,STATE ROAD,N,RURAL,N,N,N,,DAWN/DUSK,CLEAR,DRY,,NO JUNCTION INVOLVED,STRAIGHT/LEVEL,ASPHALT,FOLLOWING TOO CLOSELY,REAR END,SKETCHAMRDSR37S,NONE
MONROE SD,BLOOMINGTON,5/7/2020,11:04 PM,1,0,0,0,0,,,,S SNODDY RD,E ROGERS RD,,,,0,0,COUNTY ROAD,N,RURAL,N,N,N,,DARK (LIGHTED),CLEAR,DRY,,T-INTERSECTION,STRAIGHT/LEVEL,ASPHALT,DRIVER DISTRACTED - EXPLAIN IN NARRATIVE,RAN OFF ROAD,RODGERSRDSNOODYRD,STOP SIGN
BLOOMINGTON PD,BLOOMINGTON,5/8/2020,1:00 PM,2,0,0,0,0,,,,W VERNAL PIKE,N CURRY PIKE,,,,39.17762,-86.57894,COUNTY ROAD,N,RURAL,N,N,N,,DAYLIGHT,CLEAR,DRY,,NO JUNCTION INVOLVED,STRAIGHT/LEVEL,ASPHALT,FOLLOWING TOO CLOSELY,REAR END,4100WVERNALPIKECURRYPIKE,LANE CONTROL
BLOOMINGTON PD,BLOOMINGTON,5/8/2020,4:12 PM,2,0,0,0,0,,,,W COUNTRY CLUB DR,S ROGERS ST,,,,39.13604,-86.53827,LOCAL/CITY ROAD,N,URBAN,N,N,N,,UNKNOWN,CLEAR,DRY,,FOUR-WAY INTERSECTION,STRAIGHT/LEVEL,ASPHALT,FAILURE TO YIELD RIGHT OF WAY,LEFT TURN,SROGERSSTWCOUNTRYCLUBDR,TRAFFIC CONTROL SIGNAL
MONROE SD,BLOOMINGTON,5/8/2020,5:25 PM,2,0,0,0,0,400,,,W TERRACE DR,COUNTRY CLUB TERRACE,,,,39.1276,-86.537776,COUNTY ROAD,N,URBAN,N,N,N,,DAYLIGHT,CLEAR,DRY,,NO JUNCTION INVOLVED,STRAIGHT/LEVEL,ASPHALT,UNSAFE BACKING,BACKING CRASH,WTERRACEDR,NONE
BLOOMINGTON PD,BLOOMINGTON,5/8/2020,8:17 PM,2,0,2,0,0,,,,S PATTERSON DR,W ALLEN ST,,,,39.15567,-86.54332,LOCAL/CITY ROAD,N,URBAN,N,N,N,,DAYLIGHT,CLEAR,DRY,,FOUR-WAY INTERSECTION,CURVE/LEVEL,ASPHALT,UNSAFE SPEED,HEAD ON BETWEEN TWO MOTOR VEHICLES,SPATTERSONDRWALLENST,TRAFFIC CONTROL SIGNAL
BLOOMINGTON PD,BLOOMINGTON,5/8/2020,9:35 PM,2,0,0,0,0,,,,E 3RD ST,S GRANT ST,,,,39.16464,-86.529728,LOCAL/CITY ROAD,N,URBAN,N,N,N,,DARK (LIGHTED),CLEAR,DRY,,FOUR-WAY INTERSECTION,STRAIGHT/GRADE,ASPHALT,FAILURE TO YIELD RIGHT OF WAY,RIGHT ANGLE,3RDSTGRANTSR,STOP SIGN
MONROE SD,BLOOMINGTON,5/9/2020,12:20 AM,1,0,0,0,0,,,,E 17TH ST,N INDIANA AVE,,,,39.179024,-86.5272,LOCAL/CITY ROAD,N,URBAN,N,N,N,,DARK (LIGHTED),CLEAR,DRY,,T-INTERSECTION,STRAIGHT/LEVEL,ASPHALT,RAN OFF ROAD RIGHT,RAN OFF ROAD,EAST17THSTNORTHINDIANAAVE,NONE
BLOOMINGTON PD,BLOOMINGTON,5/9/2020,5:08 PM,2,0,2,0,0,1655,,,S OAKDALE DR,W SPRUCE DR,,,,39.14586717,-86.57148167,UNKNOWN,N,URBAN,N,N,N,,DAYLIGHT,CLEAR,DRY,,NO JUNCTION INVOLVED,CURVE/LEVEL,ASPHALT,UNSAFE SPEED,REAR END,SOAKDALEDR,NONE
BLOOMINGTON PD,BLOOMINGTON,5/9/2020,8:17 PM,2,0,0,0,0,,,,S COLLEGE MALL RD,E BUICK CADILLAC BLVD,,,,39.15811,-86.49789,LOCAL/CITY ROAD,N,URBAN,N,N,N,,DARK (LIGHTED),CLEAR,DRY,,FOUR-WAY INTERSECTION,STRAIGHT/GRADE,ASPHALT,IMPROPER LANE USAGE,SAME DIRECTION SIDESWIPE,EBUICKCADILLACBLVDSCOLLEGEMALLRD,TRAFFIC CONTROL SIGNAL
MONROE SD,BLOOMINGTON,5/10/2020,1:01 PM,2,0,0,0,0,6875,,,N REDHILL RD,,,,,0,0,LOCAL/CITY ROAD,N,RURAL,N,N,N,,DAYLIGHT,CLEAR,WET,,NO JUNCTION INVOLVED,STRAIGHT/GRADE,GRAVEL,RAN OFF ROAD RIGHT,REAR END,REDHILLRD,NONE
MONROE SD,BLOOMINGTON,5/10/2020,9:31 PM,1,0,0,0,1,,,,I-69 N,,,50,N,0,0,INTERSTATE,N,RURAL,N,Y,N,,DARK (NOT LIGHTED),CLEAR,DRY,,NO JUNCTION INVOLVED,STRAIGHT/LEVEL,ASPHALT,ANIMAL/OBJECT IN ROADWAY,COLLISION WITH ANIMAL OTHER,I69N11,NONE
MONROE SD,BLOOMINGTON,5/11/2020,7:43 AM,3,0,0,0,0,4305,,,N TRUESDEL DR,W TRUESDEL CT,,,,39.22511,-86.58968,LOCAL/CITY ROAD,N,URBAN,N,N,N,,DAYLIGHT,CLOUDY,DRY,,NO JUNCTION INVOLVED,STRAIGHT/LEVEL,ASPHALT,DRIVER DISTRACTED - EXPLAIN IN NARRATIVE,SAME DIRECTION SIDESWIPE,NTRUESDELDRWTRUESDELCT,NONE
ISP BLOOMINGTON 33,BLOOMINGTON,5/11/2020,7:52 AM,2,,1,0,0,,,,SR 48,S SHERWOOD DR,,53,E,39.16469397,-86.58973222,STATE ROAD,,URBAN,N,N,N,,DAYLIGHT,CLEAR,DRY,,NO JUNCTION INVOLVED,,ASPHALT,FAILURE TO YIELD RIGHT OF WAY,OTHER - EXPLAIN IN NARRATIVE,,
BLOOMINGTON PD,BLOOMINGTON,5/11/2020,10:34 AM,1,0,1,0,0,,,,N WALNUT ST,SR 45/46,,200,S,39.186368,-86.5344,LOCAL/CITY ROAD,N,URBAN,N,N,N,,DAYLIGHT,CLOUDY,DRY,,NO JUNCTION INVOLVED,STRAIGHT/LEVEL,ASPHALT,IMPROPER LANE USAGE,REAR END,NWALNUTSTSR4546BYP,NONE
BLOOMINGTON PD,BLOOMINGTON,5/11/2020,12:56 PM,2,0,1,0,0,,,,W 2ND ST,S WALKER ST,,,,39.16143,-86.54614,LOCAL/CITY ROAD,N,URBAN,N,N,N,,DAYLIGHT,CLOUDY,DRY,,FOUR-WAY INTERSECTION,CURVE/GRADE,ASPHALT,DISREGARD SIGNAL/REG SIGN,RIGHT ANGLE,2NDSTWALKERST,TRAFFIC CONTROL SIGNAL
BLOOMINGTON PD,BLOOMINGTON,5/11/2020,1:25 PM,1,0,1,0,0,1600,,,E ELLISTON DR,,,,,39.129568,-86.513723,LOCAL/CITY ROAD,Y,URBAN,N,N,N,,DAYLIGHT,CLEAR,DRY,,NO JUNCTION INVOLVED,STRAIGHT/LEVEL,CONCRETE,UNSAFE BACKING,BACKING CRASH,EELLISTONDR,NONE
BLOOMINGTON PD,BLOOMINGTON,5/11/2020,3:15 PM,2,0,0,0,0,,,,S WALNUT ST,ENTRANCE TO SOUTH PARK SHOPPING CENTER,,150,N,39.13730419,-86.53135,LOCAL/CITY ROAD,N,URBAN,N,N,N,,DAYLIGHT,CLOUDY,DRY,,FOUR-WAY INTERSECTION,STRAIGHT/GRADE,ASPHALT,IMPROPER TURNING,LEFT TURN,SWALNUTSTWESTGORDONPIKE,NONE
ISP BLOOMINGTON 33,BLOOMINGTON,5/11/2020,4:10 PM,2,,5,0,0,,,,SR 446,S OLD BEND RD,,739,S,39.02077137,-86.40488769,STATE ROAD,,RURAL,N,N,N,,DAYLIGHT,CLOUDY,DRY,,NO JUNCTION INVOLVED,,ASPHALT,LEFT OF CENTER,HEAD ON BETWEEN TWO MOTOR VEHICLES,SR446SOFCHAPELHILLROADOLDBENDRD,
INDIANA UNIV BLOOMINGTON PD,BLOOMINGTON,5/12/2020,10:55 AM,2,1,1,0,0,,,,SR 45/46,N KINSER PIKE,,,,39.18721,-86.55525,STATE ROAD,N,URBAN,N,N,N,,DAYLIGHT,CLEAR,DRY,,FOUR-WAY INTERSECTION,STRAIGHT/GRADE,ASPHALT,DRIVER DISTRACTED - EXPLAIN IN NARRATIVE,REAR END,SR45SR46,TRAFFIC CONTROL SIGNAL
INDIANA UNIV BLOOMINGTON PD,BLOOMINGTON,5/12/2020,11:52 AM,2,0,0,0,0,,,,SR 45/46,N WALNUT ST,,,,38.7206725,-86.66946967,STATE ROAD,N,URBAN,N,N,N,,DAYLIGHT,CLEAR,DRY,,FOUR-WAY INTERSECTION,STRAIGHT/GRADE,ASPHALT,UNSAFE LANE MOVEMENT,REAR END,SR45WALNUTST,NONE
INDIANA UNIV BLOOMINGTON PD,BLOOMINGTON,5/12/2020,12:18 PM,2,0,0,0,0,,,,SR 45/46,E DISCOVERY PKWY,,,,0,0,LOCAL/CITY ROAD,N,URBAN,N,N,N,,DAYLIGHT,CLEAR,DRY,,FOUR-WAY INTERSECTION,STRAIGHT/LEVEL,ASPHALT,DISREGARD SIGNAL/REG SIGN,OTHER - EXPLAIN IN NARRATIVE,PETEELLISDRSR45,TRAFFIC CONTROL SIGNAL
ISP BLOOMINGTON 33,BLOOMINGTON,5/13/2020,7:55 AM,1,,0,0,1,,,,I-69 S,,,0,S,39.07353992,-86.63835886,INTERSTATE,,RURAL,N,Y,N,,DAWN/DUSK,CLOUDY,WET,,NO JUNCTION INVOLVED,,ASPHALT,ANIMAL/OBJECT IN ROADWAY,COLLISION WITH DEER,,
BLOOMINGTON PD,BLOOMINGTON,5/13/2020,11:19 AM,2,0,0,0,0,,,,SR 45/46,N FEE LN,,150,W,39.18609869,-86.5203624,STATE ROAD,Y,URBAN,N,N,N,,DAYLIGHT,CLEAR,DRY,,NO JUNCTION INVOLVED,CURVE/GRADE,ASPHALT,UNSAFE LANE MOVEMENT,SAME DIRECTION SIDESWIPE,FEELNSR46N,LANE CONTROL
BLOOMINGTON PD,BLOOMINGTON,5/13/2020,11:51 AM,1,0,0,0,0,,,,W GRIMES LN,S MADISON ST,,,,39.15342,-86.53764,LOCAL/CITY ROAD,N,URBAN,N,N,N,,DAYLIGHT,CLOUDY,DRY,,T-INTERSECTION,CURVE/GRADE,ASPHALT,RAN OFF ROAD RIGHT,RAN OFF ROAD,SMADISONSTWGRIMESLN,LANE CONTROL
BLOOMINGTON PD,BLOOMINGTON,5/13/2020,2:00 PM,2,0,1,0,0,,,,W ARLINGTON RD,,,250,S,39.184048,-86.550192,LOCAL/CITY ROAD,N,URBAN,N,N,N,,DAYLIGHT,CLEAR,DRY,,NO JUNCTION INVOLVED,CURVE/GRADE,ASPHALT,FOLLOWING TOO CLOSELY,REAR END,WEST20THSTWESTARLINGTONRD,NONE
MONROE SD,BLOOMINGTON,5/13/2020,3:35 PM,1,0,0,0,1,,,,SR 37,E MONROE DAM RD,,300,S,39.01924134,-86.53630986,STATE ROAD,N,RURAL,N,N,N,,DAYLIGHT,CLEAR,DRY,,RAMP,STRAIGHT/LEVEL,ASPHALT,ANIMAL/OBJECT IN ROADWAY,COLLISION WITH DEER,EMONROEDAMRDSR37S,NONE
MONROE SD,BLOOMINGTON,5/14/2020,6:46 AM,1,0,0,0,0,,,,W VERNAL PIKE,INDUSTRIAL PARK,,,,39.17906,-86.56237,COUNTY ROAD,Y,RURAL,N,N,N,,DARK (LIGHTED),CLEAR,DRY,,NO JUNCTION INVOLVED,STRAIGHT/GRADE,ASPHALT,RAN OFF ROAD RIGHT,RAN OFF ROAD,WINDUSTRIALPARKDRWVERNALPIKE,STOP SIGN
BLOOMINGTON PD,BLOOMINGTON,5/14/2020,9:56 AM,2,0,0,0,0,,,,W COUNTRY CLUB DR,S ROGERS ST,,,,39.13604,-86.53827,LOCAL/CITY ROAD,N,URBAN,N,N,N,,DAYLIGHT,CLOUDY,DRY,,FOUR-WAY INTERSECTION,STRAIGHT/LEVEL,ASPHALT,FAILURE TO YIELD RIGHT OF WAY,REAR END,COUNTYCLUBDRROGERSST,TRAFFIC CONTROL SIGNAL