Agency,City,Collision Date,Collision Time,Vehicles Involved,Trailers Involved,Number Injured,Number Dead,Number Deer,House Number,Roadway Interchange,Roadway Ramp,Roadway Id,Intersecting Road,Interchange,Feet From,Direction,Latitude,Longitude,Roadway Class,Hit and Run?,Locality,School Zone?,Rumble Strips?,Construction?,Construction Type,Light Condition,Weather Conditions,Surface Condition,Type of Median,Roadway Junction Type,Road Character,Roadway Surface,Primary Factor,Manner of Collision,Unique Location Id,Traffic Control
MONROE SD,BLOOMINGTON,5/28/2020,5:21 AM,1,0,0,0,1,,,,I-69 N,W FULLERTON PIKE,,500,S,39.069405,-86.57137,INTERSTATE,N,RURAL,N,N,N,,DARK (NOT LIGHTED),RAIN,WET,,INTERCHANGE,STRAIGHT/LEVEL,ASPHALT,ANIMAL/OBJECT IN ROADWAY,COLLISION WITH ANIMAL OTHER,FULLERTONPIKEI69N,NONE
MONROE SD,BLOOMINGTON,5/28/2020,5:56 AM,1,0,0,0,0,9396,,,S STRAIN RIDGE RD,,,,,39.025967,-86.523077,COUNTY ROAD,N,RURAL,N,N,N,,DARK (NOT LIGHTED),RAIN,WET,,NO JUNCTION INVOLVED,STRAIGHT/LEVEL,ASPHALT,RAN OFF ROAD RIGHT,RAN OFF ROAD,STRAINRIDGERD,NONE
BLOOMINGTON PD,BLOOMINGTON,5/28/2020,2:24 PM,2,0,2,0,0,,,,W 2ND ST,S EUCLID AVE,,,,39.16142,-86.54337,LOCAL/CITY ROAD,N,URBAN,N,N,N,,DAYLIGHT,CLEAR,DRY,,T-INTERSECTION,STRAIGHT/HILLCREST,ASPHALT,VIEW OBSTRUCTED,LEFT TURN,SEUCLIDAVEW2NDST,STOP SIGN
MONROE SD,BLOOMINGTON,5/28/2020,5:38 PM,1,0,1,0,0,1050,,,N HARTSTRAIT RD,N WELLNESS WAY,,4224,N,39.62350124,-86.61063617,LOCAL/CITY ROAD,N,RURAL,N,N,N,,DAYLIGHT,CLOUDY,DRY,,NO JUNCTION INVOLVED,STRAIGHT/GRADE,CONCRETE,IMPROPER PASSING,SAME DIRECTION SIDESWIPE,1050NHARTSTRAITRDWSR45HWY,NONE
BLOOMINGTON PD,BLOOMINGTON,5/28/2020,9:15 PM,2,0,1,0,0,,,,SR 48,S GATES DR,,,,0,0,LOCAL/CITY ROAD,Y,URBAN,N,N,N,,DARK (LIGHTED),RAIN,WET,,FOUR-WAY INTERSECTION,STRAIGHT/LEVEL,ASPHALT,FAILURE TO YIELD RIGHT OF WAY,RIGHT ANGLE,NGATESDRW3RDST,TRAFFIC CONTROL SIGNAL
MONROE SD,BLOOMINGTON,5/29/2020,11:08 AM,1,0,0,0,0,,,,SR 45,,,1000,S,39.11774229,-86.62176025,STATE ROAD,N,RURAL,N,N,N,,DARK (NOT LIGHTED),CLEAR,DRY,,NO JUNCTION INVOLVED,STRAIGHT/GRADE,ASPHALT,ANIMAL/OBJECT IN ROADWAY,COLLISION WITH ANIMAL OTHER,DUNLAPRDSR45W,NONE
BLOOMINGTON PD,BLOOMINGTON,5/29/2020,12:20 PM,2,0,1,0,0,,,,S HENDERSON ST,E GRAHAM DR,,,,39.13944,-86.52694,LOCAL/CITY ROAD,Y,URBAN,N,N,N,,DAYLIGHT,RAIN,WET,,FOUR-WAY INTERSECTION,STRAIGHT/LEVEL,ASPHALT,FAILURE TO YIELD RIGHT OF WAY,HEAD ON BETWEEN TWO MOTOR VEHICLES,EGRAHAMPLSHENDERSONST,STOP SIGN
ISP BLOOMINGTON 33,BLOOMINGTON,5/29/2020,12:30 PM,1,,1,0,0,,,,I-69 N,,,0,S,39.06856467,-86.67342809,INTERSTATE,,RURAL,N,N,N,,DAYLIGHT,RAIN,WET,,NO JUNCTION INVOLVED,,CONCRETE,SPEED TOO FAST FOR WEATHER CONDITIONS,RAN OFF ROAD,,
BLOOMINGTON PD,BLOOMINGTON,5/29/2020,2:31 PM,1,0,0,0,0,,,,S COLLEGE MALL RD,ENTRANCE TO EASTLAND PLAZA,,,,0,0,LOCAL/CITY ROAD,N,URBAN,N,N,N,,DAYLIGHT,CLOUDY,WET,,NO JUNCTION INVOLVED,STRAIGHT/LEVEL,ASPHALT,OVERCORRECTING/OVERSTEERING,NON-COLLISION,ACCESSDRIVETOEASTLANDPLAZAPLZSCOLLEGEMALLRD,TRAFFIC CONTROL SIGNAL
BLOOMINGTON PD,BLOOMINGTON,5/29/2020,2:58 PM,1,0,1,0,0,,,,N ROGERS ST,W 10TH ST,,50,S,39.16611186,-86.53861,LOCAL/CITY ROAD,N,URBAN,N,N,N,,DAYLIGHT,CLOUDY,DRY,,TRAIL CROSSINGS,STRAIGHT/LEVEL,ASPHALT,FAILURE TO YIELD RIGHT OF WAY,RIGHT ANGLE,10THSTNROGERSST,LANE CONTROL
MONROE SD,BLOOMINGTON,5/29/2020,3:46 PM,2,0,0,0,0,,,,N SMITH PIKE,N NORWAY DR,,,,39.20188,-86.58313,COUNTY ROAD,N,RURAL,N,N,N,,DAYLIGHT,CLEAR,DRY,,NO JUNCTION INVOLVED,STRAIGHT/LEVEL,ASPHALT,FOLLOWING TOO CLOSELY,REAR END,NORWAYDRSMITHPIKE,NONE
BLOOMINGTON PD,BLOOMINGTON,5/29/2020,9:00 PM,2,0,0,0,0,,,,N WALNUT ST,,,100,S,39.16864,-86.533568,LOCAL/CITY ROAD,Y,URBAN,N,N,N,,DARK (LIGHTED),CLEAR,DRY,,FOUR-WAY INTERSECTION,STRAIGHT/LEVEL,ASPHALT,UNSAFE LANE MOVEMENT,SAME DIRECTION SIDESWIPE,E7THSTNWALNUTST,NONE
BLOOMINGTON PD,BLOOMINGTON,5/30/2020,1:05 PM,1,0,1,0,0,,,,N MORTON ST,W 9TH ST,,,,39.170544,-86.536,LOCAL/CITY ROAD,N,URBAN,N,N,N,,DAYLIGHT,CLEAR,DRY,,T-INTERSECTION,STRAIGHT/LEVEL,ASPHALT,OTHER (DRIVER) - EXPLAIN IN NARRATIVE,NON-COLLISION,NMORTONSTW9THST,STOP SIGN
MONROE SD,BLOOMINGTON,5/30/2020,7:17 PM,1,0,0,0,0,,Y,Y,E SAMPLE RD,I-69 N,,,,39.22250953,-86.54921883,COUNTY ROAD,N,RURAL,N,N,N,,DAYLIGHT,CLEAR,DRY,,TRAFFIC CIRCLE/ROUNDABOUT,CURVE/GRADE,ASPHALT,UNSAFE SPEED,RAN OFF ROAD,I69HWYSAMPLERD,NONE
MONROE SD,BLOOMINGTON,5/30/2020,11:37 PM,1,0,0,0,1,,,,I-69 N,,,100,S,0,0,INTERSTATE,N,RURAL,N,Y,N,,DARK (NOT LIGHTED),CLEAR,DRY,,NO JUNCTION INVOLVED,STRAIGHT/LEVEL,ASPHALT,ANIMAL/OBJECT IN ROADWAY,COLLISION WITH DEER,I69N125.5,LANE CONTROL
MONROE SD,BLOOMINGTON,5/30/2020,11:50 PM,1,0,0,0,0,5901,,,W LEONARD SPRINGS RD,,,,,39.12229417,-86.61014381,LOCAL/CITY ROAD,N,RURAL,N,N,N,,DARK (NOT LIGHTED),CLOUDY,DRY,,NO JUNCTION INVOLVED,STRAIGHT/LEVEL,ASPHALT,RAN OFF ROAD RIGHT,NON-COLLISION,WLEONARDSPRINGSRD,NONE
MONROE SD,BLOOMINGTON,5/31/2020,11:55 AM,1,0,0,0,1,,,,I-69 N,,,1200,N,0,0,INTERSTATE,N,RURAL,N,N,N,,DAYLIGHT,CLEAR,DRY,,NO JUNCTION INVOLVED,STRAIGHT/LEVEL,ASPHALT,ANIMAL/OBJECT IN ROADWAY,COLLISION WITH DEER,I69N110,NONE
BLOOMINGTON PD,BLOOMINGTON,5/31/2020,4:57 PM,1,0,0,0,0,3425,,,ACADIA CT,S ACADIA CT,,,,39.13289267,-86.51816867,LOCAL/CITY ROAD,N,URBAN,N,N,N,,DAYLIGHT,CLEAR,DRY,,NO JUNCTION INVOLVED,STRAIGHT/LEVEL,CONCRETE,RAN OFF ROAD RIGHT,RAN OFF ROAD,SOUTHACADIACT,NONE
ISP BLOOMINGTON 33,BLOOMINGTON,5/31/2020,5:50 PM,1,,0,0,0,,,,SR 45/46,E DISCOVERY PKWY,,739,N,39.17514785,-86.50424221,STATE ROAD,,URBAN,N,N,Y,LANE CLOSURE,DAYLIGHT,CLEAR,DRY,,NO JUNCTION INVOLVED,,CONCRETE,OTHER (DRIVER) - EXPLAIN IN NARRATIVE,RAN OFF ROAD,,
BLOOMINGTON PD,BLOOMINGTON,5/31/2020,6:10 PM,1,0,1,0,0,,,,S LIBERTY DR,ENTRANCE TO WHITEHALL PLAZA,,,,0,0,LOCAL/CITY ROAD,N,URBAN,N,N,N,,DAYLIGHT,CLEAR,DRY,,FOUR-WAY INTERSECTION,STRAIGHT/GRADE,ASPHALT,IMPROPER TURNING,NON-COLLISION,PRIVATEACCESSRDSLIBERTYDR,NONE
BLOOMINGTON PD,BLOOMINGTON,5/31/2020,9:10 PM,1,1,1,0,0,,,,N WALNUT ST,E KIRKWOOD AVE,,,,39.16664,-86.5336,LOCAL/CITY ROAD,Y,,N,N,N,,DARK (LIGHTED),CLEAR,DRY,,NO JUNCTION INVOLVED,STRAIGHT/LEVEL,ASPHALT,PEDESTRIAN ACTION,COLLISION WITH OBJECT IN ROAD,EASTKIRKWOODAVENORTHWALNUTST,TRAFFIC CONTROL SIGNAL
ISP BLOOMINGTON 33,BLOOMINGTON,5/31/2020,9:35 PM,1,,0,0,1,,,,SR 46,E 7TH ST,,106,N,39.16782838,-86.50013307,STATE ROAD,,URBAN,N,N,N,,DARK (LIGHTED),CLEAR,DRY,,NO JUNCTION INVOLVED,,ASPHALT,ANIMAL/OBJECT IN ROADWAY,COLLISION WITH DEER,,
BLOOMINGTON PD,BLOOMINGTON,6/1/2020,11:00 AM,2,0,0,0,0,,,,S CLARIZZ BLVD,SR 46,,150,S,39.16424,-86.4908,UNKNOWN,N,URBAN,N,N,N,,DAYLIGHT,CLEAR,DRY,,T-INTERSECTION,STRAIGHT/GRADE,ASPHALT,FOLLOWING TOO CLOSELY,REAR END,3RDSTCLARRIZBLVD,NONE
ISP BLOOMINGTON 33,BLOOMINGTON,6/1/2020,4:30 PM,2,,0,0,0,,,,W 3RD ST,I-69,,0,S,39.164563,-86.575116,STATE ROAD,,URBAN,N,N,N,,DAYLIGHT,CLEAR,DRY,,FOUR-WAY INTERSECTION,,ASPHALT,IMPROPER LANE USAGE,SAME DIRECTION SIDESWIPE,W3rdStI-69,
MONROE SD,ELLETTSVILLE,6/1/2020,7:58 PM,1,0,0,0,0,,,,N MT TABOR RD,,,250,S,39.266864,-86.620704,COUNTY ROAD,Y,RURAL,N,N,N,,DAWN/DUSK,CLEAR,DRY,,NO JUNCTION INVOLVED,STRAIGHT/GRADE,ASPHALT,RAN OFF ROAD RIGHT,RAN OFF ROAD,COWDENRDMTTABORRD,NONE
MONROE SD,BLOOMINGTON,6/2/2020,6:09 AM,1,0,0,0,1,,,,I-69 S,,,2000,N,0,0,INTERSTATE,N,RURAL,N,Y,N,,DAWN/DUSK,CLEAR,DRY,,NO JUNCTION INVOLVED,STRAIGHT/GRADE,ASPHALT,ANIMAL/OBJECT IN ROADWAY,COLLISION WITH DEER,I69S113.5,LANE CONTROL
BLOOMINGTON PD,BLOOMINGTON,6/2/2020,9:21 AM,2,0,0,0,0,420,,,ALLEY,ALLEY,,,,39.16975445,-86.53354874,LOCAL/CITY ROAD,N,URBAN,N,N,N,,DAYLIGHT,CLEAR,DRY,,FOUR-WAY INTERSECTION,STRAIGHT/LEVEL,ASPHALT,FAILURE TO YIELD RIGHT OF WAY,RIGHT ANGLE,NWALNUTST,NONE
BLOOMINGTON PD,BLOOMINGTON,6/2/2020,12:13 PM,3,0,0,0,0,,,,S WALNUT ST,E 2ND ST,,,,39.16139,-86.53363,LOCAL/CITY ROAD,N,URBAN,N,N,N,,DAYLIGHT,CLEAR,DRY,,FOUR-WAY INTERSECTION,STRAIGHT/LEVEL,ASPHALT,FOLLOWING TOO CLOSELY,REAR END,EAST2NDSTSOUTHWALNUTST,NONE
BLOOMINGTON PD,BLOOMINGTON,6/2/2020,12:48 PM,2,0,0,0,0,,,,W COUNTRY CLUB DR,S MADISON ST,,,,39.13601,-86.53712,LOCAL/CITY ROAD,N,URBAN,N,N,N,,DAYLIGHT,CLEAR,DRY,,T-INTERSECTION,STRAIGHT/LEVEL,ASPHALT,FAILURE TO YIELD RIGHT OF WAY,RIGHT ANGLE,COUNTRYCLUBDRMADISONST,LANE CONTROL
BLOOMINGTON PD,BLOOMINGTON,6/2/2020,1:00 PM,10,0,0,0,0,1155,,,W 3RD ST,ENTRANCE TO IU HEALTH BLOOMINGTON HOSPICE,,,,39.1638,-86.54758,UNKNOWN,N,URBAN,N,N,N,,DAYLIGHT,CLEAR,DRY,,NO JUNCTION INVOLVED,STRAIGHT/GRADE,ASPHALT,OTHER (ENVIRONMENTAL) - EXPLAIN IN NARR,OTHER - EXPLAIN IN NARRATIVE,WEST3RDST,NONE
BLOOMINGTON PD,BLOOMINGTON,6/2/2020,3:35 PM,2,0,2,0,0,,,,SR 46,SR 446,,,,39.16425,-86.47205,LOCAL/CITY ROAD,N,URBAN,N,N,N,,DAYLIGHT,CLEAR,DRY,,FOUR-WAY INTERSECTION,STRAIGHT/LEVEL,ASPHALT,FOLLOWING TOO CLOSELY,REAR END,SR446RDSR46RD,TRAFFIC CONTROL SIGNAL
BLOOMINGTON PD,BLOOMINGTON,6/2/2020,4:57 PM,2,0,0,0,0,,,,E MORNINGSIDE DR,SR 46,,,,39.16424,-86.473696,LOCAL/CITY ROAD,Y,URBAN,N,,N,,DAYLIGHT,CLEAR,DRY,,T-INTERSECTION,STRAIGHT/LEVEL,ASPHALT,UNSAFE BACKING,BACKING CRASH,E3RDSTEMORNINGSIDEDR,STOP SIGN
INDIANA UNIV BLOOMINGTON PD,BLOOMINGTON,6/2/2020,5:05 PM,1,0,0,0,0,,,,N INDIANA AVE,E 13TH ST,,,,39.17524,-86.527,,Y,URBAN,N,N,N,,DAYLIGHT,CLEAR,DRY,,FOUR-WAY INTERSECTION,STRAIGHT/GRADE,ASPHALT,UNSAFE SPEED,RAN OFF ROAD,INDIANAAVETHIRTEENTHST,NONE
ISP BLOOMINGTON 33,BLOOMINGTON,6/2/2020,5:35 PM,2,,0,0,0,,,,I-69 S,,,634,E,39.17004365,-86.57127804,INTERSTATE,,URBAN,N,N,N,,DAYLIGHT,CLEAR,DRY,,NO JUNCTION INVOLVED,,ASPHALT,UNSAFE LANE MOVEMENT,SAME DIRECTION SIDESWIPE,,
BLOOMINGTON PD,BLOOMINGTON,6/2/2020,6:48 PM,2,0,0,0,0,,,,N ROGERS ST,W KIRKWOOD AVE,,75,N,39.166672,-86.538608,LOCAL/CITY ROAD,Y,URBAN,N,N,N,,DAYLIGHT,CLEAR,DRY,,NO JUNCTION INVOLVED,STRAIGHT/GRADE,ASPHALT,FAILURE TO YIELD RIGHT OF WAY,RIGHT ANGLE,EKIRKWOODAVENROGERSST,NONE
BLOOMINGTON PD,BLOOMINGTON,6/3/2020,1:01 AM,1,0,1,0,0,,,,S WALNUT ST,E BURKS DR,,150,S,39.1108237,-86.53137,LOCAL/CITY ROAD,Y,URBAN,N,N,N,,DARK (NOT LIGHTED),CLEAR,DRY,,T-INTERSECTION,STRAIGHT/LEVEL,ASPHALT,PEDESTRIAN ACTION,COLLISION WITH OBJECT IN ROAD,EBURKSDRSWALNUTST,STOP SIGN
MONROE SD,BLOOMINGTON,6/3/2020,2:37 AM,3,1,0,0,0,,,,S FAIRFAX RD,E CAROWINDS CT,,,,39.06104,-86.498448,LOCAL/CITY ROAD,N,RURAL,N,N,N,,DAYLIGHT,CLEAR,DRY,,T-INTERSECTION,CURVE/LEVEL,ASPHALT,UNSAFE BACKING,OTHER - EXPLAIN IN NARRATIVE,ECAROWINDSCTSFAIRFAXRD,NONE
BLOOMINGTON PD,BLOOMINGTON,6/3/2020,2:50 AM,1,0,0,0,0,,,,E 2ND ST,S WASHINGTON ST,,,,39.16138,-86.53241,LOCAL/CITY ROAD,Y,URBAN,N,N,N,,DARK (NOT LIGHTED),CLEAR,DRY,,FOUR-WAY INTERSECTION,STRAIGHT/LEVEL,ASPHALT,DISREGARD SIGNAL/REG SIGN,RIGHT ANGLE,E2NDSTSWASHINGTONST,STOP SIGN
BLOOMINGTON PD,BLOOMINGTON,6/3/2020,7:26 AM,2,0,2,0,0,,,,SR 46,KINGSTON DR S,,,,39.16424,-86.492944,LOCAL/CITY ROAD,N,URBAN,N,N,N,,DAYLIGHT,CLEAR,DRY,,FOUR-WAY INTERSECTION,NON-ROADWAY CRASH,ASPHALT,FOLLOWING TOO CLOSELY,REAR END,3RDSTKINGSTONDR,TRAFFIC CONTROL SIGNAL
BLOOMINGTON PD,BLOOMINGTON,6/3/2020,12:04 PM,2,0,0,0,0,,,,N WALNUT ST,ENTRANCE TO EXECUTIVE PARK NORTH,,300,N,39.1920666,-86.53301663,LOCAL/CITY ROAD,N,URBAN,N,N,N,,DAYLIGHT,CLEAR,DRY,,NO JUNCTION INVOLVED,CURVE/LEVEL,ASPHALT,FOLLOWING TOO CLOSELY,REAR END,FRITZDRWALNUTST,NONE
MONROE SD,BLOOMINGTON,6/3/2020,2:38 PM,1,0,0,0,0,3641,,,W FESTIVE DR,W INDIAN CREEK DR,,,,39.130144,-86.57754645,LOCAL/CITY ROAD,N,URBAN,N,N,N,,DAYLIGHT,CLEAR,DRY,,NO JUNCTION INVOLVED,CURVE/LEVEL,ASPHALT,DRIVER ASLEEP OR FATIGUED,RAN OFF ROAD,WFESTIVEDR,NONE
BLOOMINGTON PD,BLOOMINGTON,6/3/2020,4:30 PM,2,0,0,0,0,3100,,,S WALNUT ST PIKE,ENTRANCE TO WALNUT GROVE APARTMENTS,,250,N,39.1530805,-86.53137,LOCAL/CITY ROAD,Y,URBAN,N,N,N,,DAYLIGHT,CLEAR,DRY,,T-INTERSECTION,STRAIGHT/LEVEL,CONCRETE,FAILURE TO YIELD RIGHT OF WAY,LEFT TURN,EASTBURKSDRSOUTHWALNUTSTREETPIKE,NONE
BLOOMINGTON PD,BLOOMINGTON,6/3/2020,4:37 PM,2,0,1,0,0,,,,E WINSLOW RD,S HENDERSON ST,,,,39.136144,-86.5268,LOCAL/CITY ROAD,N,URBAN,N,N,N,,DAYLIGHT,CLEAR,DRY,,FOUR-WAY INTERSECTION,STRAIGHT/GRADE,ASPHALT,OTHER (DRIVER) - EXPLAIN IN NARRATIVE,SAME DIRECTION SIDESWIPE,HENDERSONSTWINSLOWRD,TRAFFIC CONTROL SIGNAL
BLOOMINGTON PD,BLOOMINGTON,6/4/2020,3:58 PM,2,0,0,0,0,3120,,,E GOODNIGHT WAY,,,,,39.1562705,-86.49278,UNKNOWN,Y,URBAN,N,N,N,,UNKNOWN,CLOUDY,DRY,,NO JUNCTION INVOLVED,CURVE/HILLCREST,ASPHALT,UNSAFE BACKING,BACKING CRASH,EGOODNIGHTWAY,NONE
MONROE SD,BLOOMINGTON,6/4/2020,4:40 PM,1,0,0,0,0,,,,SR 45,S BUNGER RD,,,,39.12925,-86.6043,LOCAL/CITY ROAD,N,RURAL,N,N,N,,DARK (LIGHTED),CLOUDY,DRY,,T-INTERSECTION,STRAIGHT/LEVEL,ASPHALT,FOLLOWING TOO CLOSELY,RAN OFF ROAD,SBUNGERRDWSR45RD,STOP SIGN
ISP BLOOMINGTON 33,BLOOMINGTON,6/4/2020,7:30 PM,1,,1,0,0,,,,W 1ST ST,B-LINE TRAIL,,0,E,39.15939659,-86.53627924,LOCAL/CITY ROAD,,URBAN,N,N,N,,DAWN/DUSK,RAIN,WET,,TRAIL CROSSINGS,,ASPHALT,FAILURE TO YIELD RIGHT OF WAY,RIGHT ANGLE,,
MONROE SD,BLOOMINGTON,6/4/2020,7:35 PM,2,0,0,0,0,6925,,,SR 45,S DARRELL DR,,100,E,39.11500753,-86.627328,STATE ROAD,N,RURAL,N,N,N,,DAYLIGHT,RAIN,WET,,T-INTERSECTION,CURVE/LEVEL,ASPHALT,IMPROPER TURNING,LEFT TURN,SDARRELLDRSR45W,NONE
BLOOMINGTON PD,BLOOMINGTON,6/4/2020,8:07 PM,2,0,0,0,0,,,,E 10TH ST,N LINCOLN ST,,,,39.171712,-86.530992,LOCAL/CITY ROAD,N,URBAN,N,N,N,,DAWN/DUSK,RAIN,WET,,FOUR-WAY INTERSECTION,STRAIGHT/LEVEL,ASPHALT,FAILURE TO YIELD RIGHT OF WAY,RIGHT ANGLE,E10THSTNLINCOLNST,STOP SIGN
ISP BLOOMINGTON 33,BLOOMINGTON,6/5/2020,1:15 AM,2,,1,0,0,,,,W DILLMAN RD,SR 37,,0,S,39.09296869,-86.54605142,US ROUTE,,RURAL,N,N,N,,DAYLIGHT,CLEAR,DRY,,NO JUNCTION INVOLVED,,ASPHALT,FAILURE TO YIELD RIGHT OF WAY,RIGHT ANGLE,WDillmanRdWDillmanRd,
ISP BLOOMINGTON 33,BLOOMINGTON,6/5/2020,9:30 AM,2,,0,0,0,,,118 C,I-69 S,SR 48,,370,W,39.16482383,-86.5739596,INTERSTATE,,URBAN,N,N,N,,DAYLIGHT,CLEAR,DRY,,RAMP,,CONCRETE,IMPROPER TURNING,RIGHT TURN,,
ISP BLOOMINGTON 33,BLOOMINGTON,6/5/2020,6:00 PM,2,,0,0,0,,,,W 3RD ST,S KIMBLE DR,,158,E,39.16455369,-86.56760878,LOCAL/CITY ROAD,,URBAN,N,N,N,,DAYLIGHT,CLEAR,DRY,,NO JUNCTION INVOLVED,,ASPHALT,UNSAFE BACKING,BACKING CRASH,,
ELLETTSVILLE PD,ELLETTSVILLE,6/6/2020,2:16 AM,2,0,0,0,0,504,,,SR 46,N SALE ST (S),,,,39.226352,-86.614192,STATE ROAD,N,URBAN,N,N,N,,DAYLIGHT,CLEAR,DRY,,NO JUNCTION INVOLVED,STRAIGHT/LEVEL,ASPHALT,IMPROPER TURNING,SAME DIRECTION SIDESWIPE,SR46WTEMPERANCEST,TRAFFIC CONTROL SIGNAL
BLOOMINGTON PD,BLOOMINGTON,6/6/2020,9:37 AM,2,0,0,0,0,,,,W HOOSIER ST,S WALNUT ST,,,,39.13197,-86.53144,LOCAL/CITY ROAD,N,URBAN,N,N,N,,DAYLIGHT,CLEAR,DRY,,FOUR-WAY INTERSECTION,STRAIGHT/GRADE,ASPHALT,IMPROPER TURNING,OPPOSITE DIRECTION SIDESWIPE,HOOSIERSTWALNUTST,STOP SIGN
MONROE SD,BLOOMINGTON,6/6/2020,10:03 AM,2,0,0,0,0,,,,W STAFFORD DR,S FAIRINGTON DR,,,,39.135552,-86.575792,COUNTY ROAD,N,RURAL,N,N,N,,DAYLIGHT,CLEAR,DRY,,T-INTERSECTION,CURVE/GRADE,ASPHALT,IMPROPER LANE USAGE,SAME DIRECTION SIDESWIPE,SFAIRINGTONDRWSTAFFORDDR,NONE
ISP BLOOMINGTON 33,BLOOMINGTON,6/6/2020,10:42 AM,2,,0,0,0,,,,SR 48,S LIBERTY DR,,0,S,39.164593,-86.579116,STATE ROAD,,URBAN,N,N,N,,DAYLIGHT,CLEAR,DRY,,FOUR-WAY INTERSECTION,,ASPHALT,FAILURE TO YIELD RIGHT OF WAY,LEFT TURN,,
INDIANA UNIV BLOOMINGTON PD,BLOOMINGTON,6/6/2020,2:10 PM,2,1,0,0,0,,,,SR 45/46,SR 45,,,,0,0,STATE ROAD,N,URBAN,N,N,N,,DAYLIGHT,CLEAR,DRY,,FOUR-WAY INTERSECTION,STRAIGHT/LEVEL,ASPHALT,UNSAFE LANE MOVEMENT,SAME DIRECTION SIDESWIPE,COLLEGEMALLRDSR46,TRAFFIC CONTROL SIGNAL
BLOOMINGTON PD,BLOOMINGTON,6/6/2020,4:08 PM,2,0,1,0,0,,,,E WINSLOW RD,S HIGHLAND AVE,,,,39.136048,-86.518496,LOCAL/CITY ROAD,N,URBAN,N,N,N,,DAYLIGHT,CLEAR,DRY,,NO JUNCTION INVOLVED,STRAIGHT/GRADE,ASPHALT,FOLLOWING TOO CLOSELY,REAR END,EWINSLOWRDSHIGHLANDAVE,NONE
MONROE SD,BLOOMINGTON,6/6/2020,5:44 PM,1,0,0,0,0,,,,N LOW GAP RD,,,7000,N,39.282576,-86.411808,LOCAL/CITY ROAD,N,RURAL,N,N,N,,DAYLIGHT,CLEAR,DRY,,NO JUNCTION INVOLVED,CURVE/LEVEL,ASPHALT,RAN OFF ROAD RIGHT,RAN OFF ROAD,EANDERSONRDNLOWGAPRD,NONE
MONROE SD,BLOOMINGTON,6/6/2020,5:50 PM,2,0,0,0,0,,,,E WATERS EDGE DR,S LAKE RIDGE DR,,50,S,0,0,UNKNOWN,Y,URBAN,N,N,N,,DAYLIGHT,CLEAR,DRY,,NO JUNCTION INVOLVED,CURVE/GRADE,ASPHALT,OTHER (DRIVER) - EXPLAIN IN NARRATIVE,RIGHT ANGLE,EASTWATERSEDGEDRSOUTHLAKERIDEDR,NONE
MONROE SD,BLOOMINGTON,6/7/2020,4:35 AM,1,0,1,0,0,,,,N BOTTOM RD,N LIBERTY HOLLOW RD,,,,39.313648,-86.602272,LOCAL/CITY ROAD,N,RURAL,N,N,N,,DARK (NOT LIGHTED),CLEAR,DRY,,T-INTERSECTION,STRAIGHT/LEVEL,ASPHALT,DRIVER ASLEEP OR FATIGUED,RAN OFF ROAD,NBOTTOMRDNLIBERTYHOLLOWRD,NONE
MONROE SD,BLOOMINGTON,6/7/2020,6:20 AM,1,0,1,0,0,,,,I-69 N,,,0,N,0,0,STATE ROAD,N,URBAN,N,N,N,,DAWN/DUSK,CLEAR,DRY,,NO JUNCTION INVOLVED,CURVE/LEVEL,ASPHALT,UNSAFE SPEED,NON-COLLISION,SR37N130.0,LANE CONTROL
ISP BLOOMINGTON 33,ELLETTSVILLE,6/7/2020,8:14 AM,1,,0,0,0,,,,SR 46,,,132,S,39.27016839,-86.67048825,STATE ROAD,,RURAL,N,N,N,,DAYLIGHT,CLEAR,DRY,,NO JUNCTION INVOLVED,,ASPHALT,OTHER (VEHICLE) - EXPLAIN IN NARRATIVE,OTHER - EXPLAIN IN NARRATIVE,,
BLOOMINGTON PD,BLOOMINGTON,6/7/2020,11:16 AM,1,0,1,0,0,,,,SR 45/46,N DUNN ST,,,,39.186352,-86.528496,US ROUTE,N,URBAN,N,N,N,,DAYLIGHT,CLEAR,DRY,,FOUR-WAY INTERSECTION,STRAIGHT/LEVEL,ASPHALT,OTHER (VEHICLE) - EXPLAIN IN NARRATIVE,NON-COLLISION,NDUNNSTUS46E,TRAFFIC CONTROL SIGNAL
BLOOMINGTON PD,BLOOMINGTON,6/7/2020,12:11 PM,2,0,1,0,0,,,,SR 46,KINGSTON DR S,,,,39.16424,-86.492944,LOCAL/CITY ROAD,N,URBAN,N,N,Y,LANE CLOSURE,DAYLIGHT,CLEAR,DRY,,FOUR-WAY INTERSECTION,STRAIGHT/LEVEL,ASPHALT,DISREGARD SIGNAL/REG SIGN,RIGHT ANGLE,3RDSTKINGSTONDR,TRAFFIC CONTROL SIGNAL
BLOOMINGTON PD,BLOOMINGTON,6/7/2020,5:45 PM,2,0,2,0,0,,,,W BLOOMFIELD RD,I-69 N,,,,39.1474,-86.57324,LOCAL/CITY ROAD,N,URBAN,N,N,N,,DAYLIGHT,CLEAR,DRY,,T-INTERSECTION,STRAIGHT/GRADE,ASPHALT,DISREGARD SIGNAL/REG SIGN,LEFT TURN,INTERSTATE69SOUTHRAMPWBLOOMFIELDRD,TRAFFIC CONTROL SIGNAL
ISP BLOOMINGTON 33,BLOOMINGTON,6/7/2020,6:30 PM,1,,0,0,0,,,,E RHORER RD,S SARE RD,,53,W,39.12148424,-86.51169009,COUNTY ROAD,,URBAN,N,N,N,,DAYLIGHT,CLEAR,DRY,,T-INTERSECTION,,ASPHALT,DRIVER DISTRACTED - EXPLAIN IN NARRATIVE,,SSareRdERhorerRd,