Agency,City,Collision Date,Collision Time,Vehicles Involved,Trailers Involved,Number Injured,Number Dead,Number Deer,House Number,Roadway Interchange,Roadway Ramp,Roadway Id,Intersecting Road,Interchange,Feet From,Direction,Latitude,Longitude,Roadway Class,Hit and Run?,Locality,School Zone?,Rumble Strips?,Construction?,Construction Type,Light Condition,Weather Conditions,Surface Condition,Type of Median,Roadway Junction Type,Road Character,Roadway Surface,Primary Factor,Manner of Collision,Unique Location Id,Traffic Control
MONROE SD,BLOOMINGTON,8/20/2020,6:13 PM,1,0,1,0,0,,,,SR 37,E SMITHVILLE RD,,1000,S,39.06830953,-86.5356351,STATE ROAD,N,RURAL,N,Y,N,,DAYLIGHT,CLEAR,DRY,,NO JUNCTION INVOLVED,STRAIGHT/LEVEL,ASPHALT,RAN OFF ROAD RIGHT,RAN OFF ROAD,ESMITHVILLERDSR37S,LANE CONTROL
MONROE SD,BLOOMINGTON,8/20/2020,6:40 PM,1,0,0,0,0,,,,S ROGERS ST,W WALLS DR,,100,S,39.12357778,-86.538381,COUNTY ROAD,Y,URBAN,N,N,N,,DAYLIGHT,CLEAR,DRY,,T-INTERSECTION,STRAIGHT/GRADE,ASPHALT,LEFT OF CENTER,,ROGERSSTWALLSDR,NONE
INDIANA UNIV BLOOMINGTON PD,BLOOMINGTON,8/20/2020,7:50 PM,2,0,0,0,0,,,,SR 45/46,E 17TH ST,,,,39.1798375,-86.5071788,STATE ROAD,Y,URBAN,N,N,N,,DAYLIGHT,CLEAR,DRY,,T-INTERSECTION,STRAIGHT/LEVEL,ASPHALT,LEFT OF CENTER,SAME DIRECTION SIDESWIPE,EAST17THSTSR46,TRAFFIC CONTROL SIGNAL
BLOOMINGTON PD,BLOOMINGTON,8/20/2020,9:10 PM,2,0,0,0,0,,,,S SARE RD,E ROGERS RD,,,,39.1356663,-86.4966673,LOCAL/CITY ROAD,N,URBAN,N,N,N,,DARK (NOT LIGHTED),CLEAR,DRY,,TRAFFIC CIRCLE/ROUNDABOUT,CURVE/LEVEL,ASPHALT,FAILURE TO YIELD RIGHT OF WAY,RIGHT ANGLE,EASTROGERSRDSOUTHSARERD,YIELD SIGN
BLOOMINGTON PD,BLOOMINGTON,8/21/2020,5:50 AM,2,0,0,0,0,,,,W 17TH ST,N COLLEGE AVE,,,,39.17896,-86.53472,LOCAL/CITY ROAD,N,URBAN,N,N,N,,DARK (LIGHTED),CLEAR,DRY,,FOUR-WAY INTERSECTION,STRAIGHT/GRADE,ASPHALT,DISREGARD SIGNAL/REG SIGN,RIGHT ANGLE,NCOLLEGEAVEW17THST,TRAFFIC CONTROL SIGNAL
BLOOMINGTON PD,BLOOMINGTON,8/21/2020,11:44 AM,1,0,0,0,0,401,,,B-LINE TRAIL,,,,,39.170321,-86.536926,UNKNOWN,N,URBAN,N,N,N,,DAYLIGHT,CLEAR,DRY,,NO JUNCTION INVOLVED,STRAIGHT/LEVEL,OTHER - EXPLAIN IN NARRATIVE,OTHER (DRIVER) - EXPLAIN IN NARRATIVE,OTHER - EXPLAIN IN NARRATIVE,NMORTONST,NONE
BLOOMINGTON PD,BLOOMINGTON,8/21/2020,1:18 PM,2,0,0,0,0,,,,S WALNUT ST,W 1ST ST,,,,39.17784,-86.533408,LOCAL/CITY ROAD,N,URBAN,N,N,N,,DAYLIGHT,CLEAR,DRY,,FOUR-WAY INTERSECTION,STRAIGHT/LEVEL,CONCRETE,UNSAFE LANE MOVEMENT,LEFT TURN,E1STSTSWALNUTST,TRAFFIC CONTROL SIGNAL
BLOOMINGTON PD,BLOOMINGTON,8/21/2020,1:30 PM,2,0,0,0,0,,,,W 3RD ST,S KIMBLE DR,,,,39.16464,-86.568,LOCAL/CITY ROAD,N,URBAN,N,N,N,,DAYLIGHT,CLEAR,DRY,,FOUR-WAY INTERSECTION,STRAIGHT/LEVEL,CONCRETE,FAILURE TO YIELD RIGHT OF WAY,LEFT TURN,SOUTHKIMBLEDRWEST3RDST,TRAFFIC CONTROL SIGNAL
ISP BLOOMINGTON 33,BLOOMINGTON,8/21/2020,1:50 PM,2,,0,0,0,,,,SR 46,N DUBLIN DR,,0,S,39.16468162,-86.44997196,STATE ROAD,,RURAL,N,N,N,,DAYLIGHT,CLEAR,DRY,,NO JUNCTION INVOLVED,,ASPHALT,FOLLOWING TOO CLOSELY,REAR END,StateRd46,
BLOOMINGTON PD,BLOOMINGTON,8/21/2020,2:05 PM,2,0,1,0,0,,,,SR 48,ENTRANCE TO KROGER FUEL CENTER,,300,W,39.164606,-86.57910502,LOCAL/CITY ROAD,N,URBAN,N,N,N,,DAYLIGHT,CLEAR,DRY,,NO JUNCTION INVOLVED,STRAIGHT/GRADE,ASPHALT,FAILURE TO YIELD RIGHT OF WAY,RIGHT ANGLE,SLIBERTYDRW3RDST,NONE
BLOOMINGTON PD,BLOOMINGTON,8/21/2020,5:30 PM,2,0,0,0,0,,,,SR 46,S SMITH RD,,300,E,39.16424,-86.480688,LOCAL/CITY ROAD,N,URBAN,N,N,N,,DAYLIGHT,CLEAR,DRY,,NO JUNCTION INVOLVED,STRAIGHT/LEVEL,ASPHALT,FOLLOWING TOO CLOSELY,REAR END,E3RDSTSSMITHRD,NONE
INDIANA UNIV BLOOMINGTON PD,BLOOMINGTON,8/21/2020,7:30 PM,2,0,0,0,0,,,,E 3RD ST,S FACULTY AVE,,,,39.164251,-86.521079,LOCAL/CITY ROAD,N,URBAN,N,N,N,,DAYLIGHT,CLEAR,DRY,,T-INTERSECTION,STRAIGHT/LEVEL,ASPHALT,OTHER (VEHICLE) - EXPLAIN IN NARRATIVE,SAME DIRECTION SIDESWIPE,FACULTYAVETHIRDST,NONE
INDIANA UNIV BLOOMINGTON PD,BLOOMINGTON,8/21/2020,7:32 PM,2,0,0,0,0,,,,SR 45/46,E 17TH ST,,,,39.1798375,-86.5071788,STATE ROAD,N,URBAN,N,N,N,,DAWN/DUSK,CLEAR,DRY,,T-INTERSECTION,STRAIGHT/LEVEL,ASPHALT,DRIVER DISTRACTED - EXPLAIN IN NARRATIVE,REAR END,EAST17THSTSR46,TRAFFIC CONTROL SIGNAL
ISP BLOOMINGTON 33,ELLETTSVILLE,8/21/2020,9:05 PM,1,,0,0,0,,,,N HARTSTRAIT RD,,,792,N,39.22188889,-86.6132442,COUNTY ROAD,,URBAN,N,N,N,,DARK (NOT LIGHTED),CLEAR,DRY,,NO JUNCTION INVOLVED,,ASPHALT,OVERCORRECTING/OVERSTEERING,RAN OFF ROAD,WHarbisonRdNHartstraitRd,
BLOOMINGTON PD,BLOOMINGTON,8/21/2020,11:23 PM,2,0,1,0,0,,,,W 3RD ST,I-69 S,,,,0,0,LOCAL/CITY ROAD,N,URBAN,N,N,N,,DARK (LIGHTED),CLEAR,DRY,,NO JUNCTION INVOLVED,STRAIGHT/LEVEL,ASPHALT,FAILURE TO YIELD RIGHT OF WAY,RIGHT ANGLE,69HWYW3RDST,TRAFFIC CONTROL SIGNAL
BLOOMINGTON PD,BLOOMINGTON,8/22/2020,4:25 PM,2,0,1,0,0,,,,E 3RD ST,S JEFFERSON ST,,50,E,39.164304,-86.506992,LOCAL/CITY ROAD,N,URBAN,N,N,N,,DAYLIGHT,CLEAR,DRY,,NO JUNCTION INVOLVED,STRAIGHT/LEVEL,ASPHALT,FOLLOWING TOO CLOSELY,REAR END,E3RDSTSJEFFERSONST,NONE
ISP BLOOMINGTON 33,BLOOMINGTON,8/22/2020,4:28 PM,1,,0,0,0,,,,SR 37,S OLD SR 37,,264,W,39.08561732,-86.54314703,STATE ROAD,,RURAL,N,N,N,,DAYLIGHT,CLEAR,DRY,,NO JUNCTION INVOLVED,,ASPHALT,,RAN OFF ROAD,SOldStateRoad37App.250ftNofOldSR37S,
ELLETTSVILLE PD,ELLETTSVILLE,8/22/2020,5:12 PM,2,0,0,0,0,,,,SR 46,N SALE ST (S),,,,39.23384,-86.624704,STATE ROAD,N,URBAN,N,N,N,,DAYLIGHT,CLEAR,DRY,,FOUR-WAY INTERSECTION,STRAIGHT/LEVEL,ASPHALT,FAILURE TO YIELD RIGHT OF WAY,SAME DIRECTION SIDESWIPE,SALESTSR46W,LANE CONTROL
MONROE SD,BLOOMINGTON,8/22/2020,5:23 PM,2,0,0,0,0,,,,N SMITH PIKE,W CARMOLA DR,,,,39.204448,-86.583168,COUNTY ROAD,N,RURAL,N,N,N,,DAYLIGHT,CLEAR,DRY,,T-INTERSECTION,STRAIGHT/LEVEL,ASPHALT,FOLLOWING TOO CLOSELY,REAR END,NSMITHPIKEWCARMOLADR,NONE
INDIANA UNIV BLOOMINGTON PD,BLOOMINGTON,8/22/2020,6:56 PM,2,0,1,0,0,,,,SR 45,SR 45/46,,,,39.171512,-86.5021044,STATE ROAD,N,URBAN,N,N,N,,DAYLIGHT,CLEAR,DRY,,FOUR-WAY INTERSECTION,STRAIGHT/LEVEL,ASPHALT,CELL PHONE USAGE,REAR END,SR4610THSTREET,TRAFFIC CONTROL SIGNAL
BLOOMINGTON PD,BLOOMINGTON,8/22/2020,8:23 PM,1,0,1,0,0,,,,N WALNUT ST,E KIRKWOOD AVE,,,,39.16664,-86.5336,LOCAL/CITY ROAD,N,URBAN,N,N,N,,DAWN/DUSK,CLEAR,DRY,,FOUR-WAY INTERSECTION,STRAIGHT/LEVEL,ASPHALT,PEDESTRIAN ACTION,OTHER - EXPLAIN IN NARRATIVE,KIRKWOODAVENWALNUTST,TRAFFIC CONTROL SIGNAL
MONROE SD,BLOOMINGTON,8/22/2020,9:39 PM,2,0,1,0,0,,,,S FAIRFAX RD,E POINTE RD,,,,39.063546,-86.498829,COUNTY ROAD,N,RURAL,N,N,N,,DARK (NOT LIGHTED),CLEAR,DRY,,T-INTERSECTION,STRAIGHT/LEVEL,ASPHALT,FAILURE TO YIELD RIGHT OF WAY,LEFT/RIGHT TURN,FAIRFAXRDSFAIRFAXRD,STOP SIGN
BLOOMINGTON PD,BLOOMINGTON,8/23/2020,8:45 AM,2,0,0,0,0,,,,N CLARK ST,,,500,N,39.169472,-86.504864,LOCAL/CITY ROAD,N,URBAN,N,N,N,,DAYLIGHT,CLEAR,DRY,,NO JUNCTION INVOLVED,STRAIGHT/LEVEL,ASPHALT,UNSAFE BACKING,BACKING CRASH,8THSTCLARKST,NONE
BLOOMINGTON PD,BLOOMINGTON,8/23/2020,11:25 AM,2,0,0,0,0,,,,E 10TH ST,N GRANT ST,,,,39.171696,-86.529696,LOCAL/CITY ROAD,N,URBAN,N,N,N,,DAYLIGHT,CLEAR,DRY,,T-INTERSECTION,STRAIGHT/GRADE,ASPHALT,FAILURE TO YIELD RIGHT OF WAY,RIGHT TURN,E10THSTNGRANTST,STOP SIGN
INDIANA UNIV BLOOMINGTON PD,BLOOMINGTON,8/23/2020,6:10 PM,2,0,1,0,0,,,,E ATWATER AVE,S HAWTHORNE DR,,,,0,0,LOCAL/CITY ROAD,N,URBAN,N,N,N,,DAYLIGHT,CLEAR,DRY,,FOUR-WAY INTERSECTION,STRAIGHT/LEVEL,ASPHALT,DISREGARD SIGNAL/REG SIGN,RIGHT ANGLE,ATWATERAVEHAWTHORNELN,STOP SIGN
MONROE SD,BLOOMINGTON,8/23/2020,9:34 PM,2,0,0,0,0,,,,SR 446,,,1397,S,39.01123639,-86.47156349,STATE ROAD,N,RURAL,N,N,N,,DARK (NOT LIGHTED),CLEAR,DRY,,NO JUNCTION INVOLVED,CURVE/GRADE,ASPHALT,TIRE FAILURE OR DEFECTIVE,OTHER - EXPLAIN IN NARRATIVE,ALLENCREEKRDSR446,NONE
BLOOMINGTON PD,BLOOMINGTON,8/23/2020,10:23 PM,1,0,0,0,0,,,,E MOORES PIKE,S WINFIELD RD,,,,39.150496,-86.501088,LOCAL/CITY ROAD,Y,URBAN,,,N,,DARK (LIGHTED),CLEAR,DRY,,TRAFFIC CIRCLE/ROUNDABOUT,STRAIGHT/GRADE,ASPHALT,RAN OFF ROAD RIGHT,RAN OFF ROAD,EMOORESPIKEWINFIELDRD,ROUNDABOUT INTERSECTION
INDIANA UNIV BLOOMINGTON PD,BLOOMINGTON,8/24/2020,9:00 AM,3,0,0,0,0,,,,E 3RD ST,S JORDAN AVE,,,,39.164263,-86.516394,LOCAL/CITY ROAD,Y,URBAN,N,N,N,,DAYLIGHT,CLEAR,DRY,,FOUR-WAY INTERSECTION,STRAIGHT/LEVEL,ASPHALT,FOLLOWING TOO CLOSELY,REAR END,JORDANAVETHIRDST,NONE
MONROE SD,BLOOMINGTON,8/24/2020,10:31 AM,1,0,0,0,0,,,,N STINESVILLE RD,,,1250,S,39.281744,-86.662992,LOCAL/CITY ROAD,Y,RURAL,N,N,N,,DAYLIGHT,CLEAR,DRY,,NO JUNCTION INVOLVED,CURVE/GRADE,,RAN OFF ROAD RIGHT,RAN OFF ROAD,NSTINESVILLERDWHEDRICKRD,LANE CONTROL
BLOOMINGTON PD,BLOOMINGTON,8/24/2020,12:16 PM,2,0,0,0,0,,,,S COLLEGE AVE,W 3RD ST,,,,39.16464,-86.534816,LOCAL/CITY ROAD,N,URBAN,N,N,N,,DAYLIGHT,CLEAR,DRY,,FOUR-WAY INTERSECTION,STRAIGHT/LEVEL,ASPHALT,DISREGARD SIGNAL/REG SIGN,RIGHT ANGLE,SCOLLEGEAVEW3RDST,TRAFFIC CONTROL SIGNAL
INDIANA UNIV BLOOMINGTON PD,BLOOMINGTON,8/24/2020,12:30 PM,2,0,1,0,0,,,,S HIGHLAND AVE,E 3RD ST,,,,39.16426,-86.51771,LOCAL/CITY ROAD,N,URBAN,N,N,N,,DAYLIGHT,CLEAR,DRY,,NO JUNCTION INVOLVED,STRAIGHT/LEVEL,ASPHALT,IMPROPER TURNING,LEFT TURN,HIGHLANDAVETHIRDST,NONE
INDIANA UNIV BLOOMINGTON PD,BLOOMINGTON,8/24/2020,12:42 PM,2,0,0,0,0,,,,S SWAIN AVE,E 3RD ST,,,,39.164261,-86.515275,LOCAL/CITY ROAD,N,URBAN,N,N,N,,DAYLIGHT,CLEAR,DRY,,T-INTERSECTION,STRAIGHT/GRADE,ASPHALT,IMPROPER TURNING,LEFT TURN,SWAINAVETHIRDST,NONE
MONROE SD,BLOOMINGTON,8/24/2020,1:09 PM,2,0,0,0,0,,,,N CURRY PIKE,W JONATHAN DR,,,,0,0,COUNTY ROAD,N,URBAN,N,N,N,,DAYLIGHT,CLEAR,DRY,,FOUR-WAY INTERSECTION,STRAIGHT/GRADE,ASPHALT,DISREGARD SIGNAL/REG SIGN,LEFT TURN,SOUTHCURRYPIKEWESTJONATHONDR,TRAFFIC CONTROL SIGNAL
BLOOMINGTON PD,BLOOMINGTON,8/24/2020,3:55 PM,2,0,0,0,0,,,,S WALNUT ST,W HILLSIDE DR,,,,39.150544,-86.5336,LOCAL/CITY ROAD,N,URBAN,N,N,N,,DAYLIGHT,CLEAR,DRY,,FOUR-WAY INTERSECTION,STRAIGHT/GRADE,ASPHALT,FAILURE TO YIELD RIGHT OF WAY,LEFT TURN,EHILLSIDEDRSWALNUTST,TRAFFIC CONTROL SIGNAL
ISP BLOOMINGTON 33,BLOOMINGTON,8/24/2020,5:45 PM,2,,0,0,0,,120,M,SR 45/46,I-69 S,,0,S,39.1872968,-86.55799574,STATE ROAD,,URBAN,N,N,N,,DAYLIGHT,CLEAR,DRY,,T-INTERSECTION,,ASPHALT,FOLLOWING TOO CLOSELY,REAR END,StateRd46,
MONROE SD,BLOOMINGTON,8/24/2020,6:29 PM,2,0,1,0,0,,,,W CONSTITUTION AVE,S LIBERTY DR,,,,39.14955105,-86.57687855,COUNTY ROAD,N,URBAN,N,N,N,,DAYLIGHT,CLEAR,DRY,,NO JUNCTION INVOLVED,STRAIGHT/GRADE,ASPHALT,FOLLOWING TOO CLOSELY,REAR END,CONSTITUTIONAVELIBERTYDR,NONE
DNR LAW ENFORCEMENT,BLOOMINGTON,8/24/2020,7:34 PM,1,0,0,0,0,,,,N OLD SR 37,,,1000,N,39.42728402,-86.480776,UNKNOWN,N,RURAL,N,N,N,,DAYLIGHT,CLEAR,DRY,,NO JUNCTION INVOLVED,STRAIGHT/GRADE,ASPHALT,RAN OFF ROAD RIGHT,RAN OFF ROAD,BRYANTSCREEKRDRDOLDSR37RDS,NONE
MONROE SD,BLOOMINGTON,8/24/2020,8:23 PM,2,0,0,0,0,,,,E RHORER RD,S WALNUT ST PIKE,,,,39.12144,-86.526496,LOCAL/CITY ROAD,N,RURAL,N,N,N,,DAWN/DUSK,CLEAR,DRY,,FOUR-WAY INTERSECTION,STRAIGHT/LEVEL,ASPHALT,FOLLOWING TOO CLOSELY,REAR END,ERHORERRDSWALNUTSTREETPIKE,TRAFFIC CONTROL SIGNAL
MONROE SD,BLOOMINGTON,8/24/2020,9:10 PM,1,0,0,0,1,,,,E SCHACHT RD,,,1000,E,39.10704,-86.523488,COUNTY ROAD,N,RURAL,N,N,N,,DARK (NOT LIGHTED),CLEAR,DRY,,NO JUNCTION INVOLVED,STRAIGHT/LEVEL,ASPHALT,ANIMAL/OBJECT IN ROADWAY,COLLISION WITH DEER,EFAIRFAXRDESCHACHTRD,NONE
MONROE SD,ELLETTSVILLE,8/25/2020,1:01 AM,2,0,0,0,0,816,,,SR 46,,,50,W,39.236096,-86.625168,LOCAL/CITY ROAD,N,URBAN,N,N,N,,DAYLIGHT,CLEAR,DRY,,FOUR-WAY INTERSECTION,STRAIGHT/LEVEL,ASPHALT,IMPROPER LANE USAGE,LEFT TURN,NMATTHEWSDRWMAINST,NONE
MONROE SD,BLOOMINGTON,8/25/2020,4:54 AM,2,0,0,0,0,,,,N HARTSTRAIT RD,W VERNAL PIKE,,,,39.186752,-86.611504,COUNTY ROAD,N,RURAL,N,N,B,,DAYLIGHT,CLEAR,DRY,,FOUR-WAY INTERSECTION,STRAIGHT/LEVEL,ASPHALT,FAILURE TO YIELD RIGHT OF WAY,RIGHT ANGLE,HARTSTRAITRDVERNALPIKE,STOP SIGN
MONROE SD,BLOOMINGTON,8/25/2020,5:20 AM,1,0,0,0,1,,,,I-69 N,,,100,N,0,0,INTERSTATE,N,RURAL,N,N,N,,DARK (NOT LIGHTED),CLEAR,DRY,,NO JUNCTION INVOLVED,STRAIGHT/GRADE,CONCRETE,ANIMAL/OBJECT IN ROADWAY,COLLISION WITH DEER,I69N112,NONE
BLOOMINGTON PD,BLOOMINGTON,8/25/2020,8:00 AM,2,0,0,0,0,,,,SR 45,,,1000,E,39.17154033,-86.4917847,LOCAL/CITY ROAD,N,URBAN,N,N,N,,DAYLIGHT,CLEAR,DRY,,NO JUNCTION INVOLVED,STRAIGHT/LEVEL,ASPHALT,FOLLOWING TOO CLOSELY,REAR END,10THSTPETEELLISDR,NONE
MONROE SD,ELLETTSVILLE,8/25/2020,10:21 AM,2,0,1,0,0,,,,SR 46,N UNION VALLEY RD,,300,E,39.2153592,-86.59303727,STATE ROAD,N,URBAN,N,N,N,,DAYLIGHT,CLEAR,DRY,,NO JUNCTION INVOLVED,CURVE/LEVEL,ASPHALT,DRIVER DISTRACTED - EXPLAIN IN NARRATIVE,REAR END,NUNIONVALLEYRDSR46W,NONE
BLOOMINGTON PD,BLOOMINGTON,8/25/2020,12:44 PM,2,0,0,0,0,,,,S OAKDALE DR,W BLOOMFIELD RD,,,,39.148544,-86.571504,LOCAL/CITY ROAD,Y,URBAN,N,N,N,,DAYLIGHT,CLEAR,DRY,,FOUR-WAY INTERSECTION,CURVE/GRADE,ASPHALT,IMPROPER PASSING,REAR END,SOAKDALEDRWBLOOMFIELDRD,TRAFFIC CONTROL SIGNAL
INDIANA UNIV BLOOMINGTON PD,BLOOMINGTON,8/25/2020,1:05 PM,2,0,0,0,0,,,,S HIGHLAND AVE,E 3RD ST,,,,39.16426,-86.51771,LOCAL/CITY ROAD,N,URBAN,N,N,N,,DAYLIGHT,CLEAR,DRY,,T-INTERSECTION,STRAIGHT/LEVEL,ASPHALT,IMPROPER TURNING,LEFT TURN,HIGHLANDAVETHIRDST,NONE
MONROE SD,BLOOMINGTON,8/25/2020,5:35 PM,3,0,0,0,0,,,,SR 45,W DINSMORE RD (NE),,,,39.11504,-86.630992,STATE ROAD,N,RURAL,N,N,N,,DAYLIGHT,CLEAR,DRY,,T-INTERSECTION,STRAIGHT/LEVEL,ASPHALT,FOLLOWING TOO CLOSELY,REAR END,SR45WWDINSMORERD,NONE
INDIANA UNIV BLOOMINGTON PD,BLOOMINGTON,8/25/2020,6:18 PM,2,0,0,0,0,,,,N JORDAN AVE,E LINGELBACH LN,,,,39.177171,-86.512525,LOCAL/CITY ROAD,N,URBAN,N,N,N,,DAYLIGHT,CLEAR,DRY,,NO JUNCTION INVOLVED,STRAIGHT/LEVEL,ASPHALT,FAILURE TO YIELD RIGHT OF WAY,LEFT TURN,ELINGELBACHLNJORDANAVE,NONE
BLOOMINGTON PD,BLOOMINGTON,8/25/2020,7:35 PM,2,0,0,0,0,,,,SR 45,ENTRANCE TO SAM'S CLUB,,,,0,0,LOCAL/CITY ROAD,N,URBAN,N,N,N,,DAWN/DUSK,CLEAR,DRY,,FOUR-WAY INTERSECTION,STRAIGHT/GRADE,ASPHALT,FAILURE TO YIELD RIGHT OF WAY,REAR END,INTERSTATE69RAMPWBLOOMFIELDRD,TRAFFIC CONTROL SIGNAL
ISP BLOOMINGTON 33,BLOOMINGTON,8/25/2020,9:00 PM,1,,0,0,1,112,,,I-69 S,,,1214,N,39.31648776,-86.51190765,INTERSTATE,,RURAL,N,N,N,,DARK (NOT LIGHTED),CLEAR,DRY,,NO JUNCTION INVOLVED,,ASPHALT,ANIMAL/OBJECT IN ROADWAY,RIGHT ANGLE,WBurmaRdI-69,
BLOOMINGTON PD,BLOOMINGTON,8/25/2020,9:09 PM,2,0,0,0,0,,,,W KIRKWOOD AVE,S MAPLE ST,,,,39.166628,-86.542194,LOCAL/CITY ROAD,N,URBAN,N,N,N,,DARK (LIGHTED),CLEAR,DRY,,FOUR-WAY INTERSECTION,STRAIGHT/LEVEL,ASPHALT,FAILURE TO YIELD RIGHT OF WAY,RIGHT TURN,SOUTHMAPLESTWESTKIRKWOODAVE,NONE
ELLETTSVILLE PD,ELLETTSVILLE,8/26/2020,12:50 AM,1,0,1,0,0,,,,SR 46,S SHARP ST,,,,39.235952,-86.627904,LOCAL/CITY ROAD,N,URBAN,N,N,N,,DARK (LIGHTED),CLEAR,DRY,,NO JUNCTION INVOLVED,STRAIGHT/LEVEL,ASPHALT,UNSAFE SPEED,OTHER - EXPLAIN IN NARRATIVE,SSHARPSTWTEMPERANCEST,LANE CONTROL
MONROE SD,BLOOMINGTON,8/26/2020,12:02 PM,1,0,0,0,0,,,,E GROSS RD,,,1500,E,39.12668,-86.43568265,LOCAL/CITY ROAD,N,RURAL,N,N,N,,DAYLIGHT,CLEAR,DRY,,NO JUNCTION INVOLVED,STRAIGHT/GRADE,GRAVEL,UNSAFE BACKING,OTHER - EXPLAIN IN NARRATIVE,EGROSSRDSKNGHTRIDGERD,NONE
BLOOMINGTON PD,BLOOMINGTON,8/26/2020,2:30 PM,2,1,2,0,0,,,,SR 45,S LIBERTY DR,,,,39.145152,-86.5776,STATE ROAD,N,URBAN,N,N,N,,DAYLIGHT,CLEAR,DRY,,FOUR-WAY INTERSECTION,STRAIGHT/GRADE,ASPHALT,FAILURE TO YIELD RIGHT OF WAY,LEFT TURN,SLIBERTYDRSR45W,TRAFFIC CONTROL SIGNAL
MONROE SD,BLOOMINGTON,8/26/2020,5:01 PM,1,0,2,0,0,,,,W ISON RD,S CARDWELL RD,,,,39.108016,-86.629376,LOCAL/CITY ROAD,N,RURAL,N,N,N,,DAYLIGHT,CLEAR,DRY,,T-INTERSECTION,STRAIGHT/GRADE,ASPHALT,ANIMAL/OBJECT IN ROADWAY,COLLISION WITH OBJECT IN ROAD,CARDWELLRDISONRD,NONE
MONROE SD,BLOOMINGTON,8/26/2020,6:43 PM,1,0,0,0,0,,,,E RHORER RD,S WALNUT ST,,,,39.12144,-86.526496,LOCAL/CITY ROAD,N,URBAN,N,N,N,,DAYLIGHT,CLEAR,DRY,,FOUR-WAY INTERSECTION,STRAIGHT/GRADE,ASPHALT,RAN OFF ROAD RIGHT,RAN OFF ROAD,RHORERRDWALNUTSTREETPIKE,TRAFFIC CONTROL SIGNAL
BLOOMINGTON PD,BLOOMINGTON,8/26/2020,7:52 PM,2,0,0,0,0,,,,SR 48,S GATES DR,,,,0,0,LOCAL/CITY ROAD,N,URBAN,N,N,N,,DAYLIGHT,CLEAR,DRY,,FOUR-WAY INTERSECTION,STRAIGHT/LEVEL,ASPHALT,DISREGARD SIGNAL/REG SIGN,LEFT TURN,NGATESDRW3RDST,TRAFFIC CONTROL SIGNAL
MONROE SD,BLOOMINGTON,8/27/2020,8:55 AM,2,0,0,0,0,,,,S PARK SQUARE DR,WOODSIDE DR,,,,39.15704,-86.591696,LOCAL/CITY ROAD,N,URBAN,Y,N,N,,DAYLIGHT,CLOUDY,DRY,,T-INTERSECTION,STRAIGHT/LEVEL,ASPHALT,LEFT OF CENTER,HEAD ON BETWEEN TWO MOTOR VEHICLES,PARKSQUAREDRWOODSIDEDR,NONE
BLOOMINGTON PD,BLOOMINGTON,8/27/2020,9:22 AM,2,0,1,0,0,,,,E RECHTER RD / S NOTA DR,E COVENANTER DR,,90,S,39.155184,-86.499632,LOCAL/CITY ROAD,N,URBAN,N,N,N,,DAYLIGHT,CLOUDY,DRY,,NO JUNCTION INVOLVED,CURVE/GRADE,ASPHALT,LEFT OF CENTER,HEAD ON BETWEEN TWO MOTOR VEHICLES,ECOVENANTERDRERECHTERRD,NONE
MONROE SD,BLOOMINGTON,8/27/2020,11:20 AM,2,0,0,0,0,,,,S CURRY PIKE,W CONSTITUTION WAY,,,,,,LOCAL/CITY ROAD,N,URBAN,N,N,N,,DAYLIGHT,CLOUDY,DRY,,T-INTERSECTION,STRAIGHT/LEVEL,ASPHALT,UNSAFE BACKING,BACKING CRASH,CONSTITUTIONAVESCURRYPIKE,STOP SIGN
BLOOMINGTON PD,BLOOMINGTON,8/27/2020,8:55 PM,2,1,2,0,0,,,,S CURRY PIKE,SR 48,,,,39.16465,-86.582939,LOCAL/CITY ROAD,N,URBAN,N,N,N,,DARK (LIGHTED),CLEAR,DRY,,FOUR-WAY INTERSECTION,STRAIGHT/GRADE,ASPHALT,DISREGARD SIGNAL/REG SIGN,LEFT TURN,SCURRYPIKEW3RDST,TRAFFIC CONTROL SIGNAL
INDIANA UNIV BLOOMINGTON PD,BLOOMINGTON,8/28/2020,6:40 AM,1,0,1,0,0,900,,,SR 46,ENTRANCE TO IU PARKING LOT 11,,,,,,STATE ROAD,N,URBAN,N,N,N,,DARK (NOT LIGHTED),CLEAR,DRY,,NO JUNCTION INVOLVED,STRAIGHT/HILLCREST,CONCRETE,FAILURE TO YIELD RIGHT OF WAY,RIGHT TURN,SR46E,NONE
BLOOMINGTON PD,BLOOMINGTON,8/28/2020,11:31 AM,2,0,0,0,9,,,,N WALNUT ST,W 6TH ST,,,,39.167648,-86.533584,LOCAL/CITY ROAD,Y,URBAN,N,N,N,,DAYLIGHT,CLEAR,WET,,FOUR-WAY INTERSECTION,STRAIGHT/GRADE,ASPHALT,FAILURE TO YIELD RIGHT OF WAY,RIGHT ANGLE,NWALNUTSTW6THST,TRAFFIC CONTROL SIGNAL
BLOOMINGTON PD,BLOOMINGTON,8/28/2020,12:06 PM,2,0,0,0,0,,,,SR 45/46,N KINSER PIKE,,,,39.186544,-86.537888,STATE ROAD,N,URBAN,N,N,N,,DAYLIGHT,CLOUDY,DRY,,FOUR-WAY INTERSECTION,STRAIGHT/GRADE,ASPHALT,DISREGARD SIGNAL/REG SIGN,LEFT TURN,KINSERPIKESR46W,TRAFFIC CONTROL SIGNAL