Agency,City,Collision Date,Collision Time,Vehicles Involved,Trailers Involved,Number Injured,Number Dead,Number Deer,House Number,Roadway Interchange,Roadway Ramp,Roadway Id,Intersecting Road,Interchange,Feet From,Direction,Latitude,Longitude,Roadway Class,Hit and Run?,Locality,School Zone?,Rumble Strips?,Construction?,Construction Type,Light Condition,Weather Conditions,Surface Condition,Type of Median,Roadway Junction Type,Road Character,Roadway Surface,Primary Factor,Manner of Collision,Unique Location Id,Traffic Control
INDIANA UNIV BLOOMINGTON PD,BLOOMINGTON,8/28/2020,3:24 PM,2,0,0,0,0,,,,SR 45/46,E DISCOVERY PKWY,,150,S,,,STATE ROAD,N,URBAN,N,N,N,,DAYLIGHT,CLEAR,DRY,,NO JUNCTION INVOLVED,STRAIGHT/HILLCREST,ASPHALT,FOLLOWING TOO CLOSELY,REAR END,DISCOVERYPKWYSR46S,NONE
ELLETTSVILLE PD,ELLETTSVILLE,8/28/2020,3:48 PM,2,0,0,0,0,7398,,,SR 46,W MAPLE GROVE RD,,160,W,39.24576883,-86.63746025,STATE ROAD,N,URBAN,N,N,N,,DAYLIGHT,CLEAR,DRY,,NO JUNCTION INVOLVED,CURVE/LEVEL,ASPHALT,FAILURE TO YIELD RIGHT OF WAY,LEFT TURN,SR46WWMAPLEGROVERD,LANE CONTROL
MONROE SD,ELLETTSVILLE,8/28/2020,4:57 PM,2,0,0,0,0,,,,SR 46,ENTRANCE TO SPEEDWAY GAS STATION,,800,E,39.20872783,-86.58104071,STATE ROAD,N,RURAL,N,N,N,,DAYLIGHT,CLEAR,DRY,,NO JUNCTION INVOLVED,STRAIGHT/LEVEL,ASPHALT,FAILURE TO YIELD RIGHT OF WAY,RIGHT ANGLE,NSMITHPIKESR46W,NO PASSING ZONE
MONROE SD,BLOOMINGTON,8/29/2020,1:31 AM,1,0,0,0,0,,,,S OLD SR 37,,,1500,N,,,LOCAL/CITY ROAD,N,RURAL,N,N,N,,DARK (NOT LIGHTED),CLEAR,DRY,,NO JUNCTION INVOLVED,CURVE/GRADE,ASPHALT,UNSAFE SPEED,RAN OFF ROAD,HARRODSBURGRDSOLD37RD,LANE CONTROL
BLOOMINGTON PD,BLOOMINGTON,8/29/2020,1:47 AM,2,0,0,0,0,,,,N COLLEGE AVE,W KIRKWOOD AVE,,,,39.16664,-86.5348,LOCAL/CITY ROAD,N,URBAN,N,N,N,,DARK (LIGHTED),CLEAR,DRY,,T-INTERSECTION,STRAIGHT/GRADE,ASPHALT,FAILURE TO YIELD RIGHT OF WAY,SAME DIRECTION SIDESWIPE,COLLEGEAVEKIRKWOODAVE,TRAFFIC CONTROL SIGNAL
MONROE SD,BLOOMINGTON,8/29/2020,6:30 AM,1,0,0,0,1,,,,SR 45,S DARRELL DR,,,,39.114992,-86.62768,STATE ROAD,N,RURAL,N,N,N,,DARK (NOT LIGHTED),CLEAR,DRY,,T-INTERSECTION,CURVE/LEVEL,ASPHALT,ANIMAL/OBJECT IN ROADWAY,COLLISION WITH DEER,DARRELLDRSR45W,NONE
BLOOMINGTON PD,BLOOMINGTON,8/29/2020,10:21 AM,1,0,1,0,0,,,,N DUNN ST,E SAVILLE AVE,,,,39.189632,-86.528448,LOCAL/CITY ROAD,N,URBAN,N,N,N,,DAYLIGHT,CLEAR,DRY,,T-INTERSECTION,CURVE/GRADE,ASPHALT,RAN OFF ROAD RIGHT,RAN OFF ROAD,ESAVILLEAVENDUNNST,STOP SIGN
BLOOMINGTON PD,BLOOMINGTON,8/29/2020,11:10 AM,2,0,0,0,0,,,,N MORTON ST,,,50,S,39.171744,-86.536,LOCAL/CITY ROAD,Y,URBAN,N,N,N,,DAYLIGHT,CLEAR,DRY,,NO JUNCTION INVOLVED,STRAIGHT/HILLCREST,ASPHALT,UNSAFE BACKING,BACKING CRASH,NORTHMORTONSTWEST10THST,NONE
BLOOMINGTON PD,BLOOMINGTON,8/29/2020,11:18 AM,2,0,0,0,0,,,,SR 45/46,N KINSER PIKE,,500,W,39.18662255,-86.53964972,STATE ROAD,N,URBAN,N,N,N,,DAYLIGHT,CLOUDY,DRY,,NO JUNCTION INVOLVED,STRAIGHT/GRADE,ASPHALT,FOLLOWING TOO CLOSELY,REAR END,NKINSERPIKESR46E,LANE CONTROL
BLOOMINGTON PD,BLOOMINGTON,8/29/2020,11:36 AM,1,0,1,0,0,2718,,,SR 46 (ENTRANCE TO BURGER KING),S COLLEGE MALL RD,,,,,,LOCAL/CITY ROAD,N,URBAN,N,N,N,,DAYLIGHT,CLEAR,DRY,,T-INTERSECTION,STRAIGHT/GRADE,ASPHALT,FAILURE TO YIELD RIGHT OF WAY,RIGHT ANGLE,E3RDSTENTRANCETO2718E3RDST,STOP SIGN
ISP BLOOMINGTON 33,BLOOMINGTON,8/29/2020,1:05 PM,2,,0,0,0,,,,W OLD SR 37,N WALNUT ST,,0,S,39.207108,-86.534849,STATE ROAD,,RURAL,N,N,N,,DAYLIGHT,CLEAR,DRY,,FOUR-WAY INTERSECTION,,ASPHALT,UNSAFE BACKING,BACKING CRASH,NWalnutStNOldStateRoad37,
BLOOMINGTON PD,BLOOMINGTON,8/29/2020,2:45 PM,2,0,0,0,0,,,,E 3RD ST,S COLLEGE MALL RD,,,,39.16424,-86.4984,LOCAL/CITY ROAD,Y,URBAN,N,N,N,,DAYLIGHT,CLEAR,DRY,,FOUR-WAY INTERSECTION,STRAIGHT/LEVEL,ASPHALT,IMPROPER PASSING,LEFT TURN,EAST3RDSTSOUTHCOLLEGEMALLRD,TRAFFIC CONTROL SIGNAL
BLOOMINGTON PD,BLOOMINGTON,8/29/2020,8:30 PM,2,0,0,0,0,,,,SR 45/46,N KINSER PIKE,,,,39.186544,-86.537888,STATE ROAD,N,URBAN,N,N,N,,DARK (LIGHTED),CLEAR,DRY,,FOUR-WAY INTERSECTION,STRAIGHT/GRADE,ASPHALT,FOLLOWING TOO CLOSELY,REAR END,NKINSERPIKESR46E,TRAFFIC CONTROL SIGNAL
MONROE SD,ELLETTSVILLE,8/30/2020,10:49 AM,1,0,1,0,0,,,,N MOUNT TABOR RD,,,300,S,,,LOCAL/CITY ROAD,N,RURAL,N,N,N,,DAYLIGHT,CLEAR,DRY,,NO JUNCTION INVOLVED,STRAIGHT/GRADE,ASPHALT,RAN OFF ROAD RIGHT,RAN OFF ROAD,NMOUNTTABORRDOLDDUTCHCHURCHRD,NONE
BLOOMINGTON PD,BLOOMINGTON,8/30/2020,2:30 PM,3,0,1,0,0,,,,E 4TH ST,S DUNN ST,,350,E,39.165648,-86.529712,LOCAL/CITY ROAD,N,URBAN,N,N,N,,DAYLIGHT,CLOUDY,DRY,,NO JUNCTION INVOLVED,STRAIGHT/LEVEL,ASPHALT,FAILURE TO YIELD RIGHT OF WAY,SAME DIRECTION SIDESWIPE,EAST4THSTSOUTHGRANTST,LANE CONTROL
MONROE SD,BLOOMINGTON,8/30/2020,10:20 PM,1,0,0,0,0,,,,N WAYPORT RD,E CHAMBERS PIKE,,500,S,,,LOCAL/CITY ROAD,Y,RURAL,N,N,N,,DARK (NOT LIGHTED),CLEAR,DRY,,NO JUNCTION INVOLVED,CURVE/GRADE,ASPHALT,RAN OFF ROAD RIGHT,RAN OFF ROAD,EASTCHAMBERSPIKENORTHWAYPORTRD,NONE
MONROE SD,BLOOMINGTON,8/31/2020,6:44 AM,2,0,0,0,0,,,,N CURRY PIKE,W JONATHAN DR,,,,,,LOCAL/CITY ROAD,N,URBAN,N,N,N,,DAWN/DUSK,CLOUDY,DRY,,FOUR-WAY INTERSECTION,STRAIGHT/LEVEL,ASPHALT,FOLLOWING TOO CLOSELY,REAR END,CURRYPIKEJOHNATHANDR,TRAFFIC CONTROL SIGNAL
BLOOMINGTON PD,BLOOMINGTON,8/31/2020,12:51 PM,2,0,2,0,0,,,,S WASHINGTON ST,ENTRANCE TO BLOOMINGTON POLICE DEPARTMENT,,150,S,39.16422802,-86.5324,LOCAL/CITY ROAD,N,URBAN,N,N,N,,DAYLIGHT,CLOUDY,DRY,,T-INTERSECTION,STRAIGHT/LEVEL,ASPHALT,FAILURE TO YIELD RIGHT OF WAY,LEFT TURN,3RDSTWASHINGTONST,NONE
MONROE SD,ELLETTSVILLE,8/31/2020,6:14 PM,2,0,0,0,0,,,,SR 46,N CENTENNIAL DR,,,,39.210144,-86.5832,STATE ROAD,N,URBAN,N,N,N,,DAYLIGHT,CLEAR,DRY,,FOUR-WAY INTERSECTION,STRAIGHT/GRADE,ASPHALT,BRAKE FAILURE OR DEFECTIVE,REAR END,SMITHPIKESR46W,TRAFFIC CONTROL SIGNAL
BLOOMINGTON PD,BLOOMINGTON,8/31/2020,9:55 PM,2,0,0,0,0,,,,S CURRY PIKE,SR 48,,,,39.164544,-86.560096,LOCAL/CITY ROAD,Y,URBAN,N,N,N,,DARK (LIGHTED),CLEAR,DRY,,FOUR-WAY INTERSECTION,STRAIGHT/LEVEL,ASPHALT,UNSAFE LANE MOVEMENT,LEFT TURN,SCURRYPIKEW3RDST,TRAFFIC CONTROL SIGNAL
BLOOMINGTON PD,BLOOMINGTON,9/1/2020,9:53 AM,2,0,0,0,0,,,,E 2ND ST,S HIGH ST,,,,39.160944,-86.508288,LOCAL/CITY ROAD,N,URBAN,N,N,N,,DAYLIGHT,CLOUDY,DRY,,FOUR-WAY INTERSECTION,STRAIGHT/LEVEL,ASPHALT,DISREGARD SIGNAL/REG SIGN,RIGHT ANGLE,2NDSTHIGHST,TRAFFIC CONTROL SIGNAL
ELLETTSVILLE PD,ELLETTSVILLE,9/1/2020,10:23 AM,2,0,0,0,0,,,,SR 46,N RIDGEWOOD DR,,,,39.217248,-86.598992,STATE ROAD,N,URBAN,N,N,N,,DAWN/DUSK,CLEAR,DRY,,NO JUNCTION INVOLVED,STRAIGHT/LEVEL,ASPHALT,FAILURE TO YIELD RIGHT OF WAY,LEFT/RIGHT TURN,RIDGEWOODDRSR46W,STOP SIGN
BLOOMINGTON PD,BLOOMINGTON,9/1/2020,5:12 PM,2,0,1,0,0,,,,S WALNUT ST,ENTRANCE TO SOUTH PARK SHOPPING CENTER,,420,N,,,LOCAL/CITY ROAD,N,URBAN,N,N,N,,DAYLIGHT,CLEAR,DRY,,FOUR-WAY INTERSECTION,STRAIGHT/LEVEL,CONCRETE,FAILURE TO YIELD RIGHT OF WAY,LEFT TURN,ERHORERRDSWALNUTST,NONE
INDIANA UNIV BLOOMINGTON PD,BLOOMINGTON,9/1/2020,6:25 PM,2,0,0,0,0,,,,E 7TH ST,N WOODLAWN AVE,,,,,,LOCAL/CITY ROAD,Y,URBAN,N,N,N,,DAYLIGHT,CLEAR,DRY,,T-INTERSECTION,STRAIGHT/LEVEL,ASPHALT,FOLLOWING TOO CLOSELY,REAR END,E7THSTWOODLAWNAVE,STOP SIGN
MONROE SD,BLOOMINGTON,9/2/2020,12:21 PM,1,0,1,0,0,,,,SR 45,,,400,E,,,,Y,RURAL,N,N,N,,DAYLIGHT,CLEAR,DRY,,NO JUNCTION INVOLVED,STRAIGHT/GRADE,ASPHALT,UNSAFE BACKING,,SBUNGERRDWSTATERD45RD,NONE
ELLETTSVILLE PD,ELLETTSVILLE,9/2/2020,4:00 PM,2,0,0,0,0,,,,DIANA DR,,,300,E,39.23345854,-86.6143284,LOCAL/CITY ROAD,Y,URBAN,N,N,N,,DAYLIGHT,CLEAR,DRY,,NO JUNCTION INVOLVED,STRAIGHT/LEVEL,ASPHALT,OTHER (DRIVER) - EXPLAIN IN NARRATIVE,OTHER - EXPLAIN IN NARRATIVE,DIANADRRENEEDR,NONE
BLOOMINGTON PD,BLOOMINGTON,9/2/2020,5:20 PM,2,0,1,0,0,,,,SR 45/46,N DUNN ST,,50,W,39.186352,-86.528496,STATE ROAD,N,URBAN,N,N,N,,DAYLIGHT,CLEAR,DRY,,NO JUNCTION INVOLVED,STRAIGHT/LEVEL,ASPHALT,FOLLOWING TOO CLOSELY,REAR END,NDUNNSTSR4546W,NONE
MONROE SD,BLOOMINGTON,9/2/2020,5:35 PM,1,0,0,0,0,,,,S LEONARD SPRINGS RD,,,500,N,39.09344,-86.591792,COUNTY ROAD,N,RURAL,N,N,N,,DAYLIGHT,CLEAR,DRY,,NO JUNCTION INVOLVED,STRAIGHT/GRADE,ASPHALT,RAN OFF ROAD RIGHT,RAN OFF ROAD,SLEONARDSPRINGSRDWMAYRD,NONE
BLOOMINGTON PD,BLOOMINGTON,9/2/2020,5:41 PM,2,0,0,0,0,,,,S WALNUT ST,ENTRANCE TO DAIRY QUEEN,,500,N,39.136144,-86.528688,LOCAL/CITY ROAD,N,URBAN,N,N,N,,DAYLIGHT,CLOUDY,DRY,,NO JUNCTION INVOLVED,STRAIGHT/LEVEL,ASPHALT,FAILURE TO YIELD RIGHT OF WAY,RIGHT ANGLE,EWINSLOWRDSWALNUTST,NONE
BLOOMINGTON PD,BLOOMINGTON,9/2/2020,5:54 PM,2,0,0,0,0,,,,S COLLEGE MALL RD,E BUICK CADILLAC BLVD,,,,39.15816,-86.497792,LOCAL/CITY ROAD,N,URBAN,N,N,N,,DAYLIGHT,CLEAR,WET,,NO JUNCTION INVOLVED,STRAIGHT/GRADE,ASPHALT,FAILURE TO YIELD RIGHT OF WAY,RIGHT ANGLE,EBUICKCADILLACBLVDSCOLLEGEMALLRD,TRAFFIC CONTROL SIGNAL
ISP BLOOMINGTON 33,BLOOMINGTON,9/2/2020,10:45 PM,1,,0,0,1,,,,I-69 N,,,0,S,39.07115464,-86.60989096,INTERSTATE,,RURAL,N,N,Y,LANE CLOSURE,DARK (NOT LIGHTED),CLEAR,DRY,,NO JUNCTION INVOLVED,,ASPHALT,ANIMAL/OBJECT IN ROADWAY,RAN OFF ROAD,I-69110,
INDIANA UNIV BLOOMINGTON PD,BLOOMINGTON,9/3/2020,10:55 AM,1,0,1,0,0,,,,E 3RD ST,S INDIANA AVE,,,,,,LOCAL/CITY ROAD,N,URBAN,N,N,N,,DAYLIGHT,CLOUDY,DRY,,FOUR-WAY INTERSECTION,STRAIGHT/LEVEL,ASPHALT,IMPROPER TURNING,RIGHT TURN,INDIANAAVETHIRDST,TRAFFIC CONTROL SIGNAL
BLOOMINGTON PD,BLOOMINGTON,9/3/2020,11:23 AM,2,0,0,0,0,,,,S ROGERS ST,W 1ST ST,,,,39.17664,-86.538496,LOCAL/CITY ROAD,N,URBAN,N,N,N,,DAYLIGHT,CLOUDY,DRY,,FOUR-WAY INTERSECTION,STRAIGHT/LEVEL,ASPHALT,DISREGARD SIGNAL/REG SIGN,RIGHT ANGLE,1STSTROGERSST,STOP SIGN
BLOOMINGTON PD,BLOOMINGTON,9/3/2020,12:16 PM,2,0,0,0,0,,,,S ADAMS ST,W 2ND ST,,,,39.160544,-86.5508,LOCAL/CITY ROAD,N,URBAN,N,N,N,,DAYLIGHT,CLOUDY,DRY,,FOUR-WAY INTERSECTION,STRAIGHT/LEVEL,ASPHALT,FAILURE TO YIELD RIGHT OF WAY,RIGHT ANGLE,2NDSTADAMSST,TRAFFIC CONTROL SIGNAL
BLOOMINGTON PD,BLOOMINGTON,9/3/2020,9:50 PM,2,0,2,0,0,,,,S WALNUT ST,W GORDON PIKE,,,,39.121463,-86.531363,LOCAL/CITY ROAD,N,URBAN,N,N,N,,DARK (LIGHTED),CLEAR,DRY,,NO JUNCTION INVOLVED,STRAIGHT/LEVEL,ASPHALT,FAILURE TO YIELD RIGHT OF WAY,HEAD ON BETWEEN TWO MOTOR VEHICLES,RHORERRDSWALNUTST,TRAFFIC CONTROL SIGNAL
ISP BLOOMINGTON 33,BLOOMINGTON,9/4/2020,2:30 AM,1,,0,0,0,,,,I-69 N,,,0,S,39.15897982,-86.57300284,INTERSTATE,,URBAN,N,N,N,,DARK (LIGHTED),CLEAR,DRY,,NO JUNCTION INVOLVED,,ASPHALT,,RAN OFF ROAD,I-69117.5,
MONROE SD,BLOOMINGTON,9/4/2020,6:23 AM,1,0,1,0,0,9310,,,SR 446,,,,,39.148464,-86.471256,STATE ROAD,N,RURAL,N,Y,N,,DAWN/DUSK,CLEAR,DRY,,T-INTERSECTION,STRAIGHT/LEVEL,ASPHALT,RAN OFF ROAD RIGHT,RAN OFF ROAD,SR446S,NONE
INDIANA UNIV BLOOMINGTON PD,BLOOMINGTON,9/4/2020,10:34 AM,2,0,0,0,0,,,,S HAWTHORNE DR,E 3RD ST,,,,39.164257,-86.52007,LOCAL/CITY ROAD,N,URBAN,N,N,N,,DAYLIGHT,CLEAR,DRY,,FOUR-WAY INTERSECTION,STRAIGHT/LEVEL,ASPHALT,IMPROPER TURNING,LEFT TURN,HAWTHORNELNTHIRDST,TRAFFIC CONTROL SIGNAL
MONROE SD,BLOOMINGTON,9/4/2020,11:25 AM,2,1,0,0,0,,,,ENTERPRISE DR,W VERNAL PIKE,,,,39.17920055,-86.59114329,LOCAL/CITY ROAD,N,URBAN,N,N,N,,DAYLIGHT,CLEAR,DRY,,FOUR-WAY INTERSECTION,STRAIGHT/LEVEL,ASPHALT,DRIVER DISTRACTED - EXPLAIN IN NARRATIVE,REAR END,ENTERPRISEDRWVERNALPIKE,STOP SIGN
BLOOMINGTON PD,BLOOMINGTON,9/4/2020,2:52 PM,2,0,0,0,0,,,,S PETE ELLIS DR,ENTRANCE TO WILLIAMSBURG CENTER (CENTER),,200,N,39.16478931,-86.495088,LOCAL/CITY ROAD,N,URBAN,N,N,N,,DAYLIGHT,CLEAR,DRY,,T-INTERSECTION,STRAIGHT/LEVEL,ASPHALT,FAILURE TO YIELD RIGHT OF WAY,LEFT TURN,E3RDSTPETEELLISDR,NONE
BLOOMINGTON PD,BLOOMINGTON,9/4/2020,3:50 PM,1,0,1,0,0,,,,S WALNUT ST,PRIVATE,,50,N,0,0,LOCAL/CITY ROAD,N,URBAN,Y,N,N,,DAYLIGHT,CLEAR,DRY,,NO JUNCTION INVOLVED,STRAIGHT/LEVEL,ASPHALT,RAN OFF ROAD RIGHT,RAN OFF ROAD,PRIVATEDRSWALNUTST,NONE
BLOOMINGTON PD,BLOOMINGTON,9/4/2020,4:33 PM,1,0,1,0,0,,,,N WASHINGTON ST,E 8TH ST,,100,S,39.169552,-86.5324,LOCAL/CITY ROAD,N,URBAN,N,N,N,,DAYLIGHT,CLEAR,DRY,,NO JUNCTION INVOLVED,STRAIGHT/GRADE,ASPHALT,PEDESTRIAN ACTION,RIGHT ANGLE,E8THSTNWASHINGTONST,NONE
BLOOMINGTON PD,BLOOMINGTON,9/5/2020,1:50 AM,2,0,0,0,0,,,,S COLLEGE AVE,W 1ST ST,,,,39.17688,-86.534736,LOCAL/CITY ROAD,N,URBAN,N,N,N,,DARK (LIGHTED),CLEAR,DRY,,NO JUNCTION INVOLVED,STRAIGHT/LEVEL,ASPHALT,DISREGARD SIGNAL/REG SIGN,HEAD ON BETWEEN TWO MOTOR VEHICLES,SOUTHCOLLEGEAVEWEST1STST,TRAFFIC CONTROL SIGNAL
ELLETTSVILLE PD,ELLETTSVILLE,9/5/2020,11:57 AM,2,0,0,0,0,,,,SR 46,N CENTENNIAL DR,,,,39.210144,-86.5832,STATE ROAD,N,URBAN,N,N,N,,DAYLIGHT,CLEAR,DRY,,FOUR-WAY INTERSECTION,STRAIGHT/GRADE,ASPHALT,FOLLOWING TOO CLOSELY,REAR END,SMITHPIKESR46W,TRAFFIC CONTROL SIGNAL
BLOOMINGTON PD,BLOOMINGTON,9/5/2020,3:20 PM,2,0,0,0,0,,,,W BLOOMFIELD RD,I-69 N,,500,E,0,0,STATE ROAD,N,URBAN,N,N,N,,DAYLIGHT,CLEAR,DRY,,NO JUNCTION INVOLVED,STRAIGHT/LEVEL,ASPHALT,FOLLOWING TOO CLOSELY,REAR END,I69NSR45W,NONE
BLOOMINGTON PD,BLOOMINGTON,9/5/2020,4:50 PM,2,0,1,0,0,,,,S ROCKPORT RD,W KISSELL DR,,60,S,39.14144,-86.543632,COUNTY ROAD,N,URBAN,N,N,N,,DAYLIGHT,CLEAR,DRY,,T-INTERSECTION,STRAIGHT/HILLCREST,ASPHALT,FAILURE TO YIELD RIGHT OF WAY,LEFT TURN,SROCKPORTRDWCOOLIDGEDR,NONE
BLOOMINGTON PD,BLOOMINGTON,9/5/2020,4:52 PM,2,1,2,0,0,,,,SR 46,S PETE ELLIS DR,,,,39.16433776,-86.49496406,LOCAL/CITY ROAD,N,URBAN,N,N,N,,DAYLIGHT,CLEAR,DRY,,NO JUNCTION INVOLVED,STRAIGHT/GRADE,ASPHALT,FAILURE TO YIELD RIGHT OF WAY,LEFT/RIGHT TURN,33RDSTPETEELLISDR,TRAFFIC CONTROL SIGNAL
ELLETTSVILLE PD,ELLETTSVILLE,9/5/2020,6:09 PM,2,0,0,0,0,,,,SR 46,N UNION VALLEY RD,,50,E,39.21505669,-86.59267291,STATE ROAD,N,URBAN,N,N,N,,DAYLIGHT,CLEAR,DRY,,NO JUNCTION INVOLVED,CURVE/LEVEL,ASPHALT,FOLLOWING TOO CLOSELY,REAR END,NUNIONVALLEYRDSR46W,LANE CONTROL
INDIANA UNIV BLOOMINGTON PD,BLOOMINGTON,9/5/2020,6:40 PM,2,0,1,0,0,,,,SR 46,SR 45,,,,0,0,STATE ROAD,Y,URBAN,N,N,N,,DAYLIGHT,CLEAR,DRY,,FOUR-WAY INTERSECTION,STRAIGHT/LEVEL,ASPHALT,OTHER (DRIVER) - EXPLAIN IN NARRATIVE,REAR END,SR45SR46,TRAFFIC CONTROL SIGNAL
MONROE SD,BLOOMINGTON,9/5/2020,9:17 PM,1,0,0,0,0,8233,,,S FAIRFAX RD,,,500,S,38.99313311,-86.490565,COUNTY ROAD,N,RURAL,N,N,N,,DARK (NOT LIGHTED),CLEAR,DRY,,NO JUNCTION INVOLVED,STRAIGHT/LEVEL,ASPHALT,RAN OFF ROAD RIGHT,RAN OFF ROAD,CLEVEBUTCHERRDSFAIRFAXRD,NONE
MONROE SD,BLOOMINGTON,9/5/2020,11:09 PM,1,0,0,0,1,,,,SR 45,N VIKING RIDGE RD,,100,W,39.21953808,-86.44494463,STATE ROAD,N,RURAL,N,N,N,,DARK (NOT LIGHTED),CLEAR,DRY,,NO JUNCTION INVOLVED,STRAIGHT/GRADE,ASPHALT,ANIMAL/OBJECT IN ROADWAY,COLLISION WITH DEER,SR45EVIKINGRIDGERD,NONE
BLOOMINGTON PD,BLOOMINGTON,9/6/2020,4:05 AM,2,0,0,0,0,,,,N SUMMIT ST,W 13TH ST,,,,0,0,LOCAL/CITY ROAD,Y,,N,N,N,,DAYLIGHT,CLEAR,DRY,,T-INTERSECTION,STRAIGHT/LEVEL,ASPHALT,UNSAFE SPEED,REAR END,13THSTSUMMITRD,STOP SIGN
MONROE SD,BLOOMINGTON,9/6/2020,12:28 PM,2,0,0,0,0,,,,N SR 37 BUSINESS,E WHISNAND RD,,,,39.224641,-86.53978,LOCAL/CITY ROAD,N,RURAL,N,N,N,,DAYLIGHT,CLOUDY,DRY,,T-INTERSECTION,STRAIGHT/LEVEL,ASPHALT,FOLLOWING TOO CLOSELY,REAR END,EWHISNANDRDNSTATEROAD37BUSINESSRD,NONE
MONROE SD,BLOOMINGTON,9/6/2020,3:00 PM,1,0,0,0,0,,,,SCOUT RIDGE RD,MAIN FOREST RD,,,,0,0,COUNTY ROAD,N,RURAL,N,N,N,,DAYLIGHT,CLEAR,DRY,,T-INTERSECTION,STRAIGHT/LEVEL,ASPHALT,IMPROPER TURNING,OTHER - EXPLAIN IN NARRATIVE,MAINFORESTRD,NONE
INDIANA UNIV BLOOMINGTON PD,BLOOMINGTON,9/6/2020,3:55 PM,2,0,0,0,0,,,,S SWAIN AVE,E 3RD ST,,,,39.164261,-86.515275,LOCAL/CITY ROAD,N,URBAN,N,N,N,,DAYLIGHT,CLEAR,DRY,,T-INTERSECTION,STRAIGHT/LEVEL,ASPHALT,UNSAFE LANE MOVEMENT,LEFT TURN,SWAINAVETHIRDST,NONE
MONROE SD,BLOOMINGTON,9/6/2020,4:07 PM,2,0,0,0,0,,,,SR 46,,,500,E,39.163636,-86.43800021,STATE ROAD,N,RURAL,N,N,N,,DAYLIGHT,CLOUDY,DRY,,NO JUNCTION INVOLVED,STRAIGHT/GRADE,ASPHALT,FOLLOWING TOO CLOSELY,REAR END,DUBLINDRSR46E,NONE
BLOOMINGTON PD,BLOOMINGTON,9/6/2020,9:00 PM,2,0,0,0,0,,,,E ALLEN ST,S HENDERSON ST,,,,39.155548,-86.527023,LOCAL/CITY ROAD,Y,URBAN,N,N,N,,UNKNOWN,CLEAR,DRY,,NO JUNCTION INVOLVED,STRAIGHT/LEVEL,ASPHALT,OTHER (DRIVER) - EXPLAIN IN NARRATIVE,OPPOSITE DIRECTION SIDESWIPE,EALLENSTSOUTHHENDERSONST,NONE
MONROE SD,BLOOMINGTON,9/7/2020,12:16 AM,1,0,0,0,0,,,,W BURMA RD,,,4300,N,0,0,LOCAL/CITY ROAD,N,RURAL,N,N,N,,DAYLIGHT,CLEAR,DRY,,NO JUNCTION INVOLVED,CURVE/HILLCREST,ASPHALT,ANIMAL/OBJECT IN ROADWAY,RAN OFF ROAD,WBURMARDWSYLVANLN,NONE
MONROE SD,BLOOMINGTON,9/7/2020,2:55 PM,2,0,1,0,0,6560,,,SR 45,,,100,W,39.11918383,-86.61918243,STATE ROAD,N,URBAN,N,N,N,,DAYLIGHT,CLEAR,DRY,,T-INTERSECTION,STRAIGHT/LEVEL,ASPHALT,IMPROPER LANE USAGE,LEFT/RIGHT TURN,DUNLAPRDSR45W,NONE
INDIANA UNIV BLOOMINGTON PD,BLOOMINGTON,9/7/2020,6:49 PM,2,0,0,0,0,,,,E 3RD ST,S JORDAN AVE,,,,39.164263,-86.516394,LOCAL/CITY ROAD,N,URBAN,N,N,N,,DAYLIGHT,CLEAR,DRY,,FOUR-WAY INTERSECTION,STRAIGHT/LEVEL,ASPHALT,UNSAFE LANE MOVEMENT,LEFT TURN,JORDANAVETHIRDST,TRAFFIC CONTROL SIGNAL
MONROE SD,BLOOMINGTON,9/7/2020,9:02 PM,2,0,0,0,0,,,,SR 37,S OLD SR 37,,,,39.085632,-86.542304,STATE ROAD,N,RURAL,N,N,N,,DARK (NOT LIGHTED),CLEAR,DRY,,NO JUNCTION INVOLVED,STRAIGHT/LEVEL,ASPHALT,FAILURE TO YIELD RIGHT OF WAY,RIGHT ANGLE,OLDSTATEROAD37RDSR37N,TRAFFIC CONTROL SIGNAL
ISP BLOOMINGTON 33,BLOOMINGTON,9/7/2020,10:45 PM,1,,2,0,0,,,,SR 446,,,0,S,39.04115903,-86.40714919,STATE ROAD,,RURAL,N,N,N,,DARK (NOT LIGHTED),CLEAR,DRY,,NO JUNCTION INVOLVED,,ASPHALT,,RAN OFF ROAD,SR4462000SofEHaysRoad,
MONROE SD,BLOOMINGTON,9/8/2020,6:21 AM,3,0,1,0,0,,,,SR 46,W HEDRICK RD,,1000,E,39.27755,-86.67734867,STATE ROAD,N,RURAL,N,N,N,,DARK (NOT LIGHTED),CLEAR,DRY,,NO JUNCTION INVOLVED,STRAIGHT/HILLCREST,ASPHALT,FOLLOWING TOO CLOSELY,REAR END,SR46WWHEDRICKRD,NONE
INDIANA UNIV BLOOMINGTON PD,BLOOMINGTON,9/8/2020,9:20 AM,2,0,0,0,0,,,,SR 45/46,E DISCOVERY PKWY,,,,0,0,STATE ROAD,N,URBAN,N,N,N,,DAYLIGHT,CLEAR,DRY,,T-INTERSECTION,STRAIGHT/GRADE,ASPHALT,OTHER (DRIVER) - EXPLAIN IN NARRATIVE,REAR END,EDISCOVERYPKWYSR46S,TRAFFIC CONTROL SIGNAL
ELLETTSVILLE PD,ELLETTSVILLE,9/8/2020,11:19 AM,2,1,0,0,0,,,,SR 46,N MATTHEWS DR (N),,,,39.234768,-86.626384,STATE ROAD,N,URBAN,N,N,N,,DAYLIGHT,CLEAR,DRY,,NO JUNCTION INVOLVED,STRAIGHT/LEVEL,ASPHALT,FAILURE TO YIELD RIGHT OF WAY,SAME DIRECTION SIDESWIPE,MATTHEWSDRSR46W,TRAFFIC CONTROL SIGNAL