Agency,City,Collision Date,Collision Time,Vehicles Involved,Trailers Involved,Number Injured,Number Dead,Number Deer,House Number,Roadway Interchange,Roadway Ramp,Roadway Id,Intersecting Road,Interchange,Feet From,Direction,Latitude,Longitude,Roadway Class,Hit and Run?,Locality,School Zone?,Rumble Strips?,Construction?,Construction Type,Light Condition,Weather Conditions,Surface Condition,Type of Median,Roadway Junction Type,Road Character,Roadway Surface,Primary Factor,Manner of Collision,Unique Location Id,Traffic Control
MONROE SD,BLOOMINGTON,9/18/2020,6:45 AM,2,0,0,0,0,,,,SR 37,S WALNUT ST,,50,S,39.08551781,-86.54220612,STATE ROAD,N,URBAN,N,N,N,,DARK (NOT LIGHTED),CLEAR,DRY,,FOUR-WAY INTERSECTION,STRAIGHT/LEVEL,ASPHALT,FOLLOWING TOO CLOSELY,REAR END,SOUTHOLDSTATEROAD37RDSR37S,TRAFFIC CONTROL SIGNAL
BLOOMINGTON PD,BLOOMINGTON,9/18/2020,11:25 AM,2,0,0,0,0,,,,E 10TH ST,N LINCOLN ST,,,,39.171712,-86.530992,LOCAL/CITY ROAD,N,URBAN,N,N,N,,DAYLIGHT,CLEAR,DRY,,FOUR-WAY INTERSECTION,STRAIGHT/GRADE,ASPHALT,FAILURE TO YIELD RIGHT OF WAY,RIGHT ANGLE,10THSTLINCOLNST,LANE CONTROL
ISP BLOOMINGTON 33,ELLETTSVILLE,9/18/2020,1:29 PM,2,,1,0,0,,,,SR 46,N COUNTY LINE RD E,,0,S,39.28149132,-86.68476556,STATE ROAD,,RURAL,N,N,N,,DAYLIGHT,CLEAR,DRY,,T-INTERSECTION,,ASPHALT,OVERCORRECTING/OVERSTEERING,SAME DIRECTION SIDESWIPE,StateRd46,
BLOOMINGTON PD,BLOOMINGTON,9/18/2020,1:40 PM,2,0,1,0,0,,,,SR 46,E EASTGATE LN (S),,75,N,39.17043196,-86.50148798,STATE ROAD,N,URBAN,N,N,N,,DAYLIGHT,CLEAR,DRY,,NO JUNCTION INVOLVED,STRAIGHT/LEVEL,ASPHALT,FOLLOWING TOO CLOSELY,REAR END,EEASTGATELNSR46N,NONE
BLOOMINGTON PD,BLOOMINGTON,9/18/2020,2:37 PM,3,0,0,0,0,,,,N WALNUT ST,E 17TH ST,,300,S,39.178944,-86.533392,LOCAL/CITY ROAD,N,URBAN,N,N,N,,DAYLIGHT,CLEAR,DRY,,FOUR-WAY INTERSECTION,STRAIGHT/GRADE,ASPHALT,FOLLOWING TOO CLOSELY,REAR END,E17THSTNWALNUTST,NONE
BLOOMINGTON PD,BLOOMINGTON,9/18/2020,3:14 PM,2,0,0,0,0,,,,W ARLINGTON RD,W GOURLEY PIKE,,,,39.186544,-86.551168,LOCAL/CITY ROAD,Y,URBAN,N,N,N,,DAYLIGHT,CLEAR,DRY,,FOUR-WAY INTERSECTION,STRAIGHT/HILLCREST,ASPHALT,FAILURE TO YIELD RIGHT OF WAY,LEFT/RIGHT TURN,WESTARLINGTONRDWESTGOURLEYPIKE,STOP SIGN
MONROE SD,BLOOMINGTON,9/19/2020,4:07 AM,1,0,0,0,0,,,,S ROGERS ST,W GORDON PIKE,,,,39.121648,-86.539088,LOCAL/CITY ROAD,N,URBAN,Y,N,N,,DARK (LIGHTED),CLEAR,DRY,,TRAFFIC CIRCLE/ROUNDABOUT,STRAIGHT/GRADE,ASPHALT,ANIMAL/OBJECT IN ROADWAY,RAN OFF ROAD,GORDONPIKEROGERSST,ROUNDABOUT INTERSECTION
BLOOMINGTON PD,BLOOMINGTON,9/19/2020,7:50 AM,2,1,0,0,0,,,,N COLLEGE AVE,W 17TH ST,,,,39.17896,-86.53472,LOCAL/CITY ROAD,N,URBAN,N,N,N,,DAYLIGHT,CLEAR,DRY,,FOUR-WAY INTERSECTION,STRAIGHT/LEVEL,ASPHALT,DISREGARD SIGNAL/REG SIGN,RIGHT ANGLE,NCOLLEGEAVEW17THST,NONE
BLOOMINGTON PD,BLOOMINGTON,9/19/2020,9:39 AM,2,0,0,0,0,,,,S PATTERSON DR,W 2ND ST,,,,39.160737,-86.548536,LOCAL/CITY ROAD,Y,URBAN,N,N,N,,DAYLIGHT,CLEAR,DRY,,FOUR-WAY INTERSECTION,STRAIGHT/GRADE,ASPHALT,OTHER (DRIVER) - EXPLAIN IN NARRATIVE,REAR END,2NDSTPATTERSONDR,TRAFFIC CONTROL SIGNAL
INDIANA UNIV BLOOMINGTON PD,BLOOMINGTON,9/19/2020,12:52 PM,2,0,0,0,0,1000,,,HARPER HALL CIRCLE,,,,,39.17523,-86.517975,UNKNOWN,N,URBAN,N,N,N,,DAYLIGHT,CLEAR,DRY,,NO JUNCTION INVOLVED,NON-ROADWAY CRASH,ASPHALT,UNSAFE BACKING,BACKING CRASH,NORTHFEELN,NONE
BLOOMINGTON PD,BLOOMINGTON,9/19/2020,2:52 PM,2,0,1,0,0,,,,N DUNN ST,E 9TH ST,,,,39.170544,-86.52824,LOCAL/CITY ROAD,N,URBAN,N,N,N,,DAYLIGHT,CLEAR,DRY,,FOUR-WAY INTERSECTION,STRAIGHT/LEVEL,ASPHALT,OVERCORRECTING/OVERSTEERING,SAME DIRECTION SIDESWIPE,9THSTNDUNNST,STOP SIGN
BLOOMINGTON PD,BLOOMINGTON,9/19/2020,3:10 PM,1,0,0,0,0,,,,S HENDERSON ST,E BRENDA LN,,,,39.151801,-86.526947,LOCAL/CITY ROAD,N,URBAN,Y,N,N,,DAYLIGHT,CLEAR,DRY,,T-INTERSECTION,STRAIGHT/LEVEL,ASPHALT,UNSAFE LANE MOVEMENT,COLLISION WITH OBJECT IN ROAD,EBRENDALNSHENDERSONST,NONE
ISP BLOOMINGTON 33,BLOOMINGTON,9/19/2020,3:15 PM,2,,0,0,0,,,,SR 46,SR 446,,0,S,39.164341,-86.472115,STATE ROAD,,RURAL,N,N,N,,DAYLIGHT,CLEAR,DRY,,T-INTERSECTION,,ASPHALT,FAILURE TO YIELD RIGHT OF WAY,OTHER - EXPLAIN IN NARRATIVE,StateRoad46StateRd446,
BLOOMINGTON PD,BLOOMINGTON,9/19/2020,5:42 PM,1,0,0,0,0,,,,SR 46,S CLARIZZ BLVD,,,,39.16424,-86.4908,LOCAL/CITY ROAD,N,URBAN,N,N,N,,DAYLIGHT,CLEAR,DRY,,NO JUNCTION INVOLVED,STRAIGHT/GRADE,ASPHALT,IMPROPER TURNING,OTHER - EXPLAIN IN NARRATIVE,E3RDSTSCLARIZZBLVD,TRAFFIC CONTROL SIGNAL
BLOOMINGTON PD,BLOOMINGTON,9/19/2020,6:00 PM,2,0,0,0,0,,,,S ADAMS ST,W MILIEU DR,,150,S,39.14854342,-86.55193,LOCAL/CITY ROAD,N,URBAN,N,N,N,,DAYLIGHT,CLEAR,DRY,,NO JUNCTION INVOLVED,STRAIGHT/GRADE,ASPHALT,BRAKE FAILURE OR DEFECTIVE,LEFT/RIGHT TURN,SADAMSSTWPATTERSONDR,NONE
BLOOMINGTON PD,BLOOMINGTON,9/20/2020,12:32 AM,2,0,0,0,0,,,,N WALNUT ST,E 15TH ST,,,,39.176848,-86.533424,LOCAL/CITY ROAD,N,URBAN,N,N,N,,DARK (LIGHTED),CLEAR,DRY,,FOUR-WAY INTERSECTION,STRAIGHT/LEVEL,ASPHALT,FOLLOWING TOO CLOSELY,REAR END,E15THSTNWALNUTST,NONE
MONROE SD,BLOOMINGTON,9/20/2020,1:52 AM,1,0,0,0,0,,,,I-69 N,,,25,N,0,0,INTERSTATE,Y,RURAL,N,Y,N,,DARK (NOT LIGHTED),CLEAR,DRY,,NO JUNCTION INVOLVED,STRAIGHT/LEVEL,ASPHALT,OTHER (DRIVER) - EXPLAIN IN NARRATIVE,RAN OFF ROAD,I69N122.5,NONE
BLOOMINGTON PD,BLOOMINGTON,9/20/2020,7:45 AM,2,0,2,0,0,,,,SR 46,S SMITH RD,,,,39.16424,-86.480688,LOCAL/CITY ROAD,N,URBAN,N,N,N,,DAYLIGHT,CLEAR,DRY,,FOUR-WAY INTERSECTION,STRAIGHT/GRADE,ASPHALT,DRIVER DISTRACTED - EXPLAIN IN NARRATIVE,REAR END,E3RDSTSMITHRDS,TRAFFIC CONTROL SIGNAL
BLOOMINGTON PD,BLOOMINGTON,9/20/2020,9:25 AM,2,0,0,0,0,1700,,,W 8TH ST,ENTRANCE TO MOBILE HOME PARK,,100,W,39.169728,-86.5548,UNKNOWN,N,URBAN,Y,N,N,,DAYLIGHT,CLEAR,DRY,,NO JUNCTION INVOLVED,STRAIGHT/GRADE,ASPHALT,FAILURE TO YIELD RIGHT OF WAY,LEFT TURN,W8THST,NONE
BLOOMINGTON PD,BLOOMINGTON,9/20/2020,11:42 AM,2,0,0,0,0,,,,S COLLEGE MALL RD,E 2ND ST,,,,39.160944,-86.497696,LOCAL/CITY ROAD,N,URBAN,N,N,N,,DAYLIGHT,CLEAR,DRY,,FOUR-WAY INTERSECTION,STRAIGHT/LEVEL,ASPHALT,FAILURE TO YIELD RIGHT OF WAY,LEFT TURN,2NDSTCOLLEGEMALLRD,TRAFFIC CONTROL SIGNAL
ISP BLOOMINGTON 33,BLOOMINGTON,9/20/2020,1:20 PM,1,,0,0,0,,,,I-69 S,,,0,S,39.16058993,-86.57329655,INTERSTATE,,URBAN,N,N,N,,DAYLIGHT,CLEAR,DRY,,NO JUNCTION INVOLVED,,ASPHALT,,RAN OFF ROAD,I-69117.5,
BLOOMINGTON PD,BLOOMINGTON,9/20/2020,4:00 PM,2,0,0,0,0,,,,S ADAMS ST,W ALLEN ST,,,,39.155952,-86.550592,LOCAL/CITY ROAD,N,URBAN,N,N,N,,DAYLIGHT,CLEAR,DRY,,FOUR-WAY INTERSECTION,STRAIGHT/GRADE,ASPHALT,IMPROPER TURNING,HEAD ON BETWEEN TWO MOTOR VEHICLES,SADAMSSTWALLENST,STOP SIGN
INDIANA UNIV BLOOMINGTON PD,BLOOMINGTON,9/20/2020,4:45 PM,2,0,0,0,0,,,,E 3RD ST,N WOODLAWN AVE,,,,39.164248,-86.522621,LOCAL/CITY ROAD,N,URBAN,N,N,N,,DAYLIGHT,CLEAR,DRY,,T-INTERSECTION,STRAIGHT/LEVEL,ASPHALT,IMPROPER TURNING,LEFT TURN,THIRDSTWOODLAWNAVE,TRAFFIC CONTROL SIGNAL
MONROE SD,BLOOMINGTON,9/21/2020,8:30 AM,1,0,0,0,0,,,,N BUSKIRK RD,W DITTEMORE RD,,,,39.295279,-86.551021,LOCAL/CITY ROAD,N,RURAL,N,N,N,,DAYLIGHT,CLOUDY,DRY,,NO JUNCTION INVOLVED,STRAIGHT/GRADE,ASPHALT,OTHER (DRIVER) - EXPLAIN IN NARRATIVE,RAN OFF ROAD,BUSKIRKRDDITTEMORERD,STOP SIGN
BLOOMINGTON PD,BLOOMINGTON,9/21/2020,1:50 PM,2,0,0,0,0,,,,S PARK AVE,E UNIVERSITY ST,,,,39.16037997,-86.52852908,LOCAL/CITY ROAD,N,URBAN,N,N,N,,DAYLIGHT,CLEAR,DRY,,NO JUNCTION INVOLVED,STRAIGHT/LEVEL,ASPHALT,FAILURE TO YIELD RIGHT OF WAY,HEAD ON BETWEEN TWO MOTOR VEHICLES,EUNIVERSITYSTSPARKAVE,STOP SIGN
ELLETTSVILLE PD,ELLETTSVILLE,9/21/2020,3:11 PM,2,0,0,0,0,,,,SR 46,N CONSTABLE DR,,,,0,0,STATE ROAD,N,URBAN,N,N,N,,DAYLIGHT,CLEAR,DRY,,T-INTERSECTION,CURVE/GRADE,ASPHALT,UNSAFE LANE MOVEMENT,SAME DIRECTION SIDESWIPE,CONSTABLEDRSR46W,LANE CONTROL
BLOOMINGTON PD,BLOOMINGTON,9/21/2020,5:16 PM,2,0,0,0,0,,,,S WALNUT ST,E 1ST ST,,,,39.17784,-86.533408,LOCAL/CITY ROAD,N,URBAN,N,N,N,,DAYLIGHT,CLEAR,DRY,,FOUR-WAY INTERSECTION,STRAIGHT/LEVEL,ASPHALT,FAILURE TO YIELD RIGHT OF WAY,RIGHT ANGLE,E1STSTSWALNUTST,TRAFFIC CONTROL SIGNAL
BLOOMINGTON PD,BLOOMINGTON,9/22/2020,12:23 AM,2,0,0,0,0,,,,W COUNTRY CLUB DR,ENTRANCE TO GREASE MONKEY,,200,W,39.135932,-86.53107369,LOCAL/CITY ROAD,N,URBAN,N,N,N,,DAYLIGHT,CLEAR,DRY,,NO JUNCTION INVOLVED,STRAIGHT/GRADE,ASPHALT,IMPROPER LANE USAGE,SAME DIRECTION SIDESWIPE,COUNTRYCLUBDRWALNUTST,LANE CONTROL
BLOOMINGTON PD,BLOOMINGTON,9/22/2020,12:45 AM,2,0,0,0,0,633,,,W MARBLE LN,,,,,39.17974,-86.54109217,,Y,URBAN,N,N,N,,DARK (LIGHTED),CLEAR,DRY,,NO JUNCTION INVOLVED,STRAIGHT/LEVEL,ASPHALT,FAILURE TO YIELD RIGHT OF WAY,BACKING CRASH,WESTMARBLELN,NONE
BLOOMINGTON PD,BLOOMINGTON,9/22/2020,8:09 AM,2,0,0,0,0,,,,E MOORES PIKE,S VALLEY FORGE RD,,,,39.150544,-86.502992,LOCAL/CITY ROAD,N,URBAN,N,N,N,,DAYLIGHT,CLEAR,DRY,,T-INTERSECTION,STRAIGHT/GRADE,ASPHALT,OTHER (ENVIRONMENTAL) - EXPLAIN IN NARR,REAR END,EMOORESPIKEVALLEYFORGERD,LANE CONTROL
MONROE SD,BLOOMINGTON,9/22/2020,9:21 AM,2,0,0,0,0,,,,N CURRY PIKE,W WOODYARD RD,,,,39.190672,-86.582992,LOCAL/CITY ROAD,N,RURAL,N,N,N,,DAYLIGHT,CLEAR,DRY,,FOUR-WAY INTERSECTION,STRAIGHT/LEVEL,ASPHALT,FOLLOWING TOO CLOSELY,REAR END,NCURRYPIKEWWOODYARDRD,TRAFFIC CONTROL SIGNAL
BLOOMINGTON PD,BLOOMINGTON,9/22/2020,12:27 PM,2,0,1,0,0,,,,SR 48,ENTRANCE TO KROGER FUEL CENTER,,100,W,39.164606,-86.57912234,LOCAL/CITY ROAD,N,URBAN,N,N,N,,DAYLIGHT,CLEAR,DRY,,T-INTERSECTION,STRAIGHT/LEVEL,ASPHALT,FAILURE TO YIELD RIGHT OF WAY,RIGHT ANGLE,SLIBERTYDRW3RDST,LANE CONTROL
BLOOMINGTON PD,BLOOMINGTON,9/22/2020,2:23 PM,1,0,1,0,0,1919,,,S WALNUT ST,ENTRANCE TO MCDONALD'S,,,,39.145848,-86.532216,LOCAL/CITY ROAD,N,URBAN,N,N,N,,DAYLIGHT,CLEAR,DRY,,T-INTERSECTION,STRAIGHT/LEVEL,ASPHALT,FAILURE TO YIELD RIGHT OF WAY,RIGHT ANGLE,SWALNUTST,NONE
MONROE SD,BLOOMINGTON,9/22/2020,3:22 PM,1,0,0,0,0,,,,S ROCKPORT RD,S HARMONY RD,,500,S,39.04921908,-86.61028199,LOCAL/CITY ROAD,N,RURAL,N,N,N,,DAYLIGHT,CLEAR,DRY,,NO JUNCTION INVOLVED,CURVE/GRADE,ASPHALT,RAN OFF ROAD RIGHT,RAN OFF ROAD,HARMONYRDROCKPORTRD,NONE
BLOOMINGTON PD,BLOOMINGTON,9/22/2020,6:16 PM,2,0,0,0,0,,,,S PATTERSON DR,S ADAMS ST,,,,39.164405,-86.55193,LOCAL/CITY ROAD,Y,URBAN,N,N,B,,DAYLIGHT,CLEAR,DRY,,FOUR-WAY INTERSECTION,STRAIGHT/LEVEL,ASPHALT,IMPROPER LANE USAGE,HEAD ON BETWEEN TWO MOTOR VEHICLES,SADAMSSTSPATTERSONST,NONE
BLOOMINGTON PD,BLOOMINGTON,9/23/2020,12:36 AM,2,0,0,0,0,,,,S COLLEGE AVE,W KIRKWOOD AVE,,,,39.16664,-86.5348,LOCAL/CITY ROAD,N,URBAN,N,N,N,,DARK (LIGHTED),CLEAR,DRY,,T-INTERSECTION,STRAIGHT/GRADE,ASPHALT,FAILURE TO YIELD RIGHT OF WAY,RIGHT ANGLE,COLLEGEAVEKIRKWOODAVE,TRAFFIC CONTROL SIGNAL
MONROE SD,BLOOMINGTON,9/23/2020,5:18 AM,2,0,0,0,0,,,,S INDIAN VALLEY DR,,,1000,N,39.10544992,-86.63991463,LOCAL/CITY ROAD,N,RURAL,N,N,N,,DARK (LIGHTED),CLEAR,DRY,,NO JUNCTION INVOLVED,STRAIGHT/LEVEL,ASPHALT,UNSAFE BACKING,BACKING CRASH,INDIANVALLEYDRROSECREEKDR,NONE
ISP BLOOMINGTON 33,HARRODSBURG,9/23/2020,7:35 AM,1,,0,0,1,,,,SR 37,,,0,S,39.0274987,-86.53413169,STATE ROAD,,RURAL,N,N,N,,DAWN/DUSK,CLEAR,DRY,,NO JUNCTION INVOLVED,,ASPHALT,ANIMAL/OBJECT IN ROADWAY,COLLISION WITH DEER,StateRd37,
INDIANA UNIV BLOOMINGTON PD,BLOOMINGTON,9/23/2020,11:15 AM,2,0,0,0,0,,,,E LAW LN,N FEE LN,,,,39.173984,-86.518919,LOCAL/CITY ROAD,N,URBAN,N,N,N,,DAYLIGHT,CLOUDY,DRY,,T-INTERSECTION,STRAIGHT/LEVEL,ASPHALT,FOLLOWING TOO CLOSELY,REAR END,ELAWLNFEELN,NONE
BLOOMINGTON PD,BLOOMINGTON,9/23/2020,3:45 PM,2,0,0,0,0,,,,W COUNTRY CLUB DR,S WALNUT ST,,150,W,39.135932,-86.53107802,LOCAL/CITY ROAD,N,URBAN,N,N,N,,DAYLIGHT,CLEAR,DRY,,FOUR-WAY INTERSECTION,STRAIGHT/LEVEL,CONCRETE,IMPROPER PASSING,SAME DIRECTION SIDESWIPE,SOUTHWALNUTSTWESTCOUNTRYCLUBDR,NONE
BLOOMINGTON PD,BLOOMINGTON,9/23/2020,4:57 PM,2,0,2,0,0,,,,N WALNUT ST,SR 45/46,,300,E,39.186368,-86.5344,LOCAL/CITY ROAD,N,URBAN,N,N,N,,DAYLIGHT,CLOUDY,DRY,,NO JUNCTION INVOLVED,STRAIGHT/GRADE,ASPHALT,FOLLOWING TOO CLOSELY,REAR END,EST4546BYPNWALNUTST,NONE
BLOOMINGTON PD,BLOOMINGTON,9/23/2020,10:06 PM,2,0,0,0,0,,,,W 3RD ST (N),S PATTERSON DR,,,,39.16342,-86.551249,LOCAL/CITY ROAD,N,URBAN,N,N,N,,DARK (LIGHTED),CLEAR,DRY,,FOUR-WAY INTERSECTION,STRAIGHT/LEVEL,ASPHALT,FAILURE TO YIELD RIGHT OF WAY,LEFT TURN,SPATTERSONSTW3RDST,TRAFFIC CONTROL SIGNAL
BLOOMINGTON PD,BLOOMINGTON,9/24/2020,12:00 AM,2,0,0,0,0,3081,,,E AMY LN,,,,,39.16946568,-86.49707912,UNKNOWN,Y,URBAN,N,N,N,,UNKNOWN,CLEAR,DRY,,NO JUNCTION INVOLVED,STRAIGHT/LEVEL,ASPHALT,OTHER (DRIVER) - EXPLAIN IN NARRATIVE,SAME DIRECTION SIDESWIPE,EAMYLN,NONE
BLOOMINGTON PD,BLOOMINGTON,9/24/2020,2:15 AM,1,0,0,0,0,1100,,,W 2ND ST,,,,,39.160831,-86.520012,LOCAL/CITY ROAD,N,URBAN,N,N,N,,DARK (LIGHTED),CLOUDY,DRY,,NO JUNCTION INVOLVED,STRAIGHT/GRADE,ASPHALT,RAN OFF ROAD RIGHT,RAN OFF ROAD,2NDST,NONE
MONROE SD,BLOOMINGTON,9/24/2020,7:39 AM,1,0,0,0,0,7465,,,S OLD SR 37,W ROGERS RD,,,,39.07704,-86.53616,STATE ROAD,N,RURAL,N,N,N,,DAYLIGHT,RAIN,WET,,NO JUNCTION INVOLVED,CURVE/HILLCREST,ASPHALT,RAN OFF ROAD RIGHT,RAN OFF ROAD,SR37S,NONE
INDIANA UNIV BLOOMINGTON PD,BLOOMINGTON,9/24/2020,11:30 AM,2,0,0,0,0,,,,E 10TH ST,N GRANT ST,,,,39.171671,-86.52977,LOCAL/CITY ROAD,N,URBAN,N,N,N,,DAYLIGHT,CLEAR,DRY,,FOUR-WAY INTERSECTION,STRAIGHT/GRADE,ASPHALT,FAILURE TO YIELD RIGHT OF WAY,RIGHT ANGLE,GRANTSTTENTHST,STOP SIGN
MONROE SD,BLOOMINGTON,9/24/2020,11:32 AM,2,0,1,0,0,,,,SR 48,S GARRISON CHAPEL RD,,1580,E,39.163468,-86.644142,STATE ROAD,N,RURAL,N,N,N,,DAYLIGHT,CLEAR,DRY,,NO JUNCTION INVOLVED,STRAIGHT/GRADE,ASPHALT,FOLLOWING TOO CLOSELY,REAR END,SGARRISONCHAPELRDSR48W,NONE
BLOOMINGTON PD,BLOOMINGTON,9/24/2020,1:12 PM,2,0,0,0,0,,,,S ADAMS ST,W KIRKWOOD AVE,,,,39.166816,-86.549488,LOCAL/CITY ROAD,Y,URBAN,N,N,N,,DAYLIGHT,CLEAR,DRY,,FOUR-WAY INTERSECTION,STRAIGHT/GRADE,ASPHALT,FAILURE TO YIELD RIGHT OF WAY,LEFT TURN,ADAMSSTKIRKWOODAVE,TRAFFIC CONTROL SIGNAL
BLOOMINGTON PD,BLOOMINGTON,9/24/2020,2:17 PM,2,0,0,0,0,,,,W 2ND ST,B-LINE TRAIL / S MORTON ST,,,,39.161378,-86.536299,LOCAL/CITY ROAD,Y,URBAN,N,N,N,,DAYLIGHT,CLEAR,DRY,,FOUR-WAY INTERSECTION,STRAIGHT/GRADE,ASPHALT,FOLLOWING TOO CLOSELY,REAR END,SMORTONSTW2NDST,NONE
ISP BLOOMINGTON 33,BLOOMINGTON,9/24/2020,3:30 PM,2,,0,0,0,,,,N CURRY PIKE,W VERNAL PIKE,,53,S,39.17908452,-86.58311195,LOCAL/CITY ROAD,,URBAN,N,N,N,,DAYLIGHT,CLEAR,DRY,,FOUR-WAY INTERSECTION,,ASPHALT,OTHER (DRIVER) - EXPLAIN IN NARRATIVE,REAR END,WVernalPikeNCurryPike,
BLOOMINGTON PD,BLOOMINGTON,9/24/2020,3:49 PM,3,0,0,0,0,,,,S ROGERS ST,W PATTERSON DR,,,,39.153791,-86.538749,LOCAL/CITY ROAD,N,URBAN,N,N,N,,DAYLIGHT,CLEAR,DRY,,FOUR-WAY INTERSECTION,STRAIGHT/LEVEL,ASPHALT,UNSAFE SPEED,REAR END,SROGERSSTWPATTERSONDR,TRAFFIC CONTROL SIGNAL
BLOOMINGTON PD,BLOOMINGTON,9/24/2020,5:42 PM,2,0,0,0,0,,,,W 17TH ST,N KINSER PIKE,,,,39.178992,-86.537792,LOCAL/CITY ROAD,Y,URBAN,N,N,N,,DAYLIGHT,CLEAR,DRY,,FOUR-WAY INTERSECTION,STRAIGHT/LEVEL,ASPHALT,UNSAFE LANE MOVEMENT,SAME DIRECTION SIDESWIPE,NKINSERPIKEW17THST,TRAFFIC CONTROL SIGNAL
BLOOMINGTON PD,BLOOMINGTON,9/24/2020,9:14 PM,2,0,0,0,0,,,,S HENDERSON ST,E HILLSIDE DR,,50,S,39.14525468,-86.526935,LOCAL/CITY ROAD,Y,URBAN,N,N,N,,DARK (LIGHTED),CLEAR,DRY,,FOUR-WAY INTERSECTION,STRAIGHT/GRADE,ASPHALT,UNSAFE LANE MOVEMENT,SAME DIRECTION SIDESWIPE,EHILLSIDEDRSHENDERSONST,NONE
ISP BLOOMINGTON 33,BLOOMINGTON,9/25/2020,6:27 AM,3,,0,0,0,,,,I-69 S,SR 45/46,,0,S,39.18957032,-86.55463609,INTERSTATE,,URBAN,N,N,N,,DARK (NOT LIGHTED),CLEAR,DRY,,NO JUNCTION INVOLVED,,ASPHALT,UNSAFE LANE MOVEMENT,SAME DIRECTION SIDESWIPE,I-69120,
BLOOMINGTON PD,BLOOMINGTON,9/25/2020,8:00 AM,2,0,0,0,0,3219,,,E BRAESIDE DR,,,,,39.16819709,-86.49501309,LOCAL/CITY ROAD,Y,URBAN,N,N,N,,DAYLIGHT,CLEAR,DRY,,NO JUNCTION INVOLVED,STRAIGHT/GRADE,ASPHALT,UNSAFE BACKING,BACKING CRASH,BRAESIDEDR,NONE
MONROE SD,BLOOMINGTON,9/25/2020,4:05 PM,3,0,0,0,0,,,,SR 46,N CURRY PIKE,,161,S,39.17674731,-86.5710361,STATE ROAD,N,RURAL,N,N,N,,DAYLIGHT,CLEAR,DRY,,FOUR-WAY INTERSECTION,STRAIGHT/LEVEL,ASPHALT,DRIVER DISTRACTED - EXPLAIN IN NARRATIVE,REAR END,CURRYPIKESR46,STOP SIGN
BLOOMINGTON PD,BLOOMINGTON,9/25/2020,4:08 PM,2,0,0,0,0,,,,S COLLEGE AVE,W 1ST ST,,,,39.17688,-86.534736,LOCAL/CITY ROAD,Y,URBAN,N,N,N,,DAYLIGHT,CLEAR,DRY,,FOUR-WAY INTERSECTION,STRAIGHT/LEVEL,ASPHALT,FOLLOWING TOO CLOSELY,REAR END,SCOLLEGEAVEW1STST,TRAFFIC CONTROL SIGNAL
MONROE SD,BLOOMINGTON,9/25/2020,4:15 PM,1,0,0,0,0,,,,S ROCKPORT RD,W TAPP RD,,,,39.136448,-86.548704,LOCAL/CITY ROAD,Y,URBAN,N,N,N,,DAYLIGHT,CLEAR,DRY,,FOUR-WAY INTERSECTION,STRAIGHT/GRADE,ASPHALT,FAILURE TO YIELD RIGHT OF WAY,OTHER - EXPLAIN IN NARRATIVE,ROCKPORTRDTAPPRD,TRAFFIC CONTROL SIGNAL
BLOOMINGTON PD,BLOOMINGTON,9/25/2020,5:06 PM,2,0,0,0,0,,,,N MADISON ST,W KENWOOD DR,,,,39.178464,-86.537776,LOCAL/CITY ROAD,Y,URBAN,N,N,N,,DAYLIGHT,CLEAR,DRY,,T-INTERSECTION,STRAIGHT/LEVEL,ASPHALT,FOLLOWING TOO CLOSELY,REAR END,NMADISONSTWKENWOODDR,NONE
INDIANA UNIV BLOOMINGTON PD,BLOOMINGTON,9/25/2020,6:04 PM,2,0,0,0,0,,,,E 17TH ST,N DUNN ST,,,,39.17904,-86.5284,LOCAL/CITY ROAD,Y,URBAN,N,N,N,,DAYLIGHT,CLEAR,DRY,,FOUR-WAY INTERSECTION,STRAIGHT/LEVEL,ASPHALT,FOLLOWING TOO CLOSELY,REAR END,E17THSTNDUNNST,TRAFFIC CONTROL SIGNAL
INDIANA UNIV BLOOMINGTON PD,BLOOMINGTON,9/25/2020,6:40 PM,2,0,0,0,0,,,,SR 45/46,E 10TH ST,,,,0,0,STATE ROAD,N,URBAN,N,N,N,,DAYLIGHT,CLEAR,DRY,,FOUR-WAY INTERSECTION,STRAIGHT/LEVEL,ASPHALT,FAILURE TO YIELD RIGHT OF WAY,RIGHT TURN,SR46UNIONVILLERD,TRAFFIC CONTROL SIGNAL
BLOOMINGTON PD,BLOOMINGTON,9/25/2020,7:35 PM,2,0,3,0,0,,,,SR 45,S LEONARD SPRINGS RD,,,,39.142048,-86.582592,STATE ROAD,N,URBAN,N,N,N,,DAYLIGHT,CLOUDY,DRY,,FOUR-WAY INTERSECTION,STRAIGHT/GRADE,ASPHALT,FAILURE TO YIELD RIGHT OF WAY,LEFT TURN,SOUTHLEONARDSPRINGSRDSR45W,TRAFFIC CONTROL SIGNAL
MONROE SD,BLOOMINGTON,9/26/2020,12:40 AM,1,0,0,0,0,,,,S OLD SR 37,,,1425,N,39.099408,-86.537904,LOCAL/CITY ROAD,N,RURAL,N,N,N,,DARK (NOT LIGHTED),CLEAR,DRY,,NO JUNCTION INVOLVED,CURVE/GRADE,ASPHALT,RAN OFF ROAD RIGHT,RAN OFF ROAD,SOLDSR37RDSROGERSST,LANE CONTROL