Agency,City,Collision Date,Collision Time,Vehicles Involved,Trailers Involved,Number Injured,Number Dead,Number Deer,House Number,Roadway Interchange,Roadway Ramp,Roadway Id,Intersecting Road,Interchange,Feet From,Direction,Latitude,Longitude,Roadway Class,Hit and Run?,Locality,School Zone?,Rumble Strips?,Construction?,Construction Type,Light Condition,Weather Conditions,Surface Condition,Type of Median,Roadway Junction Type,Road Character,Roadway Surface,Primary Factor,Manner of Collision,Unique Location Id,Traffic Control
BLOOMINGTON PD,BLOOMINGTON,9/26/2020,12:18 PM,2,0,0,0,0,,,,W 3RD ST,I-69 S,,,,0,0,LOCAL/CITY ROAD,N,URBAN,N,N,N,,DAYLIGHT,CLOUDY,DRY,,FOUR-WAY INTERSECTION,STRAIGHT/GRADE,ASPHALT,FOLLOWING TOO CLOSELY,REAR END,I69SW3RDST,TRAFFIC CONTROL SIGNAL
BLOOMINGTON PD,BLOOMINGTON,9/26/2020,2:30 PM,2,0,0,0,0,,,,W SUNSTONE DR,S DELILA STAR DR,,,,39.1391853,-86.5573361,LOCAL/CITY ROAD,Y,URBAN,N,N,N,,DAYLIGHT,CLEAR,DRY,,NO JUNCTION INVOLVED,STRAIGHT/GRADE,ASPHALT,,,SDELILASTARDRWSUNSTONEDR,NONE
MONROE SD,BLOOMINGTON,9/26/2020,7:30 PM,2,0,0,0,0,8660,,,S FAIRFAX RD,,,,,39.034241,-86.490833,UNKNOWN,Y,RURAL,N,N,N,,DARK (LIGHTED),CLEAR,DRY,,T-INTERSECTION,STRAIGHT/LEVEL,ASPHALT,UNSAFE BACKING,BACKING CRASH,FAIRFAXRD,NONE
BLOOMINGTON PD,BLOOMINGTON,9/27/2020,7:45 AM,2,0,0,0,0,,,,W 17TH ST,N JACKSON ST,,,,39.179024,-86.539616,LOCAL/CITY ROAD,N,URBAN,N,N,N,,DAWN/DUSK,CLEAR,DRY,,FOUR-WAY INTERSECTION,STRAIGHT/GRADE,ASPHALT,FAILURE TO YIELD RIGHT OF WAY,RIGHT ANGLE,NJACKSONSTW17THST,STOP SIGN
BLOOMINGTON PD,BLOOMINGTON,9/27/2020,9:00 AM,2,0,0,0,0,116,,,N WALNUT ST,ALLEY,,150,S,39.16723605,-86.53359054,LOCAL/CITY ROAD,Y,URBAN,N,N,N,,DAYLIGHT,CLEAR,DRY,,NO JUNCTION INVOLVED,STRAIGHT/GRADE,ASPHALT,IMPROPER LANE USAGE,SAME DIRECTION SIDESWIPE,6THSTWALNUTST,NONE
BLOOMINGTON PD,BLOOMINGTON,9/27/2020,8:53 PM,2,0,0,0,0,,,,N WALNUT ST,SR 45/46,,,,39.186368,-86.5344,LOCAL/CITY ROAD,N,URBAN,N,N,N,,DARK (LIGHTED),CLOUDY,DRY,,FOUR-WAY INTERSECTION,STRAIGHT/GRADE,ASPHALT,FOLLOWING TOO CLOSELY,REAR END,NWALNUTSTSR46E,TRAFFIC CONTROL SIGNAL
BLOOMINGTON PD,BLOOMINGTON,9/28/2020,12:01 AM,2,0,0,0,0,,,,W 6TH ST,,,100,E,39.167696,-86.542096,LOCAL/CITY ROAD,Y,URBAN,N,N,N,,DARK (NOT LIGHTED),CLEAR,DRY,,FOUR-WAY INTERSECTION,STRAIGHT/LEVEL,CONCRETE,,OTHER - EXPLAIN IN NARRATIVE,NMAPLESTW6THST,NONE
BLOOMINGTON PD,BLOOMINGTON,9/28/2020,12:06 AM,2,0,1,0,0,,,,N HEADLEY RD,,,500,S,39.19008,-86.514288,LOCAL/CITY ROAD,N,URBAN,N,N,N,,DAYLIGHT,RAIN,WET,,NO JUNCTION INVOLVED,CURVE/GRADE,ASPHALT,SPEED TOO FAST FOR WEATHER CONDITIONS,RIGHT ANGLE,NHEADLYRDTREADWELLDR,NONE
BLOOMINGTON PD,BLOOMINGTON,9/28/2020,6:42 AM,2,0,1,0,0,,,,SR 48,S GATES DR,,,,0,0,LOCAL/CITY ROAD,N,URBAN,N,N,N,,DARK (LIGHTED),RAIN,WET,,FOUR-WAY INTERSECTION,STRAIGHT/GRADE,ASPHALT,DISREGARD SIGNAL/REG SIGN,RIGHT ANGLE,E3RDSTNGATESDR,TRAFFIC CONTROL SIGNAL
MONROE SD,BLOOMINGTON,9/28/2020,8:46 AM,1,0,0,0,0,,,,E SAMPLE RD,,,2500,W,,,LOCAL/CITY ROAD,N,RURAL,N,N,N,,DAYLIGHT,RAIN,WET,,T-INTERSECTION,STRAIGHT/GRADE,ASPHALT,RAN OFF ROAD RIGHT,RAN OFF ROAD,ESAMPLERDNOLD37HWY,NONE
ISP BLOOMINGTON 33,BLOOMINGTON,9/28/2020,9:19 AM,1,,0,0,0,,,,W GIFFORD RD,,,,,39.15490363,-86.58597655,COUNTY ROAD,,RURAL,N,N,N,,DAYLIGHT,CLOUDY,WET,,NO JUNCTION INVOLVED,,ASPHALT,SPEED TOO FAST FOR WEATHER CONDITIONS,RAN OFF ROAD,WGiffordRdW.ofCurryPike,
MONROE SD,BLOOMINGTON,9/28/2020,9:42 AM,2,0,0,0,0,,,,E MEL CURRIE RD,,,2500,E,39.237208,-86.52913132,LOCAL/CITY ROAD,Y,RURAL,N,N,N,,DAYLIGHT,RAIN,WET,,T-INTERSECTION,STRAIGHT/HILLCREST,ASPHALT,LEFT OF CENTER,,EMELCURRIERDSHOWERSRD,NONE
MONROE SD,BLOOMINGTON,9/28/2020,10:14 AM,1,0,1,0,0,,,,N BOTTOM RD,,,900,N,39.24744,-86.547792,LOCAL/CITY ROAD,N,RURAL,N,N,N,,DAYLIGHT,CLOUDY,DRY,,NO JUNCTION INVOLVED,CURVE/LEVEL,ASPHALT,RAN OFF ROAD RIGHT,RAN OFF ROAD,NBOTTOMRDWMAPLEGROVERD,NONE
INDIANA UNIV BLOOMINGTON PD,BLOOMINGTON,9/28/2020,10:30 AM,1,0,0,0,0,,,,N WALNUT ST,SR 45/46,,,,39.183384,-86.5343925,STATE ROAD,N,URBAN,N,N,N,,DAYLIGHT,RAIN,WET,,FOUR-WAY INTERSECTION,STRAIGHT/LEVEL,ASPHALT,SPEED TOO FAST FOR WEATHER CONDITIONS,OTHER - EXPLAIN IN NARRATIVE,COLLEGEAVEWALNUTST,TRAFFIC CONTROL SIGNAL
BLOOMINGTON PD,BLOOMINGTON,9/28/2020,10:45 AM,1,0,0,0,0,,,,N WALNUT ST,SR 45/46,,,,39.232544,-86.540704,LOCAL/CITY ROAD,N,URBAN,Y,N,N,,DAYLIGHT,RAIN,WET,,NO JUNCTION INVOLVED,STRAIGHT/LEVEL,ASPHALT,SPEED TOO FAST FOR WEATHER CONDITIONS,RAN OFF ROAD,NWALNUTST,LANE CONTROL
BLOOMINGTON PD,BLOOMINGTON,9/28/2020,12:15 PM,2,0,1,0,0,,,,E HILLSIDE DR,S OLIVE ST,,50,W,39.150542,-86.51883567,LOCAL/CITY ROAD,N,URBAN,N,N,N,,DAYLIGHT,CLOUDY,WET,,NO JUNCTION INVOLVED,STRAIGHT/LEVEL,ASPHALT,CELL PHONE USAGE,REAR END,EHILLSIDEDRSOLIVEST,NONE
INDIANA UNIV BLOOMINGTON PD,BLOOMINGTON,9/28/2020,12:50 PM,2,0,0,0,0,,,,N DUNN ST,E 17TH ST,,,,39.178993,-86.528324,LOCAL/CITY ROAD,N,URBAN,N,N,N,,DAYLIGHT,RAIN,WET,,FOUR-WAY INTERSECTION,STRAIGHT/LEVEL,ASPHALT,FOLLOWING TOO CLOSELY,REAR END,DUNNSTEAST17THST,TRAFFIC CONTROL SIGNAL
BLOOMINGTON PD,BLOOMINGTON,9/28/2020,1:05 PM,2,0,0,0,0,,,,W 2ND ST,S WALKER ST,,,,39.161431,-86.546144,LOCAL/CITY ROAD,N,URBAN,N,N,N,,DAYLIGHT,RAIN,WET,,FOUR-WAY INTERSECTION,STRAIGHT/GRADE,ASPHALT,FOLLOWING TOO CLOSELY,REAR END,2NDSTWALKERST,TRAFFIC CONTROL SIGNAL
INDIANA UNIV BLOOMINGTON PD,BLOOMINGTON,9/28/2020,1:55 PM,2,0,0,0,0,,,,E 3RD ST,S FESS AVE,,,,39.164281,-86.525871,LOCAL/CITY ROAD,N,URBAN,N,N,N,,DAYLIGHT,RAIN,WET,,T-INTERSECTION,STRAIGHT/LEVEL,ASPHALT,FOLLOWING TOO CLOSELY,REAR END,FESSAVETHIRDST,NONE
MONROE SD,BLOOMINGTON,9/28/2020,2:15 PM,2,0,0,0,0,2450,,,W KARST FARM PARK RD,S ENDWRIGHT RD,,,,39.148848,-86.5964,LOCAL/CITY ROAD,N,URBAN,N,N,N,,DAYLIGHT,RAIN,WET,,T-INTERSECTION,STRAIGHT/LEVEL,ASPHALT,UNSAFE BACKING,OTHER - EXPLAIN IN NARRATIVE,SENDWRIGHTRD,NONE
BLOOMINGTON PD,BLOOMINGTON,9/28/2020,2:44 PM,3,0,0,0,0,,,,SR 46,E 3RD ST,,,,39.16424,-86.473296,STATE ROAD,N,URBAN,N,N,N,,DAYLIGHT,RAIN,WET,,FOUR-WAY INTERSECTION,STRAIGHT/LEVEL,ASPHALT,STEERING FAILURE,OTHER - EXPLAIN IN NARRATIVE,E3RDSTSR46S,TRAFFIC CONTROL SIGNAL
ISP BLOOMINGTON 33,BLOOMINGTON,9/28/2020,2:56 PM,1,,0,0,0,,Y,123C,I-69 S,N SR 37 BUSINESS,,1690,W,39.23483763,-86.542509,INTERSTATE,,RURAL,N,N,N,,DAYLIGHT,CLOUDY,WET,,RAMP,,CONCRETE,SPEED TOO FAST FOR WEATHER CONDITIONS,RAN OFF ROAD,NWalnutStI69-123-C,
INDIANA UNIV BLOOMINGTON PD,BLOOMINGTON,9/28/2020,3:20 PM,2,0,0,0,0,,,,N JORDAN AVE,E LAW LN,,,,39.173403,-86.515448,LOCAL/CITY ROAD,N,URBAN,N,N,N,,DAYLIGHT,CLOUDY,WET,,FOUR-WAY INTERSECTION,STRAIGHT/LEVEL,ASPHALT,SPEED TOO FAST FOR WEATHER CONDITIONS,REAR END,EASTLAWLNNORTHJORDANAVE,TRAFFIC CONTROL SIGNAL
INDIANA UNIV BLOOMINGTON PD,BLOOMINGTON,9/28/2020,4:50 PM,3,0,0,0,0,,,,E 3RD ST,S FACULTY AVE,,,,39.164251,-86.521079,LOCAL/CITY ROAD,N,URBAN,N,N,N,,DAYLIGHT,CLEAR,DRY,,NO JUNCTION INVOLVED,STRAIGHT/LEVEL,ASPHALT,UNSAFE LANE MOVEMENT,SAME DIRECTION SIDESWIPE,FACULTYAVETHIRDST,NONE
INDIANA UNIV BLOOMINGTON PD,BLOOMINGTON,9/29/2020,9:30 AM,2,0,1,1,0,,,,S INDIANA AVE,E 3RD ST,,,,,,LOCAL/CITY ROAD,N,URBAN,N,N,N,,DAYLIGHT,CLEAR,DRY,,T-INTERSECTION,STRAIGHT/LEVEL,ASPHALT,DISREGARD SIGNAL/REG SIGN,RIGHT ANGLE,INDIANAAVETHIRDST,TRAFFIC CONTROL SIGNAL
BLOOMINGTON PD,BLOOMINGTON,9/29/2020,11:47 AM,3,0,0,0,0,,,,W COUNTRY CLUB DR,S MADISON ST,,,,39.136048,-86.536992,LOCAL/CITY ROAD,N,URBAN,N,N,N,,DAYLIGHT,CLEAR,DRY,,T-INTERSECTION,STRAIGHT/LEVEL,ASPHALT,FOLLOWING TOO CLOSELY,REAR END,COUNTRYCLUBDRMADISONST,NONE
BLOOMINGTON PD,BLOOMINGTON,9/29/2020,2:14 PM,2,0,0,0,0,,,,S MULLER PKWY,ENTRANCE TO LONGVIEW MOBILE PARK (E),,75,W,39.164469,-86.5627025,LOCAL/CITY ROAD,N,URBAN,N,N,N,,DAYLIGHT,CLEAR,DRY,,NO JUNCTION INVOLVED,STRAIGHT/GRADE,CONCRETE,UNSAFE BACKING,BACKING CRASH,SMULLERPKWYW3RDST,NONE
INDIANA UNIV BLOOMINGTON PD,BLOOMINGTON,9/29/2020,7:00 PM,2,0,0,0,0,,,,E 3RD ST,S SWAIN AVE,,,,39.164261,-86.515275,LOCAL/CITY ROAD,N,URBAN,N,N,N,,DAWN/DUSK,CLEAR,DRY,,T-INTERSECTION,STRAIGHT/LEVEL,ASPHALT,IMPROPER TURNING,LEFT TURN,SWAINAVETHIRDST,LANE CONTROL
MONROE SD,BLOOMINGTON,9/29/2020,9:50 PM,1,0,0,0,1,,,,S HANDY RD,,,3000,N,39.092688,-86.483568,LOCAL/CITY ROAD,N,RURAL,N,N,N,,DARK (NOT LIGHTED),CLEAR,DRY,,NO JUNCTION INVOLVED,STRAIGHT/LEVEL,ASPHALT,ANIMAL/OBJECT IN ROADWAY,COLLISION WITH DEER,SFISCUSRDSHANDYRD,NONE
MONROE SD,BLOOMINGTON,9/29/2020,10:21 PM,1,0,1,0,0,6694,,,SR 45,,,,,39.125312,-86.610496,STATE ROAD,N,RURAL,N,N,N,,DARK (NOT LIGHTED),CLEAR,DRY,,NO JUNCTION INVOLVED,STRAIGHT/GRADE,ASPHALT,RAN OFF ROAD RIGHT,RAN OFF ROAD,SR45W,NONE
MONROE SD,BLOOMINGTON,9/30/2020,12:27 AM,2,0,1,0,0,,,,N OARD RD,,,4752,N,39.17555533,-86.62532854,LOCAL/CITY ROAD,N,RURAL,N,N,N,,DARK (NOT LIGHTED),CLEAR,WET,,NO JUNCTION INVOLVED,STRAIGHT/GRADE,ASPHALT,FAILURE TO YIELD RIGHT OF WAY,REAR END,OARDRDSR48W,NONE
ISP BLOOMINGTON 33,BLOOMINGTON,9/30/2020,5:40 PM,2,,0,0,0,,,,I-69 S,,,0,S,39.28977599,-86.5184337,INTERSTATE,,RURAL,N,N,N,,DAYLIGHT,CLEAR,DRY,,NO JUNCTION INVOLVED,,ASPHALT,OVERCORRECTING/OVERSTEERING,,I-69127,
BLOOMINGTON PD,BLOOMINGTON,9/30/2020,6:24 PM,2,0,0,0,0,,,,E 10TH ST,N FEE LN,,,,39.171584,-86.518688,LOCAL/CITY ROAD,N,URBAN,N,N,N,,DAYLIGHT,CLEAR,DRY,,T-INTERSECTION,STRAIGHT/GRADE,CONCRETE,FOLLOWING TOO CLOSELY,REAR END,E10THSTNFEELN,NONE
MONROE SD,BLOOMINGTON,10/1/2020,1:08 AM,1,0,0,0,0,728,,,S TUPLIP AVE,,,,,,,UNKNOWN,Y,URBAN,Y,N,N,,DARK (NOT LIGHTED),CLEAR,DRY,,NO JUNCTION INVOLVED,NON-ROADWAY CRASH,OTHER - EXPLAIN IN NARRATIVE,OTHER (DRIVER) - EXPLAIN IN NARRATIVE,RAN OFF ROAD,WHITEHORNPL,NONE
BLOOMINGTON PD,BLOOMINGTON,10/1/2020,1:00 PM,2,0,0,0,0,,,,S WALNUT ST,E DODDS ST,,,,39.157552,-86.5336,LOCAL/CITY ROAD,N,URBAN,N,N,N,,DAYLIGHT,CLEAR,DRY,,NO JUNCTION INVOLVED,STRAIGHT/LEVEL,ASPHALT,UNSAFE LANE MOVEMENT,SAME DIRECTION SIDESWIPE,EDODDSSTSWALNUTST,LANE CONTROL
MONROE SD,BLOOMINGTON,10/1/2020,1:50 PM,2,0,0,0,0,,,,SR 37,E SMITHVILLE RD,,,,39.071056,-86.5356,STATE ROAD,N,RURAL,N,N,N,,DAYLIGHT,CLEAR,DRY,,FOUR-WAY INTERSECTION,STRAIGHT/LEVEL,ASPHALT,DRIVER DISTRACTED - EXPLAIN IN NARRATIVE,REAR END,ESMITHVILLERDSR37S,STOP SIGN
BLOOMINGTON PD,BLOOMINGTON,10/1/2020,3:14 PM,2,0,0,0,0,,,,S SARE RD,E MOORES PIKE,,,,,,LOCAL/CITY ROAD,N,URBAN,N,N,Y,LANE CLOSURE,DAYLIGHT,CLOUDY,DRY,,FOUR-WAY INTERSECTION,STRAIGHT/GRADE,ASPHALT,IMPROPER TURNING,LEFT TURN,EMOORESPIKESSARERD,TRAFFIC CONTROL SIGNAL
INDIANA UNIV BLOOMINGTON PD,BLOOMINGTON,10/1/2020,5:25 PM,2,0,0,0,0,,,,SR 45/46,E 10TH ST,,,,0,0,STATE ROAD,N,URBAN,N,N,N,,DAYLIGHT,CLEAR,WET,,FOUR-WAY INTERSECTION,STRAIGHT/LEVEL,CONCRETE,SPEED TOO FAST FOR WEATHER CONDITIONS,REAR END,SR46UNIONVILLERD,TRAFFIC CONTROL SIGNAL
BLOOMINGTON PD,BLOOMINGTON,10/1/2020,6:05 PM,2,0,0,0,0,,,,E 10TH ST,N GRANT ST,,,,39.171696,-86.529696,LOCAL/CITY ROAD,N,URBAN,N,N,N,,DAYLIGHT,CLEAR,DRY,,FOUR-WAY INTERSECTION,STRAIGHT/GRADE,ASPHALT,FAILURE TO YIELD RIGHT OF WAY,RIGHT ANGLE,E10THSTNGRANTST,STOP SIGN
BLOOMINGTON PD,BLOOMINGTON,10/1/2020,7:40 PM,2,0,0,0,0,,,,SR 48,S LIBERTY DR,,,,,,LOCAL/CITY ROAD,N,URBAN,N,N,N,,DARK (NOT LIGHTED),CLEAR,DRY,,FOUR-WAY INTERSECTION,STRAIGHT/LEVEL,ASPHALT,FAILURE TO YIELD RIGHT OF WAY,LEFT TURN,LIBERTYDRW3RDST,TRAFFIC CONTROL SIGNAL
BLOOMINGTON PD,BLOOMINGTON,10/1/2020,11:31 PM,2,0,0,0,0,,,,SR 45,S LEONARD SPRINGS RD,,,,,,STATE ROAD,Y,URBAN,N,N,N,,DARK (NOT LIGHTED),CLOUDY,DRY,,FOUR-WAY INTERSECTION,STRAIGHT/GRADE,ASPHALT,FOLLOWING TOO CLOSELY,REAR END,CURRYPIKESR45E,TRAFFIC CONTROL SIGNAL
ISP BLOOMINGTON 33,ELLETTSVILLE,10/2/2020,8:05 AM,1,,0,0,1,,,,SR 46,,,0,S,39.26257812,-86.6605137,STATE ROAD,,RURAL,N,N,N,,DAWN/DUSK,FOG/SMOKE/SMOG,DRY,,NO JUNCTION INVOLVED,,ASPHALT,ANIMAL/OBJECT IN ROADWAY,COLLISION WITH DEER,StateRd46,
ISP BLOOMINGTON 33,BLOOMINGTON,10/2/2020,8:40 AM,3,,0,0,0,,,,I-69 S,SR 48,,686,E,39.16911205,-86.57211489,INTERSTATE,,URBAN,N,N,N,,DAYLIGHT,CLEAR,DRY,,NO JUNCTION INVOLVED,,ASPHALT,ANIMAL/OBJECT IN ROADWAY,COLLISION WITH OBJECT IN ROAD,WAlexanderDrI-69,
BLOOMINGTON PD,BLOOMINGTON,10/2/2020,8:57 AM,2,0,0,0,0,,,,N WALNUT ST,W OLD SR 37,,,,39.20704,-86.534704,LOCAL/CITY ROAD,N,URBAN,N,N,N,,DAYLIGHT,CLEAR,DRY,,T-INTERSECTION,STRAIGHT/LEVEL,ASPHALT,UNSAFE LANE MOVEMENT,REAR END,NWALNUTSTOLDSTATEROAD37TRWY,STOP SIGN
BLOOMINGTON PD,BLOOMINGTON,10/2/2020,11:56 AM,2,0,0,0,0,,,,E SOUTHERN DR,S GRANT ST,,50,E,39.14984,-86.530096,LOCAL/CITY ROAD,N,URBAN,N,N,N,,DAYLIGHT,CLEAR,DRY,,NO JUNCTION INVOLVED,STRAIGHT/LEVEL,ASPHALT,UNSAFE BACKING,BACKING CRASH,ESOUTHERNDRSGRANTST,NONE
INDIANA UNIV BLOOMINGTON PD,BLOOMINGTON,10/2/2020,12:30 PM,1,0,0,0,0,,,,N FESS AVE,E 8TH ST,,,,,,UNKNOWN,N,URBAN,N,N,Y,WORK ON SHOULDER,DAYLIGHT,CLEAR,DRY,,NO JUNCTION INVOLVED,NON-ROADWAY CRASH,OTHER - EXPLAIN IN NARRATIVE,OTHER (DRIVER) - EXPLAIN IN NARRATIVE,OTHER - EXPLAIN IN NARRATIVE,EIGHTHSTFESSAVE,OTHER
BLOOMINGTON PD,BLOOMINGTON,10/2/2020,12:50 PM,2,0,0,0,0,,,,W BLOOMFIELD RD,S BASSWOOD DR,,,,,,LOCAL/CITY ROAD,N,URBAN,N,N,N,,DAYLIGHT,CLEAR,DRY,,FOUR-WAY INTERSECTION,CURVE/GRADE,ASPHALT,FAILURE TO YIELD RIGHT OF WAY,RIGHT TURN,BASSWOODDRBLOOMFIELDRD,TRAFFIC CONTROL SIGNAL
BLOOMINGTON PD,BLOOMINGTON,10/2/2020,12:54 PM,3,0,0,0,0,1017,,,W 6TH ST,N OAK ST,,70,E,39.167712,-86.5468,LOCAL/CITY ROAD,Y,URBAN,N,N,N,,DAYLIGHT,CLEAR,DRY,,FOUR-WAY INTERSECTION,STRAIGHT/LEVEL,ASPHALT,UNSAFE LANE MOVEMENT,OPPOSITE DIRECTION SIDESWIPE,NOAKSTW6THST,NONE
INDIANA UNIV BLOOMINGTON PD,BLOOMINGTON,10/2/2020,4:35 PM,3,0,0,0,0,,,,SR 45/46,E DISCOVERY PKWY,,100,S,,,STATE ROAD,N,URBAN,N,N,N,,DAYLIGHT,CLEAR,DRY,,NO JUNCTION INVOLVED,STRAIGHT/GRADE,ASPHALT,FOLLOWING TOO CLOSELY,REAR END,DISCOVERYPKWYSR46N,NONE
MONROE SD,BLOOMINGTON,10/2/2020,5:27 PM,1,0,0,0,0,,,,S ROGERS ST,,,705,N,39.11464,-86.539392,LOCAL/CITY ROAD,N,RURAL,N,N,N,,DAYLIGHT,CLOUDY,DRY,,NO JUNCTION INVOLVED,STRAIGHT/LEVEL,CONCRETE,OTHER (VEHICLE) - EXPLAIN IN NARRATIVE,OTHER - EXPLAIN IN NARRATIVE,SROGERSSTWTHATRD,NONE
MONROE SD,BLOOMINGTON,10/2/2020,5:36 PM,2,0,1,0,0,,,,S GARRISON CHAPEL RD,W AIRPORT RD,,,,39.13704,-86.642832,COUNTY ROAD,N,RURAL,N,N,N,,DAYLIGHT,CLOUDY,DRY,,FOUR-WAY INTERSECTION,STRAIGHT/LEVEL,ASPHALT,FAILURE TO YIELD RIGHT OF WAY,RIGHT ANGLE,SOUTHGARRISONCHAPELRDWESTAIRPORTRD,STOP SIGN
BLOOMINGTON PD,BLOOMINGTON,10/2/2020,5:40 PM,2,0,0,0,0,,,,SR 45,N PETE ELLIS DR,,200,E,39.171504,-86.495312,LOCAL/CITY ROAD,N,URBAN,N,N,N,,DAYLIGHT,CLOUDY,DRY,,NO JUNCTION INVOLVED,STRAIGHT/LEVEL,ASPHALT,FOLLOWING TOO CLOSELY,REAR END,E10THSTNPETEELLISDR,NONE
MONROE SD,BLOOMINGTON,10/2/2020,7:55 PM,2,1,0,0,0,,,,SR 45,S LEONARD SPRINGS RD,,,,39.142048,-86.582592,STATE ROAD,N,RURAL,N,N,N,,DARK (NOT LIGHTED),CLEAR,DRY,,FOUR-WAY INTERSECTION,STRAIGHT/GRADE,ASPHALT,FAILURE TO YIELD RIGHT OF WAY,RIGHT ANGLE,LEONARDSPRINGSRDSR45W,STOP SIGN
BLOOMINGTON PD,BLOOMINGTON,10/2/2020,8:45 PM,2,0,0,0,0,,,,W KIRKWOOD AVE,S ADAMS ST,,,,39.166816,-86.549488,,Y,URBAN,N,N,N,,DARK (LIGHTED),CLEAR,DRY,,NO JUNCTION INVOLVED,STRAIGHT/HILLCREST,ASPHALT,IMPROPER LANE USAGE,BACKING CRASH,SADAMSSTWKIRKWOODAVE,TRAFFIC CONTROL SIGNAL
BLOOMINGTON PD,BLOOMINGTON,10/2/2020,10:04 PM,2,0,0,0,0,,,,S HENDERSON ST,E WYLE FARM RD,,,,,,LOCAL/CITY ROAD,N,URBAN,Y,N,N,,DARK (LIGHTED),CLEAR,DRY,,FOUR-WAY INTERSECTION,STRAIGHT/LEVEL,ASPHALT,FAILURE TO YIELD RIGHT OF WAY,RIGHT ANGLE,EWYLIEFARMRDSHENDERSONST,STOP SIGN
MONROE SD,BLOOMINGTON,10/2/2020,10:09 PM,2,0,0,0,0,,,,SR 48,N PROFILE PKWY,,,,,,STATE ROAD,N,RURAL,N,N,N,,DARK (LIGHTED),CLOUDY,DRY,,FOUR-WAY INTERSECTION,STRAIGHT/LEVEL,CONCRETE,CELL PHONE USAGE,RIGHT ANGLE,SPROFILEPKWYSR48W,TRAFFIC CONTROL SIGNAL
BLOOMINGTON PD,BLOOMINGTON,10/3/2020,8:57 AM,2,0,0,0,0,,,,N INDIANA AVE,E 13TH ST,,,,39.175504,-86.527104,LOCAL/CITY ROAD,N,URBAN,N,N,N,,DAYLIGHT,CLEAR,DRY,,FOUR-WAY INTERSECTION,STRAIGHT/GRADE,ASPHALT,FAILURE TO YIELD RIGHT OF WAY,RIGHT ANGLE,E13THSTNINDIANAAVE,STOP SIGN
INDIANA UNIV BLOOMINGTON PD,BLOOMINGTON,10/3/2020,12:00 PM,2,0,0,0,0,,,,SR 45/46,E 17TH ST,,,,,,STATE ROAD,N,URBAN,N,N,N,,DAYLIGHT,CLEAR,DRY,,T-INTERSECTION,STRAIGHT/LEVEL,ASPHALT,FOLLOWING TOO CLOSELY,REAR END,EAST17THSTSR46,TRAFFIC CONTROL SIGNAL
BLOOMINGTON PD,BLOOMINGTON,10/3/2020,6:47 PM,2,0,0,0,0,4217,,,SR 46,S PARK RIDGE RD,,300,W,39.16424,-86.476096,LOCAL/CITY ROAD,N,URBAN,N,N,N,,DARK (NOT LIGHTED),RAIN,WET,,NO JUNCTION INVOLVED,STRAIGHT/LEVEL,ASPHALT,FOLLOWING TOO CLOSELY,REAR END,4217E3RDSTSPARKRIDGERD,NONE
MONROE SD,BLOOMINGTON,10/3/2020,7:34 PM,1,0,0,0,1,,,,S STRAIN RIDGE RD,,,300,S,,,COUNTY ROAD,N,RURAL,N,N,N,,DARK (NOT LIGHTED),RAIN,WET,,NO JUNCTION INVOLVED,STRAIGHT/GRADE,ASPHALT,ANIMAL/OBJECT IN ROADWAY,COLLISION WITH DEER,GREENRDSTRAINRIDGERD,NONE
INDIANA UNIV BLOOMINGTON PD,BLOOMINGTON,10/3/2020,7:35 PM,2,0,0,0,0,,,,S MITCHELL ST,E 3RD ST,,,,,,LOCAL/CITY ROAD,N,URBAN,N,N,N,,DARK (LIGHTED),RAIN,WET,,T-INTERSECTION,STRAIGHT/LEVEL,ASPHALT,FOLLOWING TOO CLOSELY,REAR END,MITCHELLSTTHIRDST,LANE CONTROL
BLOOMINGTON PD,BLOOMINGTON,10/3/2020,9:40 PM,2,0,0,0,0,,,,S MADISON ST,W HILLSIDE DR,,,,,,LOCAL/CITY ROAD,Y,URBAN,N,N,N,,DARK (NOT LIGHTED),CLEAR,DRY,,T-INTERSECTION,STRAIGHT/LEVEL,ASPHALT,OTHER (DRIVER) - EXPLAIN IN NARRATIVE,OPPOSITE DIRECTION SIDESWIPE,SMADISONSTWHILLSIDEST,NONE
BLOOMINGTON PD,BLOOMINGTON,10/4/2020,1:09 AM,1,0,1,0,0,301,,,E BROWNSTONE DR,,,,,,,LOCAL/CITY ROAD,N,URBAN,N,N,N,,DARK (LIGHTED),CLEAR,DRY,,NO JUNCTION INVOLVED,STRAIGHT/GRADE,ASPHALT,LEFT OF CENTER,SAME DIRECTION SIDESWIPE,EBROWNSTONEDR,NONE
INDIANA UNIV BLOOMINGTON PD,BLOOMINGTON,10/4/2020,3:30 PM,2,0,2,0,0,,,,E 3RD ST,S JORDAN AVE,,,,,,LOCAL/CITY ROAD,N,URBAN,N,N,N,,DAYLIGHT,CLOUDY,DRY,,NO JUNCTION INVOLVED,STRAIGHT/LEVEL,ASPHALT,UNSAFE LANE MOVEMENT,SAME DIRECTION SIDESWIPE,JORDANAVETHIRDST,LANE CONTROL