Agency,City,Collision Date,Collision Time,Vehicles Involved,Trailers Involved,Number Injured,Number Dead,Number Deer,House Number,Roadway Interchange,Roadway Ramp,Roadway Id,Intersecting Road,Interchange,Feet From,Direction,Latitude,Longitude,Roadway Class,Hit and Run?,Locality,School Zone?,Rumble Strips?,Construction?,Construction Type,Light Condition,Weather Conditions,Surface Condition,Type of Median,Roadway Junction Type,Road Character,Roadway Surface,Primary Factor,Manner of Collision,Unique Location Id,Traffic Control
MONROE SD,BLOOMINGTON,10/26/2020,5:01 PM,2,0,0,0,0,,,,N CURRY PIKE,W WOODYARD RD,,,,39.190672,-86.582992,COUNTY ROAD,N,RURAL,N,N,N,,DAYLIGHT,RAIN,WET,,FOUR-WAY INTERSECTION,CURVE/LEVEL,ASPHALT,UNSAFE LANE MOVEMENT,SAME DIRECTION SIDESWIPE,NORTHCURRYPIKEWOODYARDRD,TRAFFIC CONTROL SIGNAL
ISP BLOOMINGTON 33,BLOOMINGTON,10/26/2020,5:30 PM,2,,0,0,0,,,,SR 37,,,2376,S,39.08211423,-86.53947643,STATE ROAD,,RURAL,N,Y,N,,DAYLIGHT,RAIN,WET,,NO JUNCTION INVOLVED,,ASPHALT,FOLLOWING TOO CLOSELY,REAR END,StateRd37SOldStateRoad37,
ISP BLOOMINGTON 33,BLOOMINGTON,10/26/2020,5:50 PM,1,,0,0,0,,106,C,I-69 S,N SR 37 BUSINESS,,370,W,39.23632473,-86.54025427,INTERSTATE,,RURAL,N,N,N,,DAYLIGHT,RAIN,WET,,RAMP,,ASPHALT,,RAN OFF ROAD,SR37NWalnutSt,
INDIANA UNIV BLOOMINGTON PD,BLOOMINGTON,10/26/2020,7:15 PM,2,0,0,0,0,,,,SR 45/46,E 10TH ST,,150,N,,,STATE ROAD,N,URBAN,N,N,N,,DARK (NOT LIGHTED),RAIN,WET,,FOUR-WAY INTERSECTION,STRAIGHT/LEVEL,ASPHALT,UNSAFE LANE MOVEMENT,SAME DIRECTION SIDESWIPE,EAST10THSTSR46S,LANE CONTROL
ISP BLOOMINGTON 33,SMITHVILLE(MONROE),10/26/2020,7:20 PM,1,,0,0,1,,,,SR 37,S ZIKES RD,,0,S,39.05522988,-86.5361022,STATE ROAD,,RURAL,N,N,N,,DARK (NOT LIGHTED),RAIN,WET,,NO JUNCTION INVOLVED,,ASPHALT,ANIMAL/OBJECT IN ROADWAY,COLLISION WITH DEER,StateRd37,
INDIANA UNIV BLOOMINGTON PD,BLOOMINGTON,10/26/2020,8:40 PM,2,0,0,0,0,,,,S WASHINGTON ST,E 2ND ST,,,,,,LOCAL/CITY ROAD,N,URBAN,N,N,N,,DARK (NOT LIGHTED),RAIN,WET,,FOUR-WAY INTERSECTION,STRAIGHT/LEVEL,ASPHALT,FAILURE TO YIELD RIGHT OF WAY,RIGHT ANGLE,SECONDSTWASHINGTONST,STOP SIGN
ISP BLOOMINGTON 33,BLOOMINGTON,10/26/2020,9:15 PM,1,,0,0,0,,,,W MONROE DAM RD,,,686,W,39.01978057,-86.54063649,LOCAL/CITY ROAD,,RURAL,N,N,N,,DARK (NOT LIGHTED),RAIN,WET,,NO JUNCTION INVOLVED,,ASPHALT,SPEED TOO FAST FOR WEATHER CONDITIONS,RAN OFF ROAD,WMonroeDamRdSOldStateRoad37,
INDIANA UNIV BLOOMINGTON PD,BLOOMINGTON,10/27/2020,12:01 AM,1,0,0,0,0,,,,S WOODLAWN AVE,E 3RD ST,,,,,,LOCAL/CITY ROAD,Y,URBAN,N,N,N,,UNKNOWN,RAIN,WET,,NO JUNCTION INVOLVED,STRAIGHT/LEVEL,ASPHALT,IMPROPER TURNING,RAN OFF ROAD,THIRDSTWOODLAWNAVE,TRAFFIC CONTROL SIGNAL
BLOOMINGTON PD,BLOOMINGTON,10/27/2020,7:42 AM,2,0,1,0,0,,,,SR 45,I-69,,,,,,LOCAL/CITY ROAD,N,URBAN,N,N,N,,DARK (LIGHTED),RAIN,WET,,FOUR-WAY INTERSECTION,STRAIGHT/LEVEL,ASPHALT,FOLLOWING TOO CLOSELY,REAR END,I69BYPWBLOOMFIELDRD,TRAFFIC CONTROL SIGNAL
MONROE SD,BLOOMINGTON,10/27/2020,2:00 PM,1,0,0,0,0,,,,S FAIRFAX RD,E CLEVE BUTCHER RD,,150,N,39.059984,-86.498432,LOCAL/CITY ROAD,N,RURAL,N,N,N,,DAYLIGHT,CLOUDY,DRY,,T-INTERSECTION,CURVE/LEVEL,ASPHALT,DRIVER ASLEEP OR FATIGUED,RAN OFF ROAD,ECLEVEBUTCHERRDSFAIRFAXRD,NONE
BLOOMINGTON PD,BLOOMINGTON,10/27/2020,2:25 PM,2,0,1,0,0,,,,W 3RD ST,S MADISON ST,,,,39.164704,-86.537296,LOCAL/CITY ROAD,N,URBAN,N,N,N,,DAYLIGHT,CLOUDY,WET,,FOUR-WAY INTERSECTION,STRAIGHT/GRADE,ASPHALT,DISREGARD SIGNAL/REG SIGN,RIGHT ANGLE,SMADISONSTW3RDST,TRAFFIC CONTROL SIGNAL
BLOOMINGTON PD,BLOOMINGTON,10/27/2020,3:19 PM,2,0,0,0,0,,,,S GATES DR,SR 48,,50,N,,,LOCAL/CITY ROAD,Y,URBAN,N,N,N,,DAYLIGHT,RAIN,WET,,NO JUNCTION INVOLVED,STRAIGHT/LEVEL,ASPHALT,UNSAFE LANE MOVEMENT,SAME DIRECTION SIDESWIPE,SGATESDRW3RDST,TRAFFIC CONTROL SIGNAL
BLOOMINGTON PD,BLOOMINGTON,10/27/2020,3:25 PM,3,0,2,0,0,,,,E 3RD ST,S JEFFERSON ST,,,,39.164304,-86.506992,LOCAL/CITY ROAD,N,URBAN,N,N,N,,DAYLIGHT,RAIN,WET,,T-INTERSECTION,STRAIGHT/GRADE,ASPHALT,FOLLOWING TOO CLOSELY,REAR END,E3RDSTSJEFFERSONST,NONE
MONROE SD,BLOOMINGTON,10/27/2020,4:34 PM,2,0,0,0,0,,,,S FAIRFAX RD,E SCHACHT RD,,,,39.10704,-86.523488,LOCAL/CITY ROAD,N,RURAL,N,N,N,,DAYLIGHT,CLOUDY,WET,,T-INTERSECTION,CURVE/GRADE,CONCRETE,FOLLOWING TOO CLOSELY,REAR END,ESCHACHTRDSFAIRFAXRD,NONE
ELLETTSVILLE PD,ELLETTSVILLE,10/27/2020,5:00 PM,2,0,1,0,0,,,,SR 46,N LAKEVIEW DR,,50,W,39.22123484,-86.60574082,STATE ROAD,N,URBAN,N,N,N,,DAYLIGHT,CLOUDY,WET,,NO JUNCTION INVOLVED,STRAIGHT/GRADE,ASPHALT,FAILURE TO YIELD RIGHT OF WAY,RIGHT ANGLE,LAKEVIEWDRSR46W,NONE
BLOOMINGTON PD,BLOOMINGTON,10/28/2020,12:35 PM,2,0,0,0,0,3233,,,W JACOB DR,N JACOB DR,,,,,,LOCAL/CITY ROAD,Y,URBAN,N,N,N,,DAYLIGHT,CLOUDY,DRY,,FOUR-WAY INTERSECTION,STRAIGHT/LEVEL,ASPHALT,FOLLOWING TOO CLOSELY,REAR END,3233NJACOBDRNJACOBDR,STOP SIGN
BLOOMINGTON PD,BLOOMINGTON,10/28/2020,5:30 PM,2,0,1,0,0,,,,SR 45/46,N MONROE ST,,,,39.186944,-86.5468,STATE ROAD,N,URBAN,N,N,N,,DAYLIGHT,CLOUDY,DRY,,FOUR-WAY INTERSECTION,STRAIGHT/GRADE,ASPHALT,FAILURE TO YIELD RIGHT OF WAY,RIGHT ANGLE,SOUTHMONROESTSR46E,STOP SIGN
BLOOMINGTON PD,BLOOMINGTON,10/29/2020,11:09 AM,2,0,0,0,0,,,,W TAPP RD,S ADAMS ST,,,,,,LOCAL/CITY ROAD,N,URBAN,N,N,N,,DAYLIGHT,CLOUDY,WET,,TRAFFIC CIRCLE/ROUNDABOUT,STRAIGHT/GRADE,ASPHALT,FOLLOWING TOO CLOSELY,REAR END,SADAMSSTWTAPPRD,LANE CONTROL
INDIANA UNIV BLOOMINGTON PD,BLOOMINGTON,10/29/2020,12:55 PM,2,0,0,0,0,,,,SR 45/46,E 10TH ST,,,,,,STATE ROAD,N,URBAN,N,N,N,,DAYLIGHT,RAIN,WET,,FOUR-WAY INTERSECTION,STRAIGHT/LEVEL,ASPHALT,FOLLOWING TOO CLOSELY,REAR END,SR46UNIONVILLERD,TRAFFIC CONTROL SIGNAL
BLOOMINGTON PD,BLOOMINGTON,10/29/2020,2:22 PM,1,0,1,0,0,,,,S ROGERS ST,W 4TH ST,,,,39.165696,-86.538592,LOCAL/CITY ROAD,N,URBAN,N,N,N,,DAYLIGHT,RAIN,WET,,FOUR-WAY INTERSECTION,STRAIGHT/LEVEL,ASPHALT,FAILURE TO YIELD RIGHT OF WAY,LEFT TURN,SROGERSSTW4THST,STOP SIGN
MONROE SD,BLOOMINGTON,10/29/2020,2:45 PM,1,0,0,0,0,,,,N SHILO RD,,,5000,E,39.279744,-86.464416,LOCAL/CITY ROAD,N,RURAL,N,N,N,,DAYLIGHT,RAIN,WET,,NO JUNCTION INVOLVED,CURVE/GRADE,ASPHALT,RAN OFF ROAD RIGHT,RAN OFF ROAD,EASTANDERSONRDNSHILORD,NONE
MONROE SD,ELLETTSVILLE,10/29/2020,4:44 PM,2,0,0,0,0,,,,N SMITH PIKE,SR 46,,,,39.210144,-86.5832,LOCAL/CITY ROAD,N,URBAN,N,N,N,,DAYLIGHT,RAIN,WET,,FOUR-WAY INTERSECTION,STRAIGHT/GRADE,ASPHALT,FOLLOWING TOO CLOSELY,REAR END,SMITHPIKESR46W,TRAFFIC CONTROL SIGNAL
BLOOMINGTON PD,BLOOMINGTON,10/29/2020,4:46 PM,2,0,0,0,0,,,,SR 46,,,500,N,39.16619049,-86.46728758,STATE ROAD,N,URBAN,N,N,N,,DAYLIGHT,RAIN,WET,,NO JUNCTION INVOLVED,STRAIGHT/LEVEL,ASPHALT,FOLLOWING TOO CLOSELY,REAR END,E3RDSTSR46S,NONE
INDIANA UNIV BLOOMINGTON PD,BLOOMINGTON,10/29/2020,4:49 PM,2,0,0,0,0,,,,SR 45/46,E 10TH ST,,,,0,0,STATE ROAD,N,URBAN,N,N,N,,DAYLIGHT,RAIN,WET,,FOUR-WAY INTERSECTION,STRAIGHT/LEVEL,ASPHALT,FOLLOWING TOO CLOSELY,REAR END,SR46UNIONVILLERD,TRAFFIC CONTROL SIGNAL
INDIANA UNIV BLOOMINGTON PD,BLOOMINGTON,10/29/2020,4:50 PM,3,0,0,0,0,,,,SR 45/46,E DISCOVERY PKWY,,30,S,39.1838228,-86.54926199,,Y,URBAN,N,N,N,,DAYLIGHT,RAIN,WET,,NO JUNCTION INVOLVED,STRAIGHT/LEVEL,ASPHALT,FOLLOWING TOO CLOSELY,REAR END,DISCOVERYPKWYSR46BYP,NONE
BLOOMINGTON PD,BLOOMINGTON,10/29/2020,5:57 PM,3,0,0,0,0,,,,SR 45/46,N WALNUT ST,,,,39.186368,-86.5344,LOCAL/CITY ROAD,N,URBAN,N,N,N,,DAYLIGHT,CLOUDY,WET,,FOUR-WAY INTERSECTION,STRAIGHT/LEVEL,ASPHALT,SPEED TOO FAST FOR WEATHER CONDITIONS,RIGHT TURN,NWALNUTSTSR4546W,TRAFFIC CONTROL SIGNAL
MONROE SD,BLOOMINGTON,10/29/2020,7:36 PM,2,0,0,0,0,,,,S ROGERS ST,W THAT RD,,,,39.11464,-86.539392,LOCAL/CITY ROAD,N,RURAL,N,N,N,,DARK (NOT LIGHTED),CLOUDY,WET,,T-INTERSECTION,STRAIGHT/GRADE,ASPHALT,DRIVER ILLNESS,RIGHT ANGLE,ROGERSSTTHATRD,NONE
BLOOMINGTON PD,BLOOMINGTON,10/30/2020,6:54 AM,2,0,0,0,0,,,,S PATTERSON DR,W ISAACS DR,,,,39.16342,-86.551249,LOCAL/CITY ROAD,N,URBAN,N,N,N,,DARK (LIGHTED),CLEAR,DRY,,FOUR-WAY INTERSECTION,STRAIGHT/LEVEL,ASPHALT,FAILURE TO YIELD RIGHT OF WAY,RIGHT TURN,ISSACDRPATTERSONDR,STOP SIGN
BLOOMINGTON PD,BLOOMINGTON,10/30/2020,9:55 AM,2,0,0,0,0,,,,S HENDERSON ST,E HILLSIDE DR,,,,39.15064,-86.52696,LOCAL/CITY ROAD,N,URBAN,N,N,N,,DAYLIGHT,CLEAR,DRY,,FOUR-WAY INTERSECTION,STRAIGHT/GRADE,ASPHALT,FOLLOWING TOO CLOSELY,REAR END,HENDERSONSTHILLSIDEDR,NONE
ISP BLOOMINGTON 33,BLOOMINGTON,10/30/2020,11:51 AM,1,,1,0,0,,,,I-69 S,,,0,S,39.0500898,-86.67995971,INTERSTATE,,RURAL,N,Y,N,,DAYLIGHT,CLEAR,DRY,,NO JUNCTION INVOLVED,,ASPHALT,TIRE FAILURE OR DEFECTIVE,RAN OFF ROAD,I-69105,
BLOOMINGTON PD,BLOOMINGTON,10/30/2020,2:55 PM,5,0,0,0,0,,,,E HILLSIDE DR,S DORCHESTER DR,,150,W,39.150497,-86.51250802,LOCAL/CITY ROAD,N,URBAN,N,N,N,,DAYLIGHT,CLEAR,DRY,,FOUR-WAY INTERSECTION,STRAIGHT/GRADE,ASPHALT,FOLLOWING TOO CLOSELY,REAR END,EHILLSIDEDRSDORCHESTERDR,NONE
BLOOMINGTON PD,BLOOMINGTON,10/30/2020,3:43 PM,2,0,2,0,0,,,,E 3RD ST,SR 46,,300,W,39.16424,-86.4984,LOCAL/CITY ROAD,N,URBAN,N,N,N,,DAYLIGHT,CLEAR,DRY,,NO JUNCTION INVOLVED,STRAIGHT/LEVEL,ASPHALT,FAILURE TO YIELD RIGHT OF WAY,LEFT TURN,E3RDSTSCOLLEGEMALLRD,NONE
INDIANA UNIV BLOOMINGTON PD,BLOOMINGTON,10/30/2020,4:10 PM,2,0,0,0,0,,,,SR 45/46,E 10TH ST,,,,0,0,STATE ROAD,N,URBAN,N,N,N,,DAYLIGHT,CLEAR,DRY,,FOUR-WAY INTERSECTION,STRAIGHT/LEVEL,ASPHALT,FOLLOWING TOO CLOSELY,REAR END,SR46UNIONVILLERD,TRAFFIC CONTROL SIGNAL
BLOOMINGTON PD,BLOOMINGTON,10/30/2020,4:20 PM,3,0,0,0,0,,,,S PATTERSON DR,W 2ND ST,,300,S,39.1290168,-86.548536,LOCAL/CITY ROAD,N,URBAN,N,N,N,,DAYLIGHT,CLEAR,DRY,,NO JUNCTION INVOLVED,STRAIGHT/LEVEL,ASPHALT,FOLLOWING TOO CLOSELY,REAR END,SPATTERSONDRW2NDST,NONE
INDIANA UNIV BLOOMINGTON PD,BLOOMINGTON,10/30/2020,5:57 PM,2,0,0,0,0,,,,SR 45/46,E DISCOVERY PKWY,,,,39.18699695,-86.54926199,STATE ROAD,N,URBAN,N,N,N,,DAYLIGHT,CLEAR,DRY,,NO JUNCTION INVOLVED,STRAIGHT/LEVEL,ASPHALT,FOLLOWING TOO CLOSELY,REAR END,SR46DISCOVERYPARKWAY,LANE CONTROL
BLOOMINGTON PD,BLOOMINGTON,10/30/2020,5:59 PM,2,0,0,0,0,,,,N GATES DR,W WHITEHALL CROSSING BLVD,,,,39.172352,-86.573605,LOCAL/CITY ROAD,N,URBAN,N,N,Y,LANE CLOSURE,DAYLIGHT,CLEAR,DRY,,T-INTERSECTION,STRAIGHT/LEVEL,CONCRETE,OTHER (DRIVER) - EXPLAIN IN NARRATIVE,HEAD ON BETWEEN TWO MOTOR VEHICLES,NGATESDRWWHITEHALLCROSSINGBLVD,NONE
MONROE SD,BLOOMINGTON,10/30/2020,6:35 PM,1,0,0,0,0,,,,I-69 S,,,,,0,0,INTERSTATE,N,RURAL,N,N,N,,DAYLIGHT,CLEAR,DRY,,NO JUNCTION INVOLVED,STRAIGHT/GRADE,ASPHALT,RAN OFF ROAD RIGHT,RAN OFF ROAD,I69S124.5,NONE
BLOOMINGTON PD,BLOOMINGTON,10/30/2020,7:17 PM,1,0,0,0,1,,,,E 3RD ST,S JEFFERSON ST,,,,39.164304,-86.506992,LOCAL/CITY ROAD,N,URBAN,N,N,N,,DARK (LIGHTED),CLEAR,DRY,,T-INTERSECTION,STRAIGHT/LEVEL,ASPHALT,OTHER (ENVIRONMENTAL) - EXPLAIN IN NARR,COLLISION WITH ANIMAL OTHER,3THIRDSTSJEFFERSONST,NONE
MONROE SD,BLOOMINGTON,10/30/2020,11:00 PM,1,0,1,0,1,,,,I-69 N,,,100,S,0,0,INTERSTATE,N,RURAL,N,N,N,,DARK (NOT LIGHTED),CLEAR,DRY,,NO JUNCTION INVOLVED,STRAIGHT/LEVEL,CONCRETE,ANIMAL/OBJECT IN ROADWAY,COLLISION WITH DEER,I69N110.5,LANE CONTROL
INDIANA UNIV BLOOMINGTON PD,BLOOMINGTON,10/31/2020,12:12 AM,2,0,0,0,0,,,,S JORDAN AVE,E JONES AVE,,,,39.1654211,-86.5163693,LOCAL/CITY ROAD,N,URBAN,N,N,N,,DARK (LIGHTED),CLEAR,DRY,,T-INTERSECTION,STRAIGHT/LEVEL,ASPHALT,UNSAFE SPEED,LEFT TURN,EJONESAVEJORDANAVE,NONE
BLOOMINGTON PD,BLOOMINGTON,10/31/2020,12:30 AM,2,0,0,0,0,912,,,S COPPER BEECH WAY,,,,,0,0,UNKNOWN,Y,URBAN,N,N,N,,DARK (LIGHTED),CLEAR,DRY,,NO JUNCTION INVOLVED,STRAIGHT/LEVEL,ASPHALT,UNSAFE BACKING,BACKING CRASH,COPPERBEACHWAY,NONE
MONROE SD,BLOOMINGTON,10/31/2020,1:33 AM,1,0,0,0,1,,,,I-69 S,,,300,S,0,0,INTERSTATE,N,RURAL,N,N,N,,DARK (NOT LIGHTED),CLEAR,DRY,,NO JUNCTION INVOLVED,STRAIGHT/LEVEL,CONCRETE,ANIMAL/OBJECT IN ROADWAY,COLLISION WITH DEER,I69S109.5,NONE
MONROE SD,BLOOMINGTON,10/31/2020,3:20 AM,1,0,0,0,0,2277,,,N MT GILEAD RD,,,,,39.1888393,-86.4612113,LOCAL/CITY ROAD,Y,RURAL,N,N,N,,DARK (NOT LIGHTED),CLEAR,DRY,,NO JUNCTION INVOLVED,CURVE/GRADE,ASPHALT,RAN OFF ROAD RIGHT,RAN OFF ROAD,NMTGILEADRD,LANE CONTROL
MONROE SD,BLOOMINGTON,10/31/2020,4:15 AM,1,0,0,0,1,,,,I-69 N,,,0,N,0,0,INTERSTATE,N,RURAL,N,N,N,,DARK (NOT LIGHTED),CLEAR,DRY,,NO JUNCTION INVOLVED,STRAIGHT/GRADE,ASPHALT,ANIMAL/OBJECT IN ROADWAY,COLLISION WITH DEER,I69N124.5,NONE
MONROE SD,BLOOMINGTON,10/31/2020,7:23 AM,1,0,0,0,1,,,,SR 37,W MONROE DAM RD,,,,0,0,STATE ROAD,N,RURAL,N,Y,N,,DARK (NOT LIGHTED),CLOUDY,DRY,,RAMP,STRAIGHT/GRADE,ASPHALT,ANIMAL/OBJECT IN ROADWAY,COLLISION WITH DEER,HARRODSBURGEXITRDSR37S,LANE CONTROL
MONROE SD,BLOOMINGTON,10/31/2020,12:02 PM,2,0,0,0,0,,,,W VERNAL PIKE,N CURRY PIKE,,,,39.179248,-86.5832,LOCAL/CITY ROAD,N,URBAN,N,N,N,,DAYLIGHT,CLEAR,DRY,,FOUR-WAY INTERSECTION,STRAIGHT/LEVEL,ASPHALT,FOLLOWING TOO CLOSELY,REAR END,NORTHCURRYPIKEWESTVERNALPIKE,TRAFFIC CONTROL SIGNAL
INDIANA UNIV BLOOMINGTON PD,BLOOMINGTON,10/31/2020,12:20 PM,2,0,1,0,0,,,,SR 45/46,E DISCOVERY PKWY,,,,0,0,LOCAL/CITY ROAD,N,URBAN,N,N,N,,DAYLIGHT,CLEAR,DRY,,FOUR-WAY INTERSECTION,STRAIGHT/LEVEL,ASPHALT,FOLLOWING TOO CLOSELY,REAR END,RANGERDSR45,TRAFFIC CONTROL SIGNAL
MONROE SD,BLOOMINGTON,10/31/2020,12:33 PM,2,0,0,0,0,,,,SR 46,N CENTENNIAL DR,,50,E,39.21005745,-86.58306296,STATE ROAD,N,RURAL,N,N,N,,DAYLIGHT,CLEAR,DRY,,FOUR-WAY INTERSECTION,STRAIGHT/GRADE,ASPHALT,FOLLOWING TOO CLOSELY,REAR END,NORTHSMITHPIKESR46W,TRAFFIC CONTROL SIGNAL
BLOOMINGTON PD,BLOOMINGTON,10/31/2020,3:49 PM,2,0,0,0,0,,,,N MONROE ST,W ARLINGTON VALLEY DR,,50,S,39.182288,-86.54688,LOCAL/CITY ROAD,Y,URBAN,N,N,N,,DAYLIGHT,CLEAR,DRY,,FOUR-WAY INTERSECTION,STRAIGHT/GRADE,ASPHALT,UNSAFE BACKING,OPPOSITE DIRECTION SIDESWIPE,NMONROESTWARLINGTONVALLEYDR,NONE
MONROE SD,BLOOMINGTON,10/31/2020,5:36 PM,2,0,0,0,0,,,,S ROGERS ST,S WALNUT ST,,,,39.099408,-86.537904,COUNTY ROAD,N,RURAL,N,N,N,,DAYLIGHT,CLEAR,DRY,,T-INTERSECTION,STRAIGHT/LEVEL,ASPHALT,FOLLOWING TOO CLOSELY,REAR END,SOLDSTATE37RDSROGERSST,STOP SIGN
MONROE SD,BLOOMINGTON,10/31/2020,8:16 PM,1,0,0,0,1,,,,SR 48,,,700,E,39.16344396,-86.64723023,STATE ROAD,N,RURAL,N,N,N,,DARK (NOT LIGHTED),CLEAR,DRY,,NO JUNCTION INVOLVED,STRAIGHT/GRADE,ASPHALT,ANIMAL/OBJECT IN ROADWAY,COLLISION WITH DEER,GARRISONCHAPELRDSR48W,NONE
INDIANA UNIV BLOOMINGTON PD,BLOOMINGTON,10/31/2020,8:20 PM,2,0,1,0,0,,,,S JORDAN AVE,E JONES AVE,,,,39.1654211,-86.5163693,LOCAL/CITY ROAD,N,URBAN,N,N,N,,DARK (LIGHTED),CLEAR,DRY,,T-INTERSECTION,STRAIGHT/LEVEL,ASPHALT,FOLLOWING TOO CLOSELY,REAR END,EJONESAVEJORDANAVE,NONE
BLOOMINGTON PD,BLOOMINGTON,10/31/2020,9:50 PM,2,0,0,0,0,,,,E ROGERS RD,S SARE RD,,,,39.13584,-86.496288,LOCAL/CITY ROAD,N,URBAN,N,N,N,,DARK (LIGHTED),CLOUDY,DRY,,TRAFFIC CIRCLE/ROUNDABOUT,CURVE/LEVEL,ASPHALT,FAILURE TO YIELD RIGHT OF WAY,RIGHT ANGLE,EROGERSRDSSARERD,YIELD SIGN
INDIANA UNIV BLOOMINGTON PD,BLOOMINGTON,11/1/2020,12:30 AM,2,0,3,0,0,,,,S WOODLAWN AVE,E 3RD ST,,,,39.164248,-86.522621,LOCAL/CITY ROAD,N,URBAN,N,N,N,,DARK (LIGHTED),CLEAR,DRY,,T-INTERSECTION,STRAIGHT/LEVEL,ASPHALT,IMPROPER LANE USAGE,SAME DIRECTION SIDESWIPE,THIRDSTWOODLAWNAVE,TRAFFIC CONTROL SIGNAL
BLOOMINGTON PD,BLOOMINGTON,11/1/2020,12:30 AM,2,0,0,0,0,,,,S WOODLAWN AVE,E HUNTER AVE,,,,39.162217,-86.522622,LOCAL/CITY ROAD,N,URBAN,N,N,N,,DARK (LIGHTED),CLEAR,DRY,,FOUR-WAY INTERSECTION,STRAIGHT/LEVEL,ASPHALT,FAILURE TO YIELD RIGHT OF WAY,RIGHT ANGLE,EHUNTERAVESWOODLAWNAVE,STOP SIGN
MONROE SD,BLOOMINGTON,11/1/2020,1:05 AM,1,0,0,0,1,,,,I-69 S,,,0,N,0,0,INTERSTATE,N,RURAL,N,N,N,,DARK (NOT LIGHTED),CLEAR,DRY,,NO JUNCTION INVOLVED,STRAIGHT/LEVEL,ASPHALT,ANIMAL/OBJECT IN ROADWAY,COLLISION WITH DEER,I69S125,NONE
BLOOMINGTON PD,BLOOMINGTON,11/1/2020,1:40 AM,2,0,0,0,0,,,,N COLLEGE AVE,W 17TH ST,,,,39.17896,-86.53472,LOCAL/CITY ROAD,Y,URBAN,N,N,N,,DARK (LIGHTED),CLEAR,DRY,,NO JUNCTION INVOLVED,STRAIGHT/LEVEL,ASPHALT,FAILURE TO YIELD RIGHT OF WAY,RIGHT ANGLE,NCOLLEGEAVEW17THST,TRAFFIC CONTROL SIGNAL
MONROE SD,BLOOMINGTON,11/1/2020,6:25 AM,2,0,0,0,0,,,,N SR 37 BUSINESS,E WHISNAND RD,,,,39.222574,-86.517128,STATE ROAD,N,RURAL,N,N,N,,DARK (NOT LIGHTED),CLEAR,DRY,,T-INTERSECTION,STRAIGHT/LEVEL,ASPHALT,DRIVER ASLEEP OR FATIGUED,REAR END,SR37NWHISNANDRD,NONE
MONROE SD,BLOOMINGTON,11/1/2020,3:47 PM,2,0,1,0,0,,,,SR 37,S VICTOR PIKE,,,,39.1055865,-86.551363,STATE ROAD,N,RURAL,N,N,N,,DAYLIGHT,CLEAR,DRY,,FOUR-WAY INTERSECTION,STRAIGHT/LEVEL,ASPHALT,FAILURE TO YIELD RIGHT OF WAY,RIGHT ANGLE,SR37VICTORPIKE,TRAFFIC CONTROL SIGNAL
BLOOMINGTON PD,BLOOMINGTON,11/1/2020,5:29 PM,3,0,2,0,0,,,,S COLLEGE MALL RD,ENTRANCE TO GOODWILL,,100,N,39.160944,-86.497696,LOCAL/CITY ROAD,N,URBAN,N,N,N,,DAWN/DUSK,CLEAR,DRY,,T-INTERSECTION,STRAIGHT/LEVEL,ASPHALT,FAILURE TO YIELD RIGHT OF WAY,LEFT TURN,EAST2NDSTSOUTHCOLLEGEMALLRD,NONE
MONROE SD,BLOOMINGTON,11/1/2020,7:26 PM,1,0,0,0,1,,,,N SR 37 BUSINESS,W BAYLES RD,,,,39.215475,-86.537022,COUNTY ROAD,N,RURAL,N,N,N,,DARK (NOT LIGHTED),CLEAR,DRY,,NO JUNCTION INVOLVED,STRAIGHT/GRADE,ASPHALT,ANIMAL/OBJECT IN ROADWAY,COLLISION WITH DEER,BAYLESRDBUSINESS37RD,NONE
MONROE SD,BLOOMINGTON,11/1/2020,9:32 PM,1,1,0,0,1,,,,SR 37,W SMITHVILLE RD,,,,39.071056,-86.5356,STATE ROAD,N,RURAL,N,N,N,,DARK (NOT LIGHTED),CLEAR,DRY,,FOUR-WAY INTERSECTION,STRAIGHT/GRADE,ASPHALT,ANIMAL/OBJECT IN ROADWAY,COLLISION WITH DEER,SMITHVILLERDSR37S,NONE
MONROE SD,BLOOMINGTON,11/2/2020,2:51 PM,1,0,0,0,0,,,,I-69 S,,,5280,S,38.70606638,-86.5230964,INTERSTATE,N,URBAN,N,Y,N,,DAYLIGHT,CLEAR,DRY,,NO JUNCTION INVOLVED,STRAIGHT/GRADE,ASPHALT,OVERSIZE/OVERWEIGHT LOAD,OTHER - EXPLAIN IN NARRATIVE,I69SSAMPLERD,NONE
BLOOMINGTON PD,BLOOMINGTON,11/2/2020,7:30 PM,2,0,0,0,0,,,,S WYNNEDALE DR,W 3RD ST,,,,39.164672,-86.570288,LOCAL/CITY ROAD,Y,URBAN,N,N,N,,DARK (LIGHTED),CLOUDY,DRY,,FOUR-WAY INTERSECTION,CURVE/GRADE,CONCRETE,UNSAFE LANE MOVEMENT,HEAD ON BETWEEN TWO MOTOR VEHICLES,SWYNNEDALEDRW3RDST,TRAFFIC CONTROL SIGNAL
BLOOMINGTON PD,BLOOMINGTON,11/3/2020,6:39 AM,1,0,0,0,1,,,,W ALLEN ST,S STRONG DR,,,,39.1556444,-86.5442353,LOCAL/CITY ROAD,N,URBAN,N,N,N,,DARK (LIGHTED),CLEAR,DRY,,T-INTERSECTION,STRAIGHT/LEVEL,ASPHALT,ANIMAL/OBJECT IN ROADWAY,COLLISION WITH DEER,SSTRONGDRWALLENST,NONE