Agency,City,Collision Date,Collision Time,Vehicles Involved,Trailers Involved,Number Injured,Number Dead,Number Deer,House Number,Roadway Interchange,Roadway Ramp,Roadway Id,Intersecting Road,Interchange,Feet From,Direction,Latitude,Longitude,Roadway Class,Hit and Run?,Locality,School Zone?,Rumble Strips?,Construction?,Construction Type,Light Condition,Weather Conditions,Surface Condition,Type of Median,Roadway Junction Type,Road Character,Roadway Surface,Primary Factor,Manner of Collision,Unique Location Id,Traffic Control
MONROE SD,BLOOMINGTON,11/3/2020,6:44 AM,1,0,0,0,1,,,,SR 37,,,2000,S,39.0146275,-86.537088,STATE ROAD,N,RURAL,N,N,N,,DARK (NOT LIGHTED),CLEAR,DRY,,NO JUNCTION INVOLVED,STRAIGHT/LEVEL,ASPHALT,ANIMAL/OBJECT IN ROADWAY,COLLISION WITH DEER,SMONROEDAMRDSR37N,NONE
BLOOMINGTON PD,BLOOMINGTON,11/3/2020,10:00 AM,2,0,0,0,0,,,,E 2ND ST,S HAWTHORNE DR,,200,W,39.16127784,-86.52083337,LOCAL/CITY ROAD,Y,URBAN,N,N,N,,UNKNOWN,CLEAR,DRY,,NO JUNCTION INVOLVED,STRAIGHT/GRADE,ASPHALT,IMPROPER LANE USAGE,SAME DIRECTION SIDESWIPE,2NDSTHAWTHORNEST,NONE
BLOOMINGTON PD,BLOOMINGTON,11/3/2020,11:08 AM,2,0,1,0,0,,,,S ROGERS ST,W COOLIDGE DR,,,,39.141328,-86.538528,LOCAL/CITY ROAD,N,URBAN,N,N,N,,DAYLIGHT,CLEAR,DRY,,NO JUNCTION INVOLVED,STRAIGHT/LEVEL,ASPHALT,FAILURE TO YIELD RIGHT OF WAY,RIGHT ANGLE,COOLIDGEDRROGERSST,LANE CONTROL
MONROE SD,BLOOMINGTON,11/3/2020,2:11 PM,2,0,0,0,0,,,,E RHORER RD,S GRAN HAVEN DR,,126,W,39.121367,-86.4916631,COUNTY ROAD,N,RURAL,N,N,N,,DAYLIGHT,CLEAR,DRY,,NO JUNCTION INVOLVED,STRAIGHT/GRADE,ASPHALT,UNSAFE LANE MOVEMENT,REAR END,EASTRHORERRDSOUTHGRANHAVENDR,NONE
MONROE SD,BLOOMINGTON,11/3/2020,4:26 PM,2,0,0,0,0,,,,SR 45,S LEONARD SPRINGS RD,,200,W,39.14179032,-86.58321159,STATE ROAD,N,RURAL,N,N,N,,DAYLIGHT,CLEAR,DRY,,FOUR-WAY INTERSECTION,STRAIGHT/LEVEL,ASPHALT,FOLLOWING TOO CLOSELY,REAR END,SLEONARDSPRINGSRDSR45W,TRAFFIC CONTROL SIGNAL
MONROE SD,BLOOMINGTON,11/3/2020,6:20 PM,2,0,0,0,0,,,,SR 45,S DARRELL DR,,,,39.114992,-86.62768,STATE ROAD,N,RURAL,N,N,N,,DARK (NOT LIGHTED),CLEAR,DRY,,T-INTERSECTION,STRAIGHT/LEVEL,ASPHALT,FAILURE TO YIELD RIGHT OF WAY,RIGHT TURN,SDARRELLRDSR45W,STOP SIGN
MONROE SD,BLOOMINGTON,11/3/2020,7:32 PM,1,0,0,0,1,,,,I-69 S,,,400,N,0,0,INTERSTATE,N,RURAL,N,N,N,,DARK (NOT LIGHTED),CLEAR,DRY,,NO JUNCTION INVOLVED,STRAIGHT/LEVEL,ASPHALT,ANIMAL/OBJECT IN ROADWAY,COLLISION WITH DEER,I69S125.5,NONE
BLOOMINGTON PD,BLOOMINGTON,11/3/2020,7:58 PM,1,0,1,0,0,305,,,E WINSLOW RD,S HENDERSON ST (ENTRANCE TO WINSLOW PLAZA),,,,39.136144,-86.508096,LOCAL/CITY ROAD,N,URBAN,N,N,N,,DARK (NOT LIGHTED),CLEAR,DRY,,T-INTERSECTION,STRAIGHT/GRADE,ASPHALT,FAILURE TO YIELD RIGHT OF WAY,LEFT TURN,305EWINSLOWRDEWINSLOWRD,NONE
MONROE SD,BLOOMINGTON,11/3/2020,9:48 PM,1,0,0,0,1,,,,SR 48,W VERNAL PIKE,,1179,W,39.16901479,-86.66518664,STATE ROAD,N,RURAL,N,N,N,,DARK (NOT LIGHTED),CLEAR,DRY,,NO JUNCTION INVOLVED,CURVE/LEVEL,ASPHALT,ANIMAL/OBJECT IN ROADWAY,COLLISION WITH DEER,SR48WVERNALPIKE,NONE
BLOOMINGTON PD,BLOOMINGTON,11/4/2020,12:49 AM,2,0,0,0,0,,,,W 10TH ST,N COLLEGE AVE,,,,39.171744,-86.534768,LOCAL/CITY ROAD,Y,URBAN,N,N,N,,DARK (NOT LIGHTED),CLEAR,DRY,,FOUR-WAY INTERSECTION,STRAIGHT/LEVEL,ASPHALT,FAILURE TO YIELD RIGHT OF WAY,RIGHT ANGLE,NORTHCOLLEGEAVEWEST10THST,TRAFFIC CONTROL SIGNAL
INDIANA UNIV BLOOMINGTON PD,BLOOMINGTON,11/4/2020,1:40 AM,1,0,0,0,1,,,,SR 45/46,N FEE LN,,,,39.16839031,-86.50061416,STATE ROAD,N,URBAN,N,N,N,,DARK (NOT LIGHTED),CLEAR,DRY,,NO JUNCTION INVOLVED,STRAIGHT/LEVEL,ASPHALT,ANIMAL/OBJECT IN ROADWAY,COLLISION WITH DEER,NFISHERCTSR46,NONE
MONROE SD,BLOOMINGTON,11/4/2020,4:45 AM,1,0,0,0,1,,,,SR 46,W CHAFIN CHAPEL RD,,200,W,39.259651,-86.65754366,STATE ROAD,N,RURAL,N,N,N,,DARK (NOT LIGHTED),CLEAR,DRY,,NO JUNCTION INVOLVED,STRAIGHT/LEVEL,ASPHALT,ANIMAL/OBJECT IN ROADWAY,COLLISION WITH DEER,CHAFINCHAPELRDSR46,LANE CONTROL
BLOOMINGTON PD,BLOOMINGTON,11/4/2020,7:02 AM,1,0,0,0,1,,,,W BLOOMFIELD RD,S WEIMER RD,,500,W,39.15344313,-86.5655823,LOCAL/CITY ROAD,N,URBAN,N,N,N,,DAYLIGHT,CLEAR,DRY,,NO JUNCTION INVOLVED,STRAIGHT/GRADE,ASPHALT,ANIMAL/OBJECT IN ROADWAY,COLLISION WITH DEER,BLOOMFIELDRDWEIMERRD,LANE CONTROL
ELLETTSVILLE PD,ELLETTSVILLE,11/4/2020,8:55 AM,2,0,0,0,0,,,,S SHAWNEE DR,,,280,S,39.22164734,-86.62232125,LOCAL/CITY ROAD,N,URBAN,N,N,N,,DAYLIGHT,CLEAR,DRY,,NO JUNCTION INVOLVED,STRAIGHT/LEVEL,ASPHALT,UNSAFE BACKING,BACKING CRASH,SHAWNEEDRTECUMSEHDR,LANE CONTROL
BLOOMINGTON PD,BLOOMINGTON,11/4/2020,8:55 AM,2,0,0,0,0,,,,E MOORES PIKE,S SMITH RD,,,,39.150224,-86.480464,LOCAL/CITY ROAD,N,URBAN,N,N,N,,DAYLIGHT,CLEAR,DRY,,FOUR-WAY INTERSECTION,STRAIGHT/GRADE,ASPHALT,UNSAFE BACKING,BACKING CRASH,MOORESPIKESMITHRDS,STOP SIGN
BLOOMINGTON PD,BLOOMINGTON,11/4/2020,9:45 AM,2,0,0,0,0,,,,E MOORES PIKE,S SARE RD,,,,39.150448,-86.4992,LOCAL/CITY ROAD,N,URBAN,N,N,Y,X-OVER/LANE SHIFT,DAYLIGHT,CLEAR,DRY,,FOUR-WAY INTERSECTION,STRAIGHT/GRADE,ASPHALT,UNSAFE LANE MOVEMENT,SAME DIRECTION SIDESWIPE,MOORESPIKESARERD,TRAFFIC CONTROL SIGNAL
BLOOMINGTON PD,BLOOMINGTON,11/4/2020,12:08 PM,1,0,0,0,0,,,,S SMITH RD,SR 46,,,,39.16424,-86.480688,LOCAL/CITY ROAD,N,URBAN,N,N,N,,DAYLIGHT,CLEAR,DRY,,FOUR-WAY INTERSECTION,STRAIGHT/GRADE,ASPHALT,IMPROPER TURNING,RIGHT ANGLE,3RDSTSMITHRD,LANE CONTROL
BLOOMINGTON PD,BLOOMINGTON,11/4/2020,12:50 PM,2,0,0,0,0,,,,E MOORES PIKE,S CLARIZZ BLVD,,1800,E,39.150326,-86.49146768,LOCAL/CITY ROAD,N,URBAN,N,N,N,,DAYLIGHT,CLEAR,DRY,,NO JUNCTION INVOLVED,STRAIGHT/LEVEL,ASPHALT,FOLLOWING TOO CLOSELY,REAR END,EASTMOORESPIKESOUTHCALRIZZBLVD,LANE CONTROL
MONROE SD,BLOOMINGTON,11/4/2020,2:31 PM,1,0,0,0,0,,,,S ROCKPORT RD,,,1230,N,39.25811435,-86.5566669,LOCAL/CITY ROAD,N,RURAL,N,N,N,,DAYLIGHT,CLEAR,DRY,,NO JUNCTION INVOLVED,CURVE/GRADE,CONCRETE,RAN OFF ROAD RIGHT,RAN OFF ROAD,SROCKPORTRDWHENNESSEYST,NONE
BLOOMINGTON PD,BLOOMINGTON,11/4/2020,2:35 PM,2,0,0,0,0,,,,N INDIANA AVE,E 13TH ST,,,,39.175504,-86.527104,LOCAL/CITY ROAD,N,URBAN,N,N,N,,DAYLIGHT,CLEAR,DRY,,FOUR-WAY INTERSECTION,STRAIGHT/GRADE,ASPHALT,FAILURE TO YIELD RIGHT OF WAY,RIGHT ANGLE,E13THSTNINDIANAAVE,STOP SIGN
INDIANA UNIV BLOOMINGTON PD,BLOOMINGTON,11/4/2020,2:41 PM,2,0,0,0,0,,,,N DUNN ST,E 17TH ST,,,,39.180863,-86.523711,LOCAL/CITY ROAD,N,URBAN,N,N,N,,DAYLIGHT,CLEAR,DRY,,FOUR-WAY INTERSECTION,STRAIGHT/LEVEL,ASPHALT,FAILURE TO YIELD RIGHT OF WAY,RIGHT ANGLE,DUNNSTEAST17THST,TRAFFIC CONTROL SIGNAL
ISP BLOOMINGTON 33,BLOOMINGTON,11/4/2020,4:30 PM,2,,0,0,0,,,,SR 46,S CLARIZZ BLVD,,475,E,39.16422095,-86.49198658,LOCAL/CITY ROAD,,URBAN,N,N,N,,DAYLIGHT,CLEAR,DRY,,T-INTERSECTION,,ASPHALT,FAILURE TO YIELD RIGHT OF WAY,RIGHT ANGLE,SKingstonDrE3rdSt,
MONROE SD,BLOOMINGTON,11/4/2020,4:52 PM,2,0,0,0,0,,,,N SMITH PIKE,ENTRANCE TO SMITH PIKE CROSSING,,150,S,0,0,COUNTY ROAD,N,URBAN,N,N,N,,DAYLIGHT,CLEAR,DRY,,NO JUNCTION INVOLVED,STRAIGHT/GRADE,ASPHALT,FAILURE TO YIELD RIGHT OF WAY,RIGHT ANGLE,SMITHPKWYSTATERD46RD,NONE
MONROE SD,BLOOMINGTON,11/4/2020,7:05 PM,1,0,0,0,0,,,,SR 48,,,5000,E,0,0,STATE ROAD,N,URBAN,N,N,N,,DARK (NOT LIGHTED),CLEAR,DRY,,NO JUNCTION INVOLVED,STRAIGHT/LEVEL,ASPHALT,RAN OFF ROAD RIGHT,RAN OFF ROAD,SOUTHSTATEROAD43RDGSR48W,LANE CONTROL
MONROE SD,BLOOMINGTON,11/4/2020,7:05 PM,1,0,1,0,0,,,,SR 46,N LOWER BIRDIE GALYAN RD,,,,39.162654,-86.413349,STATE ROAD,N,RURAL,N,Y,N,,DARK (NOT LIGHTED),CLEAR,DRY,,T-INTERSECTION,CURVE/GRADE,ASPHALT,OTHER (DRIVER) - EXPLAIN IN NARRATIVE,RAN OFF ROAD,LOWERBIRDIEGALYANRDSR46E,NONE
BLOOMINGTON PD,BLOOMINGTON,11/4/2020,9:45 PM,2,0,1,0,0,,,,SR 48,S LIBERTY DR,,,,0,0,LOCAL/CITY ROAD,Y,URBAN,Y,N,N,,DARK (LIGHTED),CLOUDY,DRY,,FOUR-WAY INTERSECTION,STRAIGHT/GRADE,ASPHALT,FOLLOWING TOO CLOSELY,REAR END,3RDSTLIBERTYDR,TRAFFIC CONTROL SIGNAL
ISP BLOOMINGTON 33,BLOOMINGTON,11/5/2020,11:14 AM,1,,0,0,1,,,,SR 45,S DARRELL DR,,0,S,39.115106,-86.627689,STATE ROAD,,RURAL,N,N,N,,DAYLIGHT,CLEAR,DRY,,T-INTERSECTION,,ASPHALT,ANIMAL/OBJECT IN ROADWAY,COLLISION WITH DEER,WStateRd45SDarrellDr,
BLOOMINGTON PD,BLOOMINGTON,11/5/2020,11:20 AM,2,0,0,0,0,,,,SR 45/46,N DUNN ST,,,,39.1663012,-86.52818824,LOCAL/CITY ROAD,N,URBAN,N,N,N,,DAYLIGHT,CLEAR,DRY,,FOUR-WAY INTERSECTION,STRAIGHT/GRADE,ASPHALT,FOLLOWING TOO CLOSELY,REAR END,4546BYPDUNNST,NONE
MONROE SD,ELLETTSVILLE,11/5/2020,11:46 AM,2,0,0,0,0,,,,SR 46,N SMITH PIKE,,,,39.210144,-86.5832,STATE ROAD,N,URBAN,N,N,N,,DAYLIGHT,CLEAR,DRY,,FOUR-WAY INTERSECTION,STRAIGHT/LEVEL,ASPHALT,FOLLOWING TOO CLOSELY,REAR END,SMITHPIKESR46W,TRAFFIC CONTROL SIGNAL
ISP BLOOMINGTON 33,BLOOMINGTON,11/5/2020,3:30 PM,2,,0,0,0,,96B,114,SR 37,I-69 N,,0,S,39.1088782,-86.55629827,STATE ROAD,,RURAL,N,N,N,,DAYLIGHT,CLEAR,DRY,,RAMP,,ASPHALT,UNSAFE LANE MOVEMENT,SAME DIRECTION SIDESWIPE,SR37-096-B,
ELLETTSVILLE PD,ELLETTSVILLE,11/5/2020,4:45 PM,1,0,0,0,0,,,,SR 46,N DEER PARK DR,,,,39.212048,-86.5872,STATE ROAD,Y,URBAN,N,N,N,,DAYLIGHT,CLEAR,DRY,,T-INTERSECTION,STRAIGHT/LEVEL,ASPHALT,UNSAFE SPEED,NON-COLLISION,DEERPARKDRSR46W,NONE
BLOOMINGTON PD,BLOOMINGTON,11/5/2020,4:55 PM,2,0,0,0,0,,,,E GRIMES LN,S PALMER AVE,,,,39.153408,-86.529088,LOCAL/CITY ROAD,N,URBAN,N,N,N,,DAYLIGHT,CLEAR,DRY,,NO JUNCTION INVOLVED,STRAIGHT/GRADE,ASPHALT,RAN OFF ROAD RIGHT,SAME DIRECTION SIDESWIPE,EGRIMESLNSPALMERAVE,NONE
BLOOMINGTON PD,BLOOMINGTON,11/5/2020,6:07 PM,2,0,1,0,0,,,,S COLLEGE AVE,W 3RD ST,,,,39.16464,-86.534816,LOCAL/CITY ROAD,N,URBAN,N,N,N,,DARK (LIGHTED),CLEAR,DRY,,FOUR-WAY INTERSECTION,STRAIGHT/GRADE,ASPHALT,DISREGARD SIGNAL/REG SIGN,RIGHT ANGLE,SCOLLEGEAVEW3RDST,TRAFFIC CONTROL SIGNAL
MONROE SD,BLOOMINGTON,11/5/2020,7:50 PM,1,0,0,0,1,,,,N SR 37 BUSINESS,,,735,S,39.1447368,-86.517128,STATE ROAD,N,RURAL,N,N,N,,DARK (NOT LIGHTED),CLEAR,DRY,,NO JUNCTION INVOLVED,STRAIGHT/LEVEL,CONCRETE,ANIMAL/OBJECT IN ROADWAY,COLLISION WITH DEER,EWHISNANDRDSR37N,NONE
MONROE SD,BLOOMINGTON,11/6/2020,3:37 AM,1,0,0,0,0,,Y,SB,W MONROE DAM RD,SR 37,,,,39.020048,-86.536096,LOCAL/CITY ROAD,N,RURAL,N,N,N,,DARK (NOT LIGHTED),CLEAR,DRY,,NO JUNCTION INVOLVED,STRAIGHT/LEVEL,ASPHALT,LEFT OF CENTER,COLLISION WITH OBJECT IN ROAD,EMONROEDAMRDS37HWY,LANE CONTROL
BLOOMINGTON PD,BLOOMINGTON,11/6/2020,4:46 PM,1,0,1,0,0,,,,N SMITH RD,ENTRANCE TO MEADOW PARK APARTMENTS (N),,,,39.166432,-86.4812,LOCAL/CITY ROAD,N,URBAN,N,N,N,,DAYLIGHT,CLEAR,DRY,,T-INTERSECTION,CURVE/GRADE,ASPHALT,PEDESTRIAN ACTION,LEFT TURN,800NSMITHRDNSMITHRD,NONE
INDIANA UNIV BLOOMINGTON PD,BLOOMINGTON,11/6/2020,5:15 PM,2,0,0,0,0,,,,E HILLSIDE DR,E CLIFTON DR,,,,39.150493,-86.509526,LOCAL/CITY ROAD,N,URBAN,N,N,N,,DAYLIGHT,CLEAR,DRY,,FOUR-WAY INTERSECTION,STRAIGHT/HILLCREST,CONCRETE,IMPROPER TURNING,LEFT TURN,CLIFTONAVEHILLSIDEDR,STOP SIGN
BLOOMINGTON PD,BLOOMINGTON,11/6/2020,5:47 PM,1,0,1,0,0,,,,N COLLEGE AVE,W 6TH ST,,,,39.167648,-86.534784,LOCAL/CITY ROAD,N,URBAN,N,N,N,,DARK (LIGHTED),CLEAR,DRY,,NO JUNCTION INVOLVED,STRAIGHT/GRADE,ASPHALT,FAILURE TO YIELD RIGHT OF WAY,LEFT/RIGHT TURN,6THSTCOLLEGEAVE,TRAFFIC CONTROL SIGNAL
MONROE SD,BLOOMINGTON,11/6/2020,6:04 PM,2,0,0,0,0,,,,E 3RD ST,S CLARK ST,,15,W,39.164288,-86.5048,LOCAL/CITY ROAD,N,URBAN,N,N,N,,DARK (LIGHTED),CLEAR,DRY,,NO JUNCTION INVOLVED,STRAIGHT/LEVEL,ASPHALT,FOLLOWING TOO CLOSELY,REAR END,CLARKSTW3RDSTST,NONE
BLOOMINGTON PD,BLOOMINGTON,11/6/2020,6:29 PM,2,0,0,0,0,,,,E 3RD ST,S WOODSCREST DR,,75,W,39.164239,-86.50243051,LOCAL/CITY ROAD,N,URBAN,N,N,N,,DARK (NOT LIGHTED),CLEAR,DRY,,FOUR-WAY INTERSECTION,STRAIGHT/GRADE,ASPHALT,FOLLOWING TOO CLOSELY,REAR END,E3RDSTSWOODSCRESTDR,NONE
BLOOMINGTON PD,BLOOMINGTON,11/6/2020,6:38 PM,2,0,1,0,0,,,,E 3RD ST,S WOODSCREST DR,,,,39.164272,-86.502416,LOCAL/CITY ROAD,N,URBAN,N,N,N,,DARK (LIGHTED),CLEAR,DRY,,NO JUNCTION INVOLVED,STRAIGHT/GRADE,ASPHALT,FOLLOWING TOO CLOSELY,REAR END,E3RDSTSWOODCRESTDR,TRAFFIC CONTROL SIGNAL
INDIANA UNIV BLOOMINGTON PD,BLOOMINGTON,11/6/2020,7:21 PM,2,0,0,0,0,,,,E 3RD ST,S DUNN ST,,,,39.164413,-86.528211,LOCAL/CITY ROAD,Y,URBAN,N,N,N,,DARK (LIGHTED),CLEAR,DRY,,FOUR-WAY INTERSECTION,CURVE/GRADE,ASPHALT,UNSAFE LANE MOVEMENT,SAME DIRECTION SIDESWIPE,DUNNSTTHIRDST,TRAFFIC CONTROL SIGNAL
BLOOMINGTON PD,BLOOMINGTON,11/6/2020,7:40 PM,3,0,0,0,0,,,,S COLLEGE AVE,W 3RD ST,,250,S,39.165664,-86.5348,LOCAL/CITY ROAD,N,URBAN,N,N,N,,DARK (LIGHTED),CLEAR,DRY,,NO JUNCTION INVOLVED,STRAIGHT/LEVEL,ASPHALT,FOLLOWING TOO CLOSELY,REAR END,SOUTHCOLLEGEAVEWEST4THST,LANE CONTROL
MONROE SD,BLOOMINGTON,11/7/2020,12:40 AM,1,0,0,0,0,,,,I-69 S,,,100,N,0,0,STATE ROAD,N,URBAN,N,N,N,,DARK (NOT LIGHTED),CLEAR,DRY,,NO JUNCTION INVOLVED,STRAIGHT/GRADE,ASPHALT,DRIVER ASLEEP OR FATIGUED,RAN OFF ROAD,SR69S122.5,LANE CONTROL
BLOOMINGTON PD,BLOOMINGTON,11/7/2020,10:38 AM,2,0,0,0,0,,,,S LEONARD SPRINGS RD,W TAPP RD,,,,39.13704,-86.582512,LOCAL/CITY ROAD,N,URBAN,N,N,N,,DAYLIGHT,CLEAR,DRY,,T-INTERSECTION,STRAIGHT/GRADE,ASPHALT,FAILURE TO YIELD RIGHT OF WAY,LEFT TURN,LEONARDSPRINGSRDTAPPRD,STOP SIGN
MONROE SD,BLOOMINGTON,11/7/2020,2:22 PM,1,0,1,0,0,,,,S CURRY PIKE,W LOROY AVE,,,,39.160848,-86.582816,LOCAL/CITY ROAD,N,URBAN,N,N,N,,DAYLIGHT,CLEAR,DRY,,T-INTERSECTION,STRAIGHT/LEVEL,ASPHALT,RAN OFF ROAD RIGHT,RAN OFF ROAD,SCURRYPIKEWLOROYAVE,NONE
MONROE SD,BLOOMINGTON,11/7/2020,8:26 PM,1,0,0,0,1,,,,N MT GILEAD RD,,,2640,N,39.46531277,-86.461687,LOCAL/CITY ROAD,N,RURAL,N,N,N,,DARK (NOT LIGHTED),CLEAR,DRY,,NO JUNCTION INVOLVED,CURVE/GRADE,CONCRETE,ANIMAL/OBJECT IN ROADWAY,COLLISION WITH DEER,EBOSHEARSRDNMTGILEADRD,NONE
ISP BLOOMINGTON 33,ELLETTSVILLE,11/7/2020,9:15 PM,2,,0,0,0,,,,SR 46,,,686,N,39.25330707,-86.65482742,STATE ROAD,,RURAL,N,N,N,,DARK (NOT LIGHTED),CLEAR,DRY,,NO JUNCTION INVOLVED,,ASPHALT,LEFT OF CENTER,OPPOSITE DIRECTION SIDESWIPE,StateRd46FlatwoodsRd,
MONROE SD,BLOOMINGTON,11/7/2020,9:39 PM,1,0,1,0,0,,,,S FAIRFAX RD,E SANDERS THIRD AVE,,100,S,39.0698083,-86.514547,COUNTY ROAD,N,RURAL,N,N,N,,DARK (NOT LIGHTED),CLEAR,DRY,,NO JUNCTION INVOLVED,CURVE/GRADE,ASPHALT,UNSAFE SPEED,RAN OFF ROAD,FAIRFAXRDSANDERSTHIRDAVE,NONE
BLOOMINGTON PD,BLOOMINGTON,11/7/2020,10:59 PM,2,0,1,0,0,,,,N COLLEGE AVE,W 10TH ST,,,,39.171744,-86.534768,LOCAL/CITY ROAD,N,URBAN,N,N,N,,DARK (LIGHTED),CLEAR,DRY,,NO JUNCTION INVOLVED,STRAIGHT/GRADE,ASPHALT,FAILURE TO YIELD RIGHT OF WAY,SAME DIRECTION SIDESWIPE,10THSTCOLLEGEAVE,LANE CONTROL
MONROE SD,BLOOMINGTON,11/8/2020,1:53 AM,2,0,0,0,0,4810,,,SR 45,,,1200,W,39.13282248,-86.59932272,STATE ROAD,N,RURAL,N,N,N,,DARK (LIGHTED),CLEAR,DRY,,NO JUNCTION INVOLVED,STRAIGHT/GRADE,ASPHALT,UNSAFE SPEED,REAR END,DUNCANRDSR45W,LANE CONTROL
INDIANA UNIV BLOOMINGTON PD,BLOOMINGTON,11/8/2020,10:00 AM,1,0,0,0,0,,,,E 11TH ST,N FEE LN,,,,39.173268,-86.5189,LOCAL/CITY ROAD,N,URBAN,N,N,N,,DAYLIGHT,CLEAR,DRY,,FOUR-WAY INTERSECTION,STRAIGHT/LEVEL,ASPHALT,FAILURE TO YIELD RIGHT OF WAY,LEFT TURN,E11THSTFEELN,NONE
ISP BLOOMINGTON 33,BLOOMINGTON,11/8/2020,10:50 AM,1,,1,0,0,,,,SR 45/46,I-69 S,,0,S,39.18734254,-86.55790991,STATE ROAD,,RURAL,N,N,N,,DAYLIGHT,CLEAR,DRY,,NO JUNCTION INVOLVED,,ASPHALT,IMPROPER LANE USAGE,,SR46westofI69,
BLOOMINGTON PD,BLOOMINGTON,11/8/2020,5:13 PM,1,0,1,0,0,,,,W 16TH ST,N MONROE ST,,,,39.177552,-86.547104,LOCAL/CITY ROAD,N,URBAN,N,N,N,,DAYLIGHT,CLEAR,DRY,,T-INTERSECTION,STRAIGHT/LEVEL,ASPHALT,RAN OFF ROAD RIGHT,OTHER - EXPLAIN IN NARRATIVE,NMONROESTW16THST,STOP SIGN
BLOOMINGTON PD,BLOOMINGTON,11/8/2020,6:07 PM,2,0,0,0,0,,,,W JONATHAN DR,N GATES DR,,,,39.168772,-86.576428,LOCAL/CITY ROAD,Y,URBAN,N,N,N,,DARK (LIGHTED),CLEAR,DRY,,FOUR-WAY INTERSECTION,STRAIGHT/LEVEL,ASPHALT,IMPROPER PASSING,SAME DIRECTION SIDESWIPE,NGATESDRWALEXANDERDR,STOP SIGN
ISP BLOOMINGTON 33,BLOOMINGTON,11/9/2020,6:08 AM,1,,1,0,1,,,,I-69 S,,,0,S,39.0713519,-86.62280699,INTERSTATE,,RURAL,N,N,N,,DARK (NOT LIGHTED),CLEAR,DRY,,NO JUNCTION INVOLVED,,ASPHALT,ANIMAL/OBJECT IN ROADWAY,COLLISION WITH DEER,I-69108.7,
MONROE SD,BLOOMINGTON,11/9/2020,1:12 PM,1,0,2,0,0,,,,SR 46,N SEWELL RD,,,,39.151648,-86.382896,STATE ROAD,N,RURAL,N,N,N,,DAYLIGHT,CLEAR,DRY,,NO JUNCTION INVOLVED,STRAIGHT/GRADE,ASPHALT,RAN OFF ROAD RIGHT,RAN OFF ROAD,NSEWELLRDSR46E,LANE CONTROL
ELLETTSVILLE PD,ELLETTSVILLE,11/9/2020,1:38 PM,1,0,0,0,0,,,,N HARTSTRAIT RD,SR 46,,1584,N,39.37679852,-86.611378,LOCAL/CITY ROAD,Y,URBAN,N,N,N,,DAYLIGHT,CLEAR,DRY,,NO JUNCTION INVOLVED,STRAIGHT/GRADE,ASPHALT,OTHER (DRIVER) - EXPLAIN IN NARRATIVE,OTHER - EXPLAIN IN NARRATIVE,HARTSTRAITRDRATLIFFRD,LANE CONTROL
MONROE SD,BLOOMINGTON,11/9/2020,2:19 PM,2,0,0,0,0,,,,SR 45,S HARMONY RD,,,,39.111024,-86.638304,STATE ROAD,Y,RURAL,,,N,,DARK (NOT LIGHTED),CLEAR,DRY,,NO JUNCTION INVOLVED,STRAIGHT/LEVEL,ASPHALT,LEFT OF CENTER,OPPOSITE DIRECTION SIDESWIPE,SHARMONYRDSR45W,LANE CONTROL
BLOOMINGTON PD,BLOOMINGTON,11/9/2020,6:29 PM,2,0,0,0,0,,,,N WALNUT ST,E 6TH ST,,,,39.167648,-86.533584,LOCAL/CITY ROAD,N,URBAN,N,N,N,,DARK (LIGHTED),CLEAR,DRY,,NO JUNCTION INVOLVED,STRAIGHT/LEVEL,ASPHALT,FOLLOWING TOO CLOSELY,REAR END,6THSTWALNUTST,TRAFFIC CONTROL SIGNAL
INDIANA UNIV BLOOMINGTON PD,BLOOMINGTON,11/9/2020,6:45 PM,3,0,0,0,0,,,,SR 46,SR 45,,100,S,0,0,STATE ROAD,N,URBAN,N,Y,N,,DARK (LIGHTED),CLEAR,DRY,,NO JUNCTION INVOLVED,STRAIGHT/LEVEL,ASPHALT,UNSAFE SPEED,REAR END,SR45ESR46S,NONE
BLOOMINGTON PD,BLOOMINGTON,11/9/2020,6:45 PM,2,0,0,0,0,,,,E 3RD ST,S ROOSEVELT ST,,,,39.164304,-86.505792,LOCAL/CITY ROAD,N,URBAN,N,N,N,,DARK (LIGHTED),CLEAR,DRY,,T-INTERSECTION,STRAIGHT/GRADE,ASPHALT,UNSAFE LANE MOVEMENT,REAR END,E3RDSTSROOSEVELTST,NONE
BLOOMINGTON PD,BLOOMINGTON,11/9/2020,7:23 PM,2,0,2,0,0,,,,S COLLEGE MALL RD,ENTRANCE TO EASTLAND PLAZA,,,,39.1629776,-86.4979521,LOCAL/CITY ROAD,N,URBAN,N,N,N,,DARK (LIGHTED),CLEAR,DRY,,FOUR-WAY INTERSECTION,STRAIGHT/LEVEL,ASPHALT,FAILURE TO YIELD RIGHT OF WAY,LEFT TURN,EASTLANDPLZSCOLLEGEMALLRD,TRAFFIC CONTROL SIGNAL
BLOOMINGTON PD,BLOOMINGTON,11/9/2020,10:08 PM,2,0,0,0,0,,,,W 11TH ST,,,200,W,39.173344,-86.544704,LOCAL/CITY ROAD,Y,URBAN,N,N,N,,DARK (LIGHTED),CLEAR,DRY,,NO JUNCTION INVOLVED,STRAIGHT/GRADE,ASPHALT,OTHER (DRIVER) - EXPLAIN IN NARRATIVE,OTHER - EXPLAIN IN NARRATIVE,NORRISDRW11THST,NONE