Agency,City,Collision Date,Collision Time,Vehicles Involved,Trailers Involved,Number Injured,Number Dead,Number Deer,House Number,Roadway Interchange,Roadway Ramp,Roadway Id,Intersecting Road,Interchange,Feet From,Direction,Latitude,Longitude,Roadway Class,Hit and Run?,Locality,School Zone?,Rumble Strips?,Construction?,Construction Type,Light Condition,Weather Conditions,Surface Condition,Type of Median,Roadway Junction Type,Road Character,Roadway Surface,Primary Factor,Manner of Collision,Unique Location Id,Traffic Control
BLOOMINGTON PD,BLOOMINGTON,11/10/2020,6:30 AM,2,0,0,0,0,,,,SR 45,S LIBERTY DR,,,,39.145152,-86.5776,STATE ROAD,N,URBAN,N,N,N,,DARK (NOT LIGHTED),RAIN,WET,,FOUR-WAY INTERSECTION,STRAIGHT/LEVEL,ASPHALT,OVERCORRECTING/OVERSTEERING,RIGHT ANGLE,SOUTHLIBERTYDRSR45W,TRAFFIC CONTROL SIGNAL
ELLETTSVILLE PD,ELLETTSVILLE,11/10/2020,6:40 AM,1,0,0,0,1,,,,SR 46,,,1600,W,39.21690064,-86.59798253,STATE ROAD,N,URBAN,N,N,N,,DARK (NOT LIGHTED),CLOUDY,DRY,,NO JUNCTION INVOLVED,STRAIGHT/LEVEL,ASPHALT,ANIMAL/OBJECT IN ROADWAY,COLLISION WITH DEER,NORTHUNIONVALLEYRDSR46W,LANE CONTROL
BLOOMINGTON PD,BLOOMINGTON,11/10/2020,11:51 AM,2,0,0,0,0,,,,E 17TH ST,N LINCOLN ST,,,,39.17904,-86.530848,LOCAL/CITY ROAD,N,URBAN,N,N,N,,DARK (LIGHTED),CLOUDY,DRY,,FOUR-WAY INTERSECTION,STRAIGHT/GRADE,ASPHALT,UNSAFE BACKING,RIGHT ANGLE,17THSTLINCOLNST,LANE CONTROL
MONROE SD,BLOOMINGTON,11/10/2020,4:34 PM,3,0,1,0,0,,,,SR 37,S VICTOR PIKE,,100,S,39.10532541,-86.55090477,STATE ROAD,N,RURAL,N,Y,N,,DAYLIGHT,CLOUDY,DRY,,FOUR-WAY INTERSECTION,STRAIGHT/GRADE,ASPHALT,UNSAFE SPEED,REAR END,SR37SVICTORPIKE,NONE
MONROE SD,BLOOMINGTON,11/10/2020,5:06 PM,2,0,0,0,0,,,,N UNION VALLEY RD,W NESTLE DOWN DR,,,,39.2288175,-86.5926885,COUNTY ROAD,N,RURAL,N,N,N,,DAWN/DUSK,CLOUDY,DRY,,T-INTERSECTION,STRAIGHT/GRADE,ASPHALT,FOLLOWING TOO CLOSELY,REAR END,NESTLEDOWNDRUNIONVALLEYRD,NONE
INDIANA UNIV BLOOMINGTON PD,BLOOMINGTON,11/10/2020,5:42 PM,2,0,0,0,0,,,,N JORDAN AVE,E 17TH ST,,,,39.178844,-86.51245,LOCAL/CITY ROAD,N,URBAN,N,N,N,,DARK (LIGHTED),RAIN,WET,,T-INTERSECTION,STRAIGHT/HILLCREST,ASPHALT,SPEED TOO FAST FOR WEATHER CONDITIONS,REAR END,EAST17THSTJORDANAVE,STOP SIGN
ISP BLOOMINGTON 33,BLOOMINGTON,11/10/2020,5:58 PM,1,,1,0,0,,,,I-69 S,,,0,S,39.25646229,-86.52623839,INTERSTATE,,RURAL,N,N,N,,DARK (NOT LIGHTED),RAIN,WET,,NO JUNCTION INVOLVED,,ASPHALT,SPEED TOO FAST FOR WEATHER CONDITIONS,RAN OFF ROAD,I-69124,
MONROE SD,BLOOMINGTON,11/10/2020,9:20 PM,1,0,0,0,0,,,,S FAIRFAX RD,E CHERRY LN,,150,N,39.09825086,-86.51683913,COUNTY ROAD,N,RURAL,N,N,N,,DARK (NOT LIGHTED),RAIN,WATER (STANDING OR MOVING),,NO JUNCTION INVOLVED,CURVE/GRADE,ASPHALT,SPEED TOO FAST FOR WEATHER CONDITIONS,RAN OFF ROAD,CHERRYLNFAIRFAXRD,NONE
BLOOMINGTON PD,BLOOMINGTON,11/10/2020,9:43 PM,2,0,0,0,0,,,,N COLLEGE AVE,W KIRKWOOD AVE,,,,39.16664,-86.5348,LOCAL/CITY ROAD,N,URBAN,N,N,N,,DARK (LIGHTED),RAIN,WET,,NO JUNCTION INVOLVED,STRAIGHT/GRADE,ASPHALT,FAILURE TO YIELD RIGHT OF WAY,SAME DIRECTION SIDESWIPE,COLLEGEAVEKIRKWOODAVE,NONE
MONROE SD,BLOOMINGTON,11/10/2020,11:45 PM,1,0,0,0,0,,,,I-69 S,SR 37,,0,S,0,0,INTERSTATE,N,RURAL,N,N,N,,DARK (LIGHTED),RAIN,WET,,RAMP,STRAIGHT/LEVEL,ASPHALT,RAN OFF ROAD RIGHT,RAN OFF ROAD,I69S114.0,NONE
MONROE SD,BLOOMINGTON,11/11/2020,2:10 AM,1,0,0,0,0,,,,S VICTOR PIKE,W BOLIN LN,,,,39.100235,-86.557953,LOCAL/CITY ROAD,N,RURAL,N,N,N,,DARK (NOT LIGHTED),CLEAR,WET,,T-INTERSECTION,CURVE/LEVEL,ASPHALT,RAN OFF ROAD RIGHT,RAN OFF ROAD,SOUTHVICTORPIKEWESTBOLINLN,STOP SIGN
MONROE SD,BLOOMINGTON,11/11/2020,4:46 AM,2,0,0,0,0,,,,W 2ND ST,S PATTERSON DR,,,,39.160737,-86.548536,LOCAL/CITY ROAD,N,URBAN,N,N,N,,DAYLIGHT,CLEAR,DRY,,FOUR-WAY INTERSECTION,STRAIGHT/LEVEL,ASPHALT,FOLLOWING TOO CLOSELY,REAR END,2NDSTPATTERSONDR,TRAFFIC CONTROL SIGNAL
BLOOMINGTON PD,BLOOMINGTON,11/11/2020,10:23 AM,2,0,2,0,0,,,,SR 46,S CLARIZZ BLVD,,,,39.16424,-86.4908,LOCAL/CITY ROAD,N,URBAN,N,N,N,,DAYLIGHT,CLOUDY,DRY,,FOUR-WAY INTERSECTION,STRAIGHT/LEVEL,ASPHALT,DRIVER DISTRACTED - EXPLAIN IN NARRATIVE,REAR END,E3RDSTSCLARIZZBLVD,LANE CONTROL
MONROE SD,BLOOMINGTON,11/11/2020,12:25 PM,1,0,0,0,0,,,,E GUTHRIE RD,S KINSER CEMETERY RD,,150,W,0,0,COUNTY ROAD,N,URBAN,N,N,N,,DAYLIGHT,CLEAR,DRY,,NO JUNCTION INVOLVED,CURVE/GRADE,ASPHALT,RAN OFF ROAD RIGHT,RAN OFF ROAD,EASTGUTHRIERDSOUTHKINSERCEMETERYRD,NONE
BLOOMINGTON PD,BLOOMINGTON,11/11/2020,2:46 PM,2,0,0,0,0,,,,S WALNUT ST,E NORTH DR,,100,N,39.15461889,-86.531742,LOCAL/CITY ROAD,N,URBAN,N,N,N,,DAYLIGHT,CLEAR,DRY,,FOUR-WAY INTERSECTION,STRAIGHT/LEVEL,ASPHALT,FOLLOWING TOO CLOSELY,REAR END,ENORTHDRSWALNUTST,NONE
BLOOMINGTON PD,BLOOMINGTON,11/11/2020,2:58 PM,3,0,1,0,0,,,,SR 48,S GATES DR,,,,39.1645631,-86.5761678,LOCAL/CITY ROAD,N,URBAN,N,N,N,,DAYLIGHT,CLEAR,DRY,,FOUR-WAY INTERSECTION,STRAIGHT/GRADE,ASPHALT,FAILURE TO YIELD RIGHT OF WAY,LEFT TURN,SGATESDRW3RDST,TRAFFIC CONTROL SIGNAL
BLOOMINGTON PD,BLOOMINGTON,11/11/2020,4:12 PM,2,0,1,0,0,,,,S ROGERS ST,W CHEROKEE DR,,100,N,39.15751367,-86.538856,LOCAL/CITY ROAD,N,URBAN,N,N,N,,DAYLIGHT,CLEAR,DRY,,T-INTERSECTION,STRAIGHT/LEVEL,ASPHALT,FOLLOWING TOO CLOSELY,REAR END,SROGERSSTWCHEROKEERD,NONE
MONROE SD,BLOOMINGTON,11/11/2020,4:20 PM,2,1,0,0,0,,,,N CURRY PIKE,W VERNAL PIKE,,,,39.179248,-86.5832,COUNTY ROAD,N,URBAN,N,N,N,,DAYLIGHT,CLEAR,DRY,,NO JUNCTION INVOLVED,STRAIGHT/LEVEL,ASPHALT,FOLLOWING TOO CLOSELY,REAR END,NCURRYPIKEWVERNALPIKE,NONE
BLOOMINGTON PD,BLOOMINGTON,11/11/2020,4:35 PM,3,0,0,0,0,,,,SR 45/46,N KINSER PIKE,,,,39.186544,-86.537888,STATE ROAD,N,URBAN,N,N,N,,DAYLIGHT,CLEAR,DRY,,FOUR-WAY INTERSECTION,STRAIGHT/LEVEL,ASPHALT,FOLLOWING TOO CLOSELY,REAR END,NKINSERPIKESR4546E,TRAFFIC CONTROL SIGNAL
BLOOMINGTON PD,BLOOMINGTON,11/11/2020,6:27 PM,2,0,3,0,0,,,,W 3RD ST,S KIMBLE DR,,,,39.16464,-86.568,LOCAL/CITY ROAD,N,URBAN,N,N,N,,DARK (NOT LIGHTED),CLEAR,DRY,,T-INTERSECTION,STRAIGHT/LEVEL,ASPHALT,FOLLOWING TOO CLOSELY,REAR END,SKIMBLEDRW3RDST,TRAFFIC CONTROL SIGNAL
BLOOMINGTON PD,BLOOMINGTON,11/11/2020,7:13 PM,2,0,1,0,0,,,,S COLLEGE MALL RD,E 2ND ST,,,,39.160944,-86.497696,LOCAL/CITY ROAD,N,URBAN,N,N,N,,DARK (LIGHTED),CLEAR,DRY,,FOUR-WAY INTERSECTION,STRAIGHT/LEVEL,ASPHALT,FAILURE TO YIELD RIGHT OF WAY,RIGHT ANGLE,E2NDSTSCOLLEGEMALLRD,TRAFFIC CONTROL SIGNAL
MONROE SD,BLOOMINGTON,11/11/2020,8:45 PM,1,0,0,0,1,,,,SR 46,N CURRY PIKE,,100,E,39.193728,-86.57116265,STATE ROAD,N,RURAL,N,N,N,,DARK (NOT LIGHTED),CLEAR,DRY,,FOUR-WAY INTERSECTION,STRAIGHT/LEVEL,ASPHALT,ANIMAL/OBJECT IN ROADWAY,COLLISION WITH DEER,NCURRYPIKESR46W,TRAFFIC CONTROL SIGNAL
INDIANA UNIV BLOOMINGTON PD,BLOOMINGTON,11/12/2020,1:18 AM,1,0,0,0,1,,,,SR 45/46,E 17TH ST,,,,39.1798375,-86.5071788,STATE ROAD,N,URBAN,N,N,N,,DARK (LIGHTED),CLEAR,DRY,,T-INTERSECTION,CURVE/LEVEL,ASPHALT,ANIMAL/OBJECT IN ROADWAY,COLLISION WITH DEER,EAST17THSTSR46,TRAFFIC CONTROL SIGNAL
MONROE SD,BLOOMINGTON,11/12/2020,5:17 AM,1,0,0,0,1,,,,SR 37,,,1378,N,39.02377427,-86.53526951,STATE ROAD,N,RURAL,N,Y,N,,DARK (NOT LIGHTED),CLEAR,DRY,,NO JUNCTION INVOLVED,STRAIGHT/LEVEL,ASPHALT,ANIMAL/OBJECT IN ROADWAY,COLLISION WITH DEER,MONROEDAMRDSR37S,NONE
MONROE SD,BLOOMINGTON,11/12/2020,7:19 AM,1,0,0,0,0,6735,,,S HARMONY RD,,,,,39.08227658,-86.63372231,LOCAL/CITY ROAD,N,RURAL,N,N,N,,DARK (NOT LIGHTED),CLEAR,DRY,,NO JUNCTION INVOLVED,CURVE/GRADE,ASPHALT,RAN OFF ROAD RIGHT,RAN OFF ROAD,SHARMONYRD,NONE
MONROE SD,BLOOMINGTON,11/12/2020,8:30 AM,1,0,0,0,1,,,,SR 48,,,1200,W,39.164685,-86.59747708,STATE ROAD,N,URBAN,N,N,N,,DAYLIGHT,CLEAR,DRY,,NO JUNCTION INVOLVED,CURVE/GRADE,ASPHALT,ANIMAL/OBJECT IN ROADWAY,COLLISION WITH DEER,CAVERDSR48,LANE CONTROL
BLOOMINGTON PD,BLOOMINGTON,11/12/2020,9:09 AM,2,0,2,0,0,,,,E 10TH ST,N LINCOLN ST,,,,39.171712,-86.530992,LOCAL/CITY ROAD,N,URBAN,N,N,N,,DAYLIGHT,CLEAR,DRY,,T-INTERSECTION,STRAIGHT/GRADE,ASPHALT,FAILURE TO YIELD RIGHT OF WAY,RIGHT ANGLE,10THSTLINCOLNST,STOP SIGN
BLOOMINGTON PD,BLOOMINGTON,11/12/2020,9:39 AM,2,0,0,0,0,,,,E MOORES PIKE,S SMITH RD,,,,39.150224,-86.480464,LOCAL/CITY ROAD,Y,URBAN,N,N,N,,DAYLIGHT,CLEAR,DRY,,FOUR-WAY INTERSECTION,STRAIGHT/GRADE,ASPHALT,DISREGARD SIGNAL/REG SIGN,RIGHT ANGLE,MOORESPIKESMITHRD,STOP SIGN
ISP BLOOMINGTON 33,KNIGHT RIDGE,11/12/2020,6:05 PM,1,,0,0,1,,,,SR 446,,,0,S,38.99137106,-86.36885335,STATE ROAD,,RURAL,N,N,N,,DARK (NOT LIGHTED),CLEAR,DRY,,NO JUNCTION INVOLVED,,ASPHALT,ANIMAL/OBJECT IN ROADWAY,COLLISION WITH DEER,StateRd446,
MONROE SD,BLOOMINGTON,11/12/2020,6:13 PM,1,0,0,0,1,,,,W LEONARD SPRINGS RD,,,150,E,39.1223002,-86.58697388,COUNTY ROAD,N,RURAL,N,N,N,,DARK (NOT LIGHTED),CLEAR,DRY,,NO JUNCTION INVOLVED,STRAIGHT/HILLCREST,ASPHALT,ANIMAL/OBJECT IN ROADWAY,COLLISION WITH DEER,HORNOWLRDSLEONARDRD,NONE
MONROE SD,BLOOMINGTON,11/13/2020,6:40 AM,1,0,1,0,0,,,,I-69 N,,,100,S,0,0,INTERSTATE,N,RURAL,N,N,N,,DARK (NOT LIGHTED),CLEAR,DRY,,NO JUNCTION INVOLVED,STRAIGHT/LEVEL,ASPHALT,FOLLOWING TOO CLOSELY,RAN OFF ROAD,I69N109.0,NONE
BLOOMINGTON PD,BLOOMINGTON,11/13/2020,9:07 AM,3,0,1,0,0,,,,W COUNTRY CLUB DR,S MILTON DR,,200,W,39.13304,-86.5384,LOCAL/CITY ROAD,N,URBAN,N,N,N,,DAYLIGHT,CLEAR,DRY,,FOUR-WAY INTERSECTION,STRAIGHT/LEVEL,ASPHALT,FOLLOWING TOO CLOSELY,REAR END,COUNTRYCLUBRDSROGERSDR,TRAFFIC CONTROL SIGNAL
ISP BLOOMINGTON 33,BLOOMINGTON,11/13/2020,9:50 AM,1,,0,0,0,,,,I-69 N,,,0,S,39.33703256,-86.51027388,INTERSTATE,,RURAL,N,N,N,,DAYLIGHT,CLEAR,DRY,,NO JUNCTION INVOLVED,,ASPHALT,OVERCORRECTING/OVERSTEERING,RAN OFF ROAD,I-69130,
BLOOMINGTON PD,BLOOMINGTON,11/13/2020,10:45 AM,2,0,0,0,0,214,,,E SOUTHERN DR,,,,,39.14984,-86.53213111,UNKNOWN,Y,URBAN,N,N,N,,DAYLIGHT,CLEAR,DRY,,NO JUNCTION INVOLVED,STRAIGHT/GRADE,ASPHALT,UNSAFE BACKING,BACKING CRASH,ESOUTHERNDR,NONE
BLOOMINGTON PD,BLOOMINGTON,11/13/2020,11:40 AM,2,0,0,0,0,,,,S WALNUT ST,E 3RD ST,,,,39.16464,-86.5336,LOCAL/CITY ROAD,Y,URBAN,N,N,Y,LANE CLOSURE,DAYLIGHT,CLEAR,DRY,,FOUR-WAY INTERSECTION,STRAIGHT/LEVEL,ASPHALT,UNSAFE LANE MOVEMENT,SAME DIRECTION SIDESWIPE,3RDSTWALNUTST,LANE CONTROL
BLOOMINGTON PD,BLOOMINGTON,11/13/2020,11:42 AM,2,0,0,0,0,,,,E 2ND ST,S COLLEGE MALL RD,,,,39.1609338,-86.4976546,LOCAL/CITY ROAD,N,URBAN,N,N,N,,DAYLIGHT,CLEAR,DRY,,FOUR-WAY INTERSECTION,STRAIGHT/LEVEL,ASPHALT,FAILURE TO YIELD RIGHT OF WAY,LEFT/RIGHT TURN,E2NDSTSCOLLEGEMALLRD,TRAFFIC CONTROL SIGNAL
MONROE SD,BLOOMINGTON,11/13/2020,11:56 AM,2,0,0,0,0,,,,N CURRY PIKE,W PROFILE PKWY,,,,39.171961,-86.582982,LOCAL/CITY ROAD,N,URBAN,N,N,N,,DAYLIGHT,CLEAR,DRY,,T-INTERSECTION,STRAIGHT/LEVEL,ASPHALT,DISREGARD SIGNAL/REG SIGN,RIGHT ANGLE,NCURRYPIKEWPROFILEPKWY,TRAFFIC CONTROL SIGNAL
MONROE SD,BLOOMINGTON,11/13/2020,11:58 AM,2,0,3,0,0,,,,SR 37,S WALNUT ST,,,,39.1342671,-86.5313924,STATE ROAD,N,URBAN,N,N,N,,DAYLIGHT,CLEAR,DRY,,FOUR-WAY INTERSECTION,STRAIGHT/LEVEL,ASPHALT,DISREGARD SIGNAL/REG SIGN,RIGHT ANGLE,SR37WALNUTST,TRAFFIC CONTROL SIGNAL
BLOOMINGTON PD,BLOOMINGTON,11/13/2020,5:04 PM,2,0,0,0,0,,,,S WALNUT ST,E MILLER DR,,75,S,39.146944,-86.532544,LOCAL/CITY ROAD,N,URBAN,N,N,N,,DAYLIGHT,CLEAR,DRY,,NO JUNCTION INVOLVED,STRAIGHT/GRADE,ASPHALT,FAILURE TO YIELD RIGHT OF WAY,RIGHT TURN,EMILLERDRSWALNUTST,NONE
MONROE SD,BLOOMINGTON,11/13/2020,6:04 PM,1,0,0,0,1,,,,W VERNAL PIKE,N ENTERPRISE DR,,200,W,39.17919,-86.56803668,COUNTY ROAD,N,URBAN,N,N,N,,DARK (NOT LIGHTED),CLEAR,DRY,,NO JUNCTION INVOLVED,STRAIGHT/HILLCREST,ASPHALT,ANIMAL/OBJECT IN ROADWAY,COLLISION WITH DEER,ENTERPRISEDRWVERNALPIKE,NONE
MONROE SD,BLOOMINGTON,11/13/2020,7:38 PM,1,0,0,0,0,,,,W THAT RD,BLOOMINGTON RAIL TRAIL,,250,W,39.11464,-86.539392,LOCAL/CITY ROAD,N,URBAN,N,N,N,,DARK (NOT LIGHTED),CLEAR,DRY,,NO JUNCTION INVOLVED,STRAIGHT/LEVEL,ASPHALT,ANIMAL/OBJECT IN ROADWAY,COLLISION WITH DEER,SROGERSSTWTHATRD,LANE CONTROL
BLOOMINGTON PD,BLOOMINGTON,11/14/2020,12:05 AM,2,0,0,0,0,2425,,,W 3RD ST,S OPPORTUNITY LN,,,,0,0,LOCAL/CITY ROAD,N,URBAN,N,N,N,,DAYLIGHT,RAIN,WET,,FOUR-WAY INTERSECTION,STRAIGHT/LEVEL,ASPHALT,LEFT OF CENTER,LEFT/RIGHT TURN,2425W3RDSTOPPORTUNITYLN,NONE
MONROE SD,BLOOMINGTON,11/14/2020,12:40 AM,3,0,2,0,0,,,,W OLD SR 37,E BETHEL LN,,,,39.215344,-86.521392,LOCAL/CITY ROAD,N,URBAN,N,N,N,,DAYLIGHT,RAIN,WET,,T-INTERSECTION,STRAIGHT/HILLCREST,ASPHALT,FAILURE TO YIELD RIGHT OF WAY,RIGHT ANGLE,EBETHELLNNOLDSTATE37RD,STOP SIGN
BLOOMINGTON PD,BLOOMINGTON,11/14/2020,1:12 AM,2,0,0,0,0,,,,E 3RD ST,S DUNN ST,,,,39.164448,-86.528096,LOCAL/CITY ROAD,N,URBAN,N,N,N,,DARK (LIGHTED),CLEAR,DRY,,FOUR-WAY INTERSECTION,CURVE/LEVEL,ASPHALT,DISREGARD SIGNAL/REG SIGN,RIGHT ANGLE,E3RDSTSDUNNST,TRAFFIC CONTROL SIGNAL
MONROE SD,BLOOMINGTON,11/14/2020,6:11 AM,1,0,0,0,1,,,,SR 45,,,1467,W,39.0867869,-86.6771538,STATE ROAD,N,RURAL,N,Y,N,,DARK (NOT LIGHTED),CLEAR,DRY,,NO JUNCTION INVOLVED,STRAIGHT/LEVEL,ASPHALT,ANIMAL/OBJECT IN ROADWAY,COLLISION WITH DEER,BREEDENRDSR45W,NONE
ELLETTSVILLE PD,ELLETTSVILLE,11/14/2020,10:14 AM,2,0,0,0,0,,,,SR 46,N HARTSTRAIT RD,,,,39.227624,-86.615919,STATE ROAD,N,URBAN,N,N,N,,DAYLIGHT,CLEAR,DRY,,NO JUNCTION INVOLVED,STRAIGHT/GRADE,ASPHALT,DISREGARD SIGNAL/REG SIGN,RIGHT ANGLE,HARTSTRAITRDSR46W,TRAFFIC CONTROL SIGNAL
BLOOMINGTON PD,BLOOMINGTON,11/14/2020,11:55 AM,2,0,0,0,0,,,,I-69 S,,,800,S,0,0,INTERSTATE,N,URBAN,N,N,N,,DAYLIGHT,RAIN,WET,,NO JUNCTION INVOLVED,STRAIGHT/HILLCREST,ASPHALT,IMPROPER LANE USAGE,SAME DIRECTION SIDESWIPE,I69S119,LANE CONTROL
BLOOMINGTON PD,BLOOMINGTON,11/14/2020,1:24 PM,1,0,0,0,0,,,,S OLCOTT BLVD,E CHAUDION CT,,,,39.148526,-86.484376,LOCAL/CITY ROAD,N,URBAN,N,N,N,,DAYLIGHT,RAIN,WET,,NO JUNCTION INVOLVED,CURVE/GRADE,ASPHALT,RAN OFF ROAD RIGHT,RAN OFF ROAD,ECHAUDIONCTSOLCOTTBLVD,NONE
MONROE SD,BLOOMINGTON,11/14/2020,3:53 PM,2,0,0,0,0,,,,N CURRY PIKE,W PROFILE PKWY,,,,39.171961,-86.582982,COUNTY ROAD,N,URBAN,N,N,Y,WORK ON SHOULDER,DAYLIGHT,CLOUDY,DRY,,NO JUNCTION INVOLVED,STRAIGHT/LEVEL,ASPHALT,FOLLOWING TOO CLOSELY,REAR END,NCURRYPIKEWPROFILEPKWY,TRAFFIC CONTROL SIGNAL
MONROE SD,BLOOMINGTON,11/14/2020,5:19 PM,1,0,0,0,1,,,,S FAIRFAX RD,S WISLEY LN,,,,39.05450365,-86.49837915,COUNTY ROAD,N,RURAL,N,N,N,,DAYLIGHT,CLEAR,DRY,,T-INTERSECTION,CURVE/LEVEL,ASPHALT,ANIMAL/OBJECT IN ROADWAY,COLLISION WITH DEER,SFAIRFAXRDSWISLEYLN,NONE
MONROE SD,BLOOMINGTON,11/14/2020,7:22 PM,1,0,1,0,0,,,,SR 45,E EARL YOUNG RD,,500,W,39.2170871,-86.45383627,STATE ROAD,N,RURAL,N,N,N,,DARK (NOT LIGHTED),RAIN,WET,,NO JUNCTION INVOLVED,CURVE/LEVEL,ASPHALT,RAN OFF ROAD RIGHT,RAN OFF ROAD,EEARLYOUNGRDSR45E,NONE
BLOOMINGTON PD,BLOOMINGTON,11/14/2020,7:50 PM,1,0,1,0,0,,,,W BLOOMFIELD RD,,,500,E,39.157044,-86.55983027,LOCAL/CITY ROAD,Y,URBAN,N,N,N,,DARK (NOT LIGHTED),RAIN,WET,,NO JUNCTION INVOLVED,STRAIGHT/LEVEL,ASPHALT,PEDESTRIAN ACTION,COLLISION WITH OBJECT IN ROAD,SOUTHCORYLNWESTBLOOMFIELDRD,LANE CONTROL
ISP BLOOMINGTON 33,BLOOMINGTON,11/14/2020,7:50 PM,1,,0,0,1,,,,I-69 S,,,0,S,39.07620631,-86.58949561,,,RURAL,N,N,N,,DARK (NOT LIGHTED),CLEAR,DRY,,NO JUNCTION INVOLVED,,ASPHALT,ANIMAL/OBJECT IN ROADWAY,COLLISION WITH DEER,I-69111,
INDIANA UNIV BLOOMINGTON PD,BLOOMINGTON,11/14/2020,8:00 PM,2,0,2,0,0,,,,S JORDAN AVE,E 3RD ST,,,,39.164263,-86.516394,LOCAL/CITY ROAD,N,URBAN,N,N,N,,DARK (LIGHTED),RAIN,WET,,FOUR-WAY INTERSECTION,STRAIGHT/LEVEL,ASPHALT,UNSAFE LANE MOVEMENT,SAME DIRECTION SIDESWIPE,JORDANAVETHIRDST,LANE CONTROL
INDIANA UNIV BLOOMINGTON PD,BLOOMINGTON,11/14/2020,8:21 PM,2,0,0,0,0,,,,E 3RD ST,S JORDAN AVE,,,,39.164263,-86.516394,LOCAL/CITY ROAD,N,URBAN,N,N,N,,DARK (LIGHTED),RAIN,WET,,FOUR-WAY INTERSECTION,STRAIGHT/LEVEL,ASPHALT,FOLLOWING TOO CLOSELY,REAR END,JORDANAVETHIRDST,TRAFFIC CONTROL SIGNAL
BLOOMINGTON PD,BLOOMINGTON,11/14/2020,9:33 PM,1,0,0,0,0,,,,E WINSLOW RD,,,500,W,39.13642915,-86.50832074,LOCAL/CITY ROAD,N,URBAN,N,N,N,,DARK (NOT LIGHTED),RAIN,WET,,TRAFFIC CIRCLE/ROUNDABOUT,STRAIGHT/GRADE,ASPHALT,SPEED TOO FAST FOR WEATHER CONDITIONS,RAN OFF ROAD,EWINSLOWRDSHIGHST,NONE
ELLETTSVILLE PD,ELLETTSVILLE,11/14/2020,10:03 PM,1,0,0,0,0,,,,N UNION VALLEY RD,SR 46,,,,39.2153592,-86.5930113,COUNTY ROAD,N,URBAN,N,N,N,,DARK (NOT LIGHTED),CLEAR,DRY,,NO JUNCTION INVOLVED,STRAIGHT/LEVEL,ASPHALT,DRIVER DISTRACTED - EXPLAIN IN NARRATIVE,RAN OFF ROAD,UNIONVALLEYRDWESTSTATEROAD46HWY,NONE
MONROE SD,BLOOMINGTON,11/15/2020,9:28 AM,1,0,0,0,0,4498,,,E ROBINSON RD,,,1000,N,0,0,COUNTY ROAD,N,RURAL,N,N,N,,DAYLIGHT,SEVERE CROSS WIND,DRY,,NO JUNCTION INVOLVED,CURVE/LEVEL,ASPHALT,OTHER (ENVIRONMENTAL) - EXPLAIN IN NARR,OTHER - EXPLAIN IN NARRATIVE,4498ROBINSONRDOLDSTATEROAD37RD,NO PASSING ZONE
BLOOMINGTON PD,BLOOMINGTON,11/15/2020,9:30 PM,3,0,0,0,0,,,,N WALNUT ST,E 11TH ST,,50,N,39.173248,-86.533488,LOCAL/CITY ROAD,N,URBAN,N,N,N,,DARK (LIGHTED),CLOUDY,DRY,,T-INTERSECTION,STRAIGHT/HILLCREST,ASPHALT,UNSAFE LANE MOVEMENT,REAR END,EAST11THSTNORTHWALNUTST,NONE
ELLETTSVILLE PD,ELLETTSVILLE,11/16/2020,4:02 PM,2,0,0,0,0,,,,SR 46,N 5TH ST,,,,39.23352,-86.62424,STATE ROAD,N,URBAN,N,N,N,,DAYLIGHT,CLEAR,DRY,,NO JUNCTION INVOLVED,STRAIGHT/LEVEL,ASPHALT,FAILURE TO YIELD RIGHT OF WAY,RIGHT ANGLE,5THSTSR46W,LANE CONTROL
ELLETTSVILLE PD,ELLETTSVILLE,11/16/2020,7:00 PM,1,0,0,0,1,,,,SR 46,,,300,W,39.2409948,-86.63201061,STATE ROAD,N,URBAN,N,N,N,,DARK (LIGHTED),CLEAR,DRY,,NO JUNCTION INVOLVED,STRAIGHT/GRADE,ASPHALT,ANIMAL/OBJECT IN ROADWAY,COLLISION WITH DEER,RIDGESPRINSLNSR46W,LANE CONTROL
MONROE SD,BLOOMINGTON,11/16/2020,8:36 PM,1,1,0,0,1,,,,SR 46,,,570,W,39.16503113,-86.43082882,STATE ROAD,N,RURAL,N,N,N,,DARK (NOT LIGHTED),CLEAR,DRY,,NO JUNCTION INVOLVED,CURVE/LEVEL,CONCRETE,ANIMAL/OBJECT IN ROADWAY,COLLISION WITH DEER,ETRAILWAYDRSR46E,NONE
BLOOMINGTON PD,BLOOMINGTON,11/16/2020,10:58 PM,2,0,2,0,0,,,,S ROGERS ST,W DODDS ST,,,,39.157477,-86.538682,LOCAL/CITY ROAD,N,URBAN,N,N,N,,DAYLIGHT,CLEAR,DRY,,FOUR-WAY INTERSECTION,STRAIGHT/LEVEL,ASPHALT,FAILURE TO YIELD RIGHT OF WAY,RIGHT ANGLE,SROGERSSTWDODDSST,STOP SIGN