Agency,City,Collision Date,Collision Time,Vehicles Involved,Trailers Involved,Number Injured,Number Dead,Number Deer,House Number,Roadway Interchange,Roadway Ramp,Roadway Id,Intersecting Road,Interchange,Feet From,Direction,Latitude,Longitude,Roadway Class,Hit and Run?,Locality,School Zone?,Rumble Strips?,Construction?,Construction Type,Light Condition,Weather Conditions,Surface Condition,Type of Median,Roadway Junction Type,Road Character,Roadway Surface,Primary Factor,Manner of Collision,Unique Location Id,Traffic Control
BLOOMINGTON PD,BLOOMINGTON,11/25/2020,6:05 PM,2,0,0,0,0,,,,SR 46,S SMITH RD,,,,39.16424,-86.480688,LOCAL/CITY ROAD,Y,URBAN,N,,N,,DARK (LIGHTED),RAIN,WET,,FOUR-WAY INTERSECTION,STRAIGHT/LEVEL,ASPHALT,DISREGARD SIGNAL/REG SIGN,LEFT TURN,E3RDSTNSMITHRD,TRAFFIC CONTROL SIGNAL
BLOOMINGTON PD,BLOOMINGTON,11/25/2020,7:32 PM,1,0,0,0,0,,,,I-69 S,SR 45,,,,0,0,INTERSTATE,N,URBAN,N,N,N,,DARK (LIGHTED),RAIN,WET,,RAMP,STRAIGHT/LEVEL,ASPHALT,OVERCORRECTING/OVERSTEERING,RAN OFF ROAD,I69SSR45W,NONE
BLOOMINGTON PD,BLOOMINGTON,11/25/2020,9:56 PM,2,0,1,0,0,,,,N ROGERS ST,W 6TH ST,,,,39.16768,-86.538592,LOCAL/CITY ROAD,N,URBAN,N,N,N,,DARK (LIGHTED),RAIN,WET,,FOUR-WAY INTERSECTION,STRAIGHT/LEVEL,ASPHALT,FAILURE TO YIELD RIGHT OF WAY,RIGHT ANGLE,NROGERSSTW6THST,STOP SIGN
MONROE SD,ELLETTSVILLE,11/25/2020,11:53 PM,1,0,0,0,0,,,,W WOODLAND DR,N ARMSTRONG DR,,2789,E,39.207552,-86.599296,LOCAL/CITY ROAD,N,RURAL,N,N,N,,DARK (NOT LIGHTED),CLEAR,WET,,NO JUNCTION INVOLVED,STRAIGHT/GRADE,ASPHALT,ANIMAL/OBJECT IN ROADWAY,COLLISION WITH OBJECT IN ROAD,ARMSTRONGDRWOODLANDDR,NONE
MONROE SD,BLOOMINGTON,11/26/2020,6:39 PM,1,0,0,0,0,,,,S GARRISON CHAPEL RD,,,1000,S,39.11966945,-86.6429827,LOCAL/CITY ROAD,Y,RURAL,N,N,N,,DARK (NOT LIGHTED),RAIN,WET,,NO JUNCTION INVOLVED,CURVE/GRADE,ASPHALT,RAN OFF ROAD RIGHT,RAN OFF ROAD,ELLERRDGARRISONCHAPELRD,NONE
ISP BLOOMINGTON 33,ELLETTSVILLE,11/26/2020,8:00 PM,2,,1,0,0,,,,W MAPLE GROVE RD,N MATTHEWS DR,,0,W,39.24533356,-86.6205512,COUNTY ROAD,,RURAL,N,N,N,,DARK (NOT LIGHTED),CLEAR,DRY,,FOUR-WAY INTERSECTION,,ASPHALT,FAILURE TO YIELD RIGHT OF WAY,LEFT TURN,WMapleGroveRdNMathewsDr,
BLOOMINGTON PD,BLOOMINGTON,11/26/2020,9:00 PM,2,0,0,0,0,613,,,W MARBLE LN,,,,,39.18083049,-86.54063113,LOCAL/CITY ROAD,Y,URBAN,N,N,N,,DARK (LIGHTED),CLOUDY,DRY,,NO JUNCTION INVOLVED,STRAIGHT/LEVEL,ASPHALT,RAN OFF ROAD RIGHT,RAN OFF ROAD,WMARBLELN,NONE
BLOOMINGTON PD,BLOOMINGTON,11/26/2020,9:30 PM,2,0,0,0,0,1655,,,S WILCOX ST,,,,,39.134352,-86.53716036,,Y,URBAN,N,N,N,,DARK (NOT LIGHTED),CLOUDY,WET,,NO JUNCTION INVOLVED,NON-ROADWAY CRASH,ASPHALT,UNSAFE BACKING,BACKING CRASH,SOUTHWILCOXST,NONE
BLOOMINGTON PD,BLOOMINGTON,11/27/2020,8:12 AM,2,0,0,0,0,,,,S CLARIZZ BLVD,S WILMINGTON CT,,,,39.163056,-86.490752,LOCAL/CITY ROAD,N,URBAN,N,N,N,,DAYLIGHT,CLOUDY,DRY,,NO JUNCTION INVOLVED,STRAIGHT/LEVEL,ASPHALT,FAILURE TO YIELD RIGHT OF WAY,RIGHT ANGLE,SCLARIZZBLVDSWILMINGTONCT,STOP SIGN
MONROE SD,BLOOMINGTON,11/27/2020,5:23 PM,2,0,0,0,0,,,,SR 46,N CENTENNIAL DR,,,,39.16424,-86.480688,STATE ROAD,N,URBAN,N,N,N,,DAWN/DUSK,CLOUDY,DRY,,FOUR-WAY INTERSECTION,STRAIGHT/HILLCREST,ASPHALT,FOLLOWING TOO CLOSELY,REAR END,NSMITHPIKESR46W,TRAFFIC CONTROL SIGNAL
BLOOMINGTON PD,BLOOMINGTON,11/27/2020,6:16 PM,2,0,0,0,0,2403,,,W 3RD ST,S OPPORTUNITY LN,,500,W,39.16464,-86.564992,LOCAL/CITY ROAD,N,URBAN,N,N,N,,DARK (LIGHTED),CLEAR,DRY,,NO JUNCTION INVOLVED,STRAIGHT/LEVEL,ASPHALT,CELL PHONE USAGE,LEFT TURN,2403W3RDSTSJOHNSONAVE,NONE
BLOOMINGTON PD,BLOOMINGTON,11/27/2020,8:22 PM,2,0,1,0,0,,,,SR 45/46,N KINSER PIKE,,,,39.186544,-86.537888,STATE ROAD,N,URBAN,N,N,N,,DARK (LIGHTED),CLEAR,DRY,,FOUR-WAY INTERSECTION,STRAIGHT/LEVEL,ASPHALT,FAILURE TO YIELD RIGHT OF WAY,HEAD ON BETWEEN TWO MOTOR VEHICLES,KINSERPIKESR45E,TRAFFIC CONTROL SIGNAL
MONROE SD,BLOOMINGTON,11/28/2020,1:23 AM,1,0,0,0,1,,Y,,I-69 S,N SR 37 BUSINESS,,500,N,39.27552447,-86.517128,STATE ROAD,N,RURAL,N,N,N,,DARK (NOT LIGHTED),CLEAR,DRY,,NO JUNCTION INVOLVED,STRAIGHT/LEVEL,ASPHALT,ANIMAL/OBJECT IN ROADWAY,COLLISION WITH DEER,EWHISNANDRDSR37N,NONE
MONROE SD,BLOOMINGTON,11/28/2020,1:15 PM,2,1,1,0,0,,,,W THAT RD,BLOOMINGTON RAIL TRAIL,,300,W,39.114642,-86.53980603,LOCAL/CITY ROAD,N,RURAL,N,N,Y,LANE CLOSURE,DAYLIGHT,CLEAR,DRY,,NO JUNCTION INVOLVED,STRAIGHT/LEVEL,ASPHALT,DISREGARD SIGNAL/REG SIGN,REAR END,SROGERSSTWTHATRD,OTHER REGULATORY SIGN/MARKING
BLOOMINGTON PD,BLOOMINGTON,11/28/2020,4:00 PM,2,0,0,0,0,,,,N GRANT ST,,,105,S,39.167712,-86.529696,LOCAL/CITY ROAD,Y,URBAN,N,N,N,,DAYLIGHT,CLEAR,DRY,,T-INTERSECTION,STRAIGHT/GRADE,ASPHALT,IMPROPER TURNING,,EAST6THSTNORTHGRANTST,NONE
BLOOMINGTON PD,BLOOMINGTON,11/28/2020,5:12 PM,2,0,1,0,0,,,Y,W BLOOMFIELD RD,I-69 N,,,,0,0,LOCAL/CITY ROAD,N,URBAN,N,N,N,,DAYLIGHT,CLEAR,DRY,,FOUR-WAY INTERSECTION,STRAIGHT/GRADE,ASPHALT,DISREGARD SIGNAL/REG SIGN,RIGHT ANGLE,SR69NWBLOOMFIELDRD,TRAFFIC CONTROL SIGNAL
BLOOMINGTON PD,BLOOMINGTON,11/28/2020,8:17 PM,2,0,0,0,0,,,,S SMITH RD,E BRIGHTON CREST,,,,39.157552,-86.480592,LOCAL/CITY ROAD,N,URBAN,N,N,N,,DARK (NOT LIGHTED),CLEAR,DRY,,FOUR-WAY INTERSECTION,STRAIGHT/GRADE,ASPHALT,FAILURE TO YIELD RIGHT OF WAY,RIGHT ANGLE,EASTBRIGHTONCRSTSOUTHSMITHRD,STOP SIGN
MONROE SD,BLOOMINGTON,11/28/2020,9:31 PM,1,0,0,0,0,,,,S FAIRFAX RD,S WISLEY LN,,100,N,39.054608,-86.498432,COUNTY ROAD,N,RURAL,N,N,N,,DARK (NOT LIGHTED),CLEAR,DRY,,T-INTERSECTION,CURVE/GRADE,ASPHALT,DRIVER DISTRACTED - EXPLAIN IN NARRATIVE,RAN OFF ROAD,SFAIRFAXRDSWISLEYLN,NONE
BLOOMINGTON PD,BLOOMINGTON,11/29/2020,9:11 AM,1,0,0,0,0,,,,W ALLEN ST,W BLOOMFIELD RD,,,,39.156084,-86.561471,UNKNOWN,N,URBAN,N,N,N,,DAYLIGHT,CLEAR,DRY,,NO JUNCTION INVOLVED,STRAIGHT/GRADE,ASPHALT,RAN OFF ROAD RIGHT,RAN OFF ROAD,ALLENSTBLOOMFIELDRD,LANE CONTROL
ISP BLOOMINGTON 33,BLOOMINGTON,11/29/2020,9:32 AM,1,,0,0,1,,,,I-69 N,,,317,W,39.06847436,-86.67343897,INTERSTATE,,RURAL,N,N,N,,DAYLIGHT,CLEAR,DRY,,NO JUNCTION INVOLVED,,CONCRETE,ANIMAL/OBJECT IN ROADWAY,COLLISION WITH DEER,I-69I69,
ISP BLOOMINGTON 33,BLOOMINGTON,11/29/2020,6:50 PM,1,,0,0,1,,,,N UNION VALLEY RD,,,0,S,39.23466436,-86.59279279,COUNTY ROAD,,RURAL,N,N,N,,DARK (NOT LIGHTED),CLEAR,DRY,,NO JUNCTION INVOLVED,,ASPHALT,ANIMAL/OBJECT IN ROADWAY,COLLISION WITH DEER,NUnionValleyRd,
ISP BLOOMINGTON 33,BLOOMINGTON,11/29/2020,7:35 PM,1,,0,0,1,,,,SR 45,,,250,W,39.1276101,-86.60698361,STATE ROAD,,RURAL,N,N,N,,DARK (NOT LIGHTED),CLEAR,DRY,,NO JUNCTION INVOLVED,,ASPHALT,ANIMAL/OBJECT IN ROADWAY,COLLISION WITH DEER,WStateRd45SIsonRd,
BLOOMINGTON PD,BLOOMINGTON,11/30/2020,8:07 AM,1,1,0,0,0,2801,,,S ROGERS ST,W COUNTRY CLUB DR,,,,39.165696,-86.538592,UNKNOWN,N,URBAN,N,N,N,,DAYLIGHT,RAIN,WET,,NO JUNCTION INVOLVED,STRAIGHT/LEVEL,ASPHALT,RAN OFF ROAD RIGHT,RAN OFF ROAD,SROGERSST,NONE
INDIANA UNIV BLOOMINGTON PD,BLOOMINGTON,11/30/2020,8:35 PM,1,0,0,0,1,,,,E 10TH ST,N JEFFERSON ST,,,,0,0,LOCAL/CITY ROAD,N,URBAN,N,N,N,,DARK (LIGHTED),BLOWING SAND/SOIL/SNOW,WET,,NO JUNCTION INVOLVED,CURVE/LEVEL,ASPHALT,ANIMAL/OBJECT IN ROADWAY,COLLISION WITH DEER,JEFFERSONSTUNIONVILLERD,NONE
BLOOMINGTON PD,BLOOMINGTON,11/30/2020,8:45 PM,3,0,0,0,0,736,,,E SHERWOOD HILLS DR,,,,,39.133219,-86.524657,LOCAL/CITY ROAD,Y,URBAN,N,N,N,,DARK (LIGHTED),CLOUDY,DRY,,NO JUNCTION INVOLVED,STRAIGHT/LEVEL,ASPHALT,UNSAFE BACKING,BACKING CRASH,ESHERWOODHILLSDR,NONE
INDIANA UNIV BLOOMINGTON PD,BLOOMINGTON,12/1/2020,12:00 PM,2,0,0,0,0,,,,SR 45/46,E DISCOVERY PKWY,,300,S,0,0,STATE ROAD,N,URBAN,N,N,N,,DAYLIGHT,CLEAR,DRY,,NO JUNCTION INVOLVED,STRAIGHT/GRADE,ASPHALT,DRIVER DISTRACTED - EXPLAIN IN NARRATIVE,REAR END,SR45/46BYPASSDISCOVERYPKWY,NONE
BLOOMINGTON PD,BLOOMINGTON,12/1/2020,2:05 PM,2,0,0,0,0,,,,W 3RD ST,S FRANKLIN RD,,,,39.164688,-86.5712,LOCAL/CITY ROAD,N,URBAN,N,N,N,,DAYLIGHT,CLEAR,DRY,,FOUR-WAY INTERSECTION,STRAIGHT/LEVEL,CONCRETE,FOLLOWING TOO CLOSELY,REAR END,SOUTHFRANKLINRDWEST3RDST,TRAFFIC CONTROL SIGNAL
MONROE SD,BLOOMINGTON,12/1/2020,2:54 PM,1,0,0,0,0,,,,W ELLER RD,S WESTMONT AVE,,,,39.122256,-86.619184,LOCAL/CITY ROAD,N,RURAL,N,N,N,,DAYLIGHT,CLEAR,DRY,,T-INTERSECTION,STRAIGHT/LEVEL,ASPHALT,RAN OFF ROAD RIGHT,RAN OFF ROAD,SWESTMONTAVEWELLERRD,STOP SIGN
MONROE SD,BLOOMINGTON,12/1/2020,7:25 PM,1,0,0,0,1,,,,SR 446,,,2000,S,,,STATE ROAD,N,RURAL,N,N,N,,DARK (NOT LIGHTED),CLEAR,DRY,,NO JUNCTION INVOLVED,STRAIGHT/LEVEL,ASPHALT,ANIMAL/OBJECT IN ROADWAY,COLLISION WITH DEER,DEERLICKRDSR446S,NONE
INDIANA UNIV BLOOMINGTON PD,BLOOMINGTON,12/2/2020,8:12 AM,2,0,0,0,0,,,,N JORDAN AVE,E 17TH ST,,,,39.178838,-86.510916,LOCAL/CITY ROAD,N,URBAN,N,N,N,,DAWN/DUSK,CLEAR,DRY,,T-INTERSECTION,STRAIGHT/LEVEL,ASPHALT,FAILURE TO YIELD RIGHT OF WAY,LEFT TURN,EAST17THSTJORDANAVE,STOP SIGN
BLOOMINGTON PD,BLOOMINGTON,12/2/2020,8:51 AM,2,0,0,0,0,,,,W HILLSIDE DR,S WALNUT ST,,,,39.150544,-86.5336,LOCAL/CITY ROAD,N,URBAN,N,N,N,,DAYLIGHT,CLEAR,DRY,,FOUR-WAY INTERSECTION,STRAIGHT/LEVEL,ASPHALT,DISREGARD SIGNAL/REG SIGN,RIGHT ANGLE,HILLSIDEDLWALNUTST,TRAFFIC CONTROL SIGNAL
MONROE SD,BLOOMINGTON,12/2/2020,8:57 AM,2,0,0,0,0,4183,,,W STEBU LN,,,525,W,,,LOCAL/CITY ROAD,N,URBAN,N,N,N,,DAWN/DUSK,CLEAR,DRY,,NO JUNCTION INVOLVED,STRAIGHT/LEVEL,ASPHALT,UNSAFE BACKING,BACKING CRASH,SCURRYPIKEWSTEBULN,NONE
MONROE SD,BLOOMINGTON,12/2/2020,4:09 PM,2,0,0,0,0,,,,S LIBERTY DR,ENTRANCE TO BAXTER,,1478,S,,,LOCAL/CITY ROAD,N,RURAL,N,N,N,,DAYLIGHT,CLEAR,DRY,,NO JUNCTION INVOLVED,CURVE/LEVEL,CONCRETE,FOLLOWING TOO CLOSELY,REAR END,SLIBERTYDRW3RDST,OTHER REGULATORY SIGN/MARKING
BLOOMINGTON PD,BLOOMINGTON,12/2/2020,6:45 PM,1,0,1,0,0,,,,SR 48,S CURRY PIKE,,,,39.16465,-86.582939,LOCAL/CITY ROAD,N,URBAN,N,N,N,,DARK (NOT LIGHTED),CLEAR,DRY,,FOUR-WAY INTERSECTION,STRAIGHT/LEVEL,ASPHALT,PEDESTRIAN ACTION,OTHER - EXPLAIN IN NARRATIVE,SOUTHCURRYPIKEWEST3RDST,TRAFFIC CONTROL SIGNAL
BLOOMINGTON PD,BLOOMINGTON,12/3/2020,1:12 AM,1,0,0,0,0,,,,N FAIRVIEW ST,W 11TH ST,,,,39.173152,-86.5408,LOCAL/CITY ROAD,Y,URBAN,N,N,N,,DARK (NOT LIGHTED),CLEAR,DRY,,T-INTERSECTION,CURVE/LEVEL,ASPHALT,OTHER (DRIVER) - EXPLAIN IN NARRATIVE,RAN OFF ROAD,NFAIRVIEWSTW11THST,STOP SIGN
INDIANA UNIV BLOOMINGTON PD,BLOOMINGTON,12/3/2020,12:45 PM,2,0,2,0,0,,,,SR 45/46,E 17TH ST,,,,,,STATE ROAD,N,URBAN,N,N,N,,DAYLIGHT,CLEAR,DRY,,T-INTERSECTION,CURVE/LEVEL,ASPHALT,FAILURE TO YIELD RIGHT OF WAY,LEFT TURN,EAST17THSTSR46,TRAFFIC CONTROL SIGNAL
ELLETTSVILLE PD,ELLETTSVILLE,12/3/2020,8:35 PM,2,0,0,0,0,,,,SR 46,N KELLI DR,,,,,,STATE ROAD,N,URBAN,N,N,N,,DARK (LIGHTED),CLEAR,DRY,,T-INTERSECTION,STRAIGHT/LEVEL,ASPHALT,FAILURE TO YIELD RIGHT OF WAY,SAME DIRECTION SIDESWIPE,KELLIDRSR46W,LANE CONTROL
BLOOMINGTON PD,BLOOMINGTON,12/3/2020,11:13 PM,2,0,0,0,0,,,,W KIRKWOOD AVE,S GENTRY ST,,150,W,39.1666498,-86.53532909,,Y,URBAN,N,N,N,,DARK (LIGHTED),CLEAR,DRY,,NO JUNCTION INVOLVED,STRAIGHT/GRADE,ASPHALT,OTHER (DRIVER) - EXPLAIN IN NARRATIVE,SAME DIRECTION SIDESWIPE,COLLEGEAVEKIRKWOODAVE,NONE
MONROE SD,BLOOMINGTON,12/4/2020,5:49 AM,1,0,0,0,1,,,,N SR 37 BUSINESS,,,1200,S,,,STATE ROAD,N,URBAN,N,N,N,,DARK (NOT LIGHTED),CLEAR,DRY,,NO JUNCTION INVOLVED,STRAIGHT/LEVEL,ASPHALT,ANIMAL/OBJECT IN ROADWAY,COLLISION WITH DEER,SR37NWBAYLESRD,LANE CONTROL
BLOOMINGTON PD,BLOOMINGTON,12/4/2020,11:18 AM,2,0,1,0,0,,,,S PATTERSON ST,W ALLEN ST,,,,0,0,LOCAL/CITY ROAD,Y,URBAN,N,N,N,,DAYLIGHT,CLOUDY,DRY,,FOUR-WAY INTERSECTION,STRAIGHT/LEVEL,ASPHALT,FAILURE TO YIELD RIGHT OF WAY,REAR END,WALLENSTWPATTERSONDR,TRAFFIC CONTROL SIGNAL
BLOOMINGTON PD,BLOOMINGTON,12/4/2020,11:59 AM,2,0,0,0,0,,,,E COVENANTER DR,S CLARIZZ BLVD,,300,W,,,LOCAL/CITY ROAD,N,URBAN,N,N,Y,WORK ON SHOULDER,DAYLIGHT,CLOUDY,DRY,,NO JUNCTION INVOLVED,STRAIGHT/LEVEL,ASPHALT,FAILURE TO YIELD RIGHT OF WAY,RIGHT ANGLE,CLARIZZBLVDCOVENANTERDR,NONE
INDIANA UNIV BLOOMINGTON PD,BLOOMINGTON,12/4/2020,1:15 PM,2,0,3,0,0,,,,S WOODLAWN AVE,E ATWATER AVE,,,,,,LOCAL/CITY ROAD,N,URBAN,N,N,N,,DAYLIGHT,CLEAR,DRY,,FOUR-WAY INTERSECTION,STRAIGHT/GRADE,ASPHALT,DISREGARD SIGNAL/REG SIGN,RIGHT ANGLE,ATWATERAVEWOODLAWNAVE,TRAFFIC CONTROL SIGNAL
ELLETTSVILLE PD,ELLETTSVILLE,12/4/2020,9:45 PM,1,0,0,0,0,,,,SR 46,,,300,W,39.25321731,-86.65428355,STATE ROAD,N,RURAL,N,N,N,,DARK (NOT LIGHTED),CLEAR,DRY,,T-INTERSECTION,CURVE/LEVEL,ASPHALT,ANIMAL/OBJECT IN ROADWAY,COLLISION WITH ANIMAL OTHER,FLATWOODSRDSR46W,LANE CONTROL
MONROE SD,BLOOMINGTON,12/5/2020,5:21 AM,1,0,0,0,0,,,,N MAPLE GROVE RD,,,5280,N,39.251632,-86.566448,COUNTY ROAD,N,RURAL,N,N,N,,DARK (NOT LIGHTED),CLEAR,DRY,,NO JUNCTION INVOLVED,CURVE/LEVEL,ASPHALT,RAN OFF ROAD RIGHT,RAN OFF ROAD,NMAPLEGROVERDWMAPLEGROVERD,NONE
MONROE SD,BLOOMINGTON,12/5/2020,12:45 PM,2,0,0,0,0,8650,,,W ELWREN RD,,,500,E,39.10824,-86.666192,COUNTY ROAD,N,RURAL,N,N,N,,DAYLIGHT,CLEAR,DRY,,NO JUNCTION INVOLVED,STRAIGHT/GRADE,ASPHALT,OVERCORRECTING/OVERSTEERING,HEAD ON BETWEEN TWO MOTOR VEHICLES,8650WELWRENRDSTANFORDRD,NO PASSING ZONE
ISP BLOOMINGTON 33,BLOOMINGTON,12/5/2020,6:00 PM,1,,0,0,1,,,,SR 37,,,0,S,39.07377423,-86.53615183,STATE ROAD,,RURAL,N,N,N,,DARK (NOT LIGHTED),CLEAR,DRY,,NO JUNCTION INVOLVED,,ASPHALT,ANIMAL/OBJECT IN ROADWAY,COLLISION WITH DEER,StateRd37,
MONROE SD,BLOOMINGTON,12/6/2020,1:58 PM,1,0,0,0,0,,,,W MAPLE GROVE RD,,,2700,E,39.24744,-86.547792,LOCAL/CITY ROAD,Y,RURAL,N,N,N,,DAYLIGHT,CLEAR,DRY,,NO JUNCTION INVOLVED,CURVE/GRADE,ASPHALT,RAN OFF ROAD RIGHT,RAN OFF ROAD,NMAPLEGROVERDWMAPLEGROVERD,NONE
BLOOMINGTON PD,BLOOMINGTON,12/7/2020,12:00 AM,2,0,0,0,0,1612,,,S WILCOX ST,S WILCOX ST,,,,39.1828,-86.544032,UNKNOWN,Y,URBAN,N,N,N,,DARK (LIGHTED),CLEAR,DRY,,NO JUNCTION INVOLVED,STRAIGHT/LEVEL,ASPHALT,UNSAFE LANE MOVEMENT,SAME DIRECTION SIDESWIPE,SWILCOXST,NONE
ISP BLOOMINGTON 33,BLOOMINGTON,12/7/2020,10:28 AM,3,,0,0,0,,118,A,W 3RD ST,I-69 N,,475,E,39.16464918,-86.57202095,STATE ROAD,,URBAN,N,N,N,,DAYLIGHT,CLEAR,DRY,,FOUR-WAY INTERSECTION,,ASPHALT,UNSAFE SPEED,REAR END,SR48atI69-118-RampA,
MONROE SD,ELLETTSVILLE,12/7/2020,6:15 PM,2,0,0,0,0,,,,SR 46,N SMITH PIKE,,250,W,39.21055646,-86.58390563,STATE ROAD,N,URBAN,N,N,N,,DARK (LIGHTED),CLEAR,DRY,,FOUR-WAY INTERSECTION,STRAIGHT/GRADE,ASPHALT,FOLLOWING TOO CLOSELY,REAR END,SMITHPIKESR46W,NONE
BLOOMINGTON PD,BLOOMINGTON,12/8/2020,7:55 AM,1,0,0,0,1,,,,SR 46,,,500,W,39.18703572,-86.54856069,STATE ROAD,N,URBAN,N,N,N,,DAWN/DUSK,CLOUDY,DRY,,NO JUNCTION INVOLVED,STRAIGHT/LEVEL,ASPHALT,ANIMAL/OBJECT IN ROADWAY,COLLISION WITH DEER,MONROESTSR46E,LANE CONTROL
BLOOMINGTON PD,BLOOMINGTON,12/8/2020,9:15 AM,2,0,0,0,0,,,,N COLLEGE AVE,W 8TH ST,,150,N,,,LOCAL/CITY ROAD,N,URBAN,N,N,N,,DAYLIGHT,CLEAR,DRY,,NO JUNCTION INVOLVED,STRAIGHT/GRADE,ASPHALT,DRIVER ASLEEP OR FATIGUED,REAR END,8THSTCOLLEGEAVE,NONE
ISP JASPER 34,BLOOMINGTON,12/8/2020,2:15 PM,1,,0,0,0,,,,I-69 N,,,0,S,39.27512981,-86.52320453,INTERSTATE,,RURAL,N,Y,N,,DAYLIGHT,CLOUDY,DRY,,NO JUNCTION INVOLVED,,ASPHALT,OTHER (DRIVER) - EXPLAIN IN NARRATIVE,RAN OFF ROAD,I-69126.55,
ISP BLOOMINGTON 33,BLOOMINGTON,12/8/2020,7:06 PM,1,,0,0,1,,,,I-69 N,,,0,S,39.08817804,-86.57040884,,,RURAL,N,N,N,,DARK (NOT LIGHTED),CLEAR,DRY,,NO JUNCTION INVOLVED,,ASPHALT,ANIMAL/OBJECT IN ROADWAY,COLLISION WITH DEER,I-69112.5,
BLOOMINGTON PD,BLOOMINGTON,12/8/2020,7:42 PM,2,0,1,0,0,,,,W TAPP RD,S WEIMER RD,,,,,,LOCAL/CITY ROAD,N,URBAN,N,N,N,,DARK (NOT LIGHTED),CLEAR,DRY,,T-INTERSECTION,STRAIGHT/GRADE,ASPHALT,FAILURE TO YIELD RIGHT OF WAY,LEFT TURN,SWEIMERRDWTAPPRD,STOP SIGN
ISP BLOOMINGTON 33,BLOOMINGTON,12/9/2020,10:25 AM,2,,0,0,0,1441,,,S LIBERTY DR,ENTRANCE TO ANDY MOHR HONDA,,0,S,39.15573559,-86.57524771,LOCAL/CITY ROAD,,RURAL,N,N,N,,DAYLIGHT,CLEAR,DRY,,NO JUNCTION INVOLVED,,ASPHALT,UNSAFE BACKING,BACKING CRASH,SLibertyDr,
BLOOMINGTON PD,BLOOMINGTON,12/9/2020,11:49 AM,1,0,1,0,0,,,,N COLLEGE AVE,W 7TH ST,,,,39.168656,-86.534784,LOCAL/CITY ROAD,N,URBAN,N,N,N,,DAYLIGHT,CLEAR,DRY,,NO JUNCTION INVOLVED,STRAIGHT/LEVEL,ASPHALT,FAILURE TO YIELD RIGHT OF WAY,LEFT/RIGHT TURN,7THSTNCOLLEGEAVE,TRAFFIC CONTROL SIGNAL
ISP BLOOMINGTON 33,BLOOMINGTON,12/9/2020,4:00 PM,2,,0,0,0,,,,S LEONARD SPRINGS RD,SR 45,,50,S,39.14172417,-86.58259696,LOCAL/CITY ROAD,,URBAN,N,N,N,,DAYLIGHT,CLEAR,DRY,,FOUR-WAY INTERSECTION,,ASPHALT,DRIVER DISTRACTED - EXPLAIN IN NARRATIVE,REAR END,StateRd45SLeonardSpringsRd,
BLOOMINGTON PD,BLOOMINGTON,12/9/2020,5:07 PM,2,0,2,0,0,,,,S SARE RD,E DAVID DR,,,,,,LOCAL/CITY ROAD,N,URBAN,N,N,N,,DAYLIGHT,CLEAR,DRY,,NO JUNCTION INVOLVED,STRAIGHT/HILLCREST,CONCRETE,DRIVER DISTRACTED - EXPLAIN IN NARRATIVE,REAR END,DAVISDRSSARERD,NONE
ISP INDIANAPOLIS 52,BLOOMINGTON,12/9/2020,6:17 PM,1,,0,0,0,,,,SR 37,S WALNUT ST,,211,S,39.08501036,-86.54247513,STATE ROAD,,RURAL,N,N,N,,DARK (NOT LIGHTED),CLEAR,DRY,,NO JUNCTION INVOLVED,,ASPHALT,TIRE FAILURE OR DEFECTIVE,NON-COLLISION,SR37SBSOldStateRoad37,
ISP BLOOMINGTON 33,BLOOMINGTON,12/9/2020,6:30 PM,2,,0,0,0,,,,N KINSER PIKE,SR 45/46,,0,S,39.186436,-86.537727,STATE ROAD,,URBAN,N,N,N,,DARK (LIGHTED),CLEAR,DRY,,FOUR-WAY INTERSECTION,,ASPHALT,FAILURE TO YIELD RIGHT OF WAY,SAME DIRECTION SIDESWIPE,StateRd46NKinserPike,
ISP BLOOMINGTON 33,BLOOMINGTON,12/10/2020,9:10 AM,1,,1,0,0,,,,I-69 S,,,0,S,39.27732779,-86.52366347,INTERSTATE,,RURAL,N,N,N,,DAYLIGHT,CLEAR,DRY,,NO JUNCTION INVOLVED,,ASPHALT,FOLLOWING TOO CLOSELY,REAR END,I-69127,
INDIANA UNIV BLOOMINGTON PD,BLOOMINGTON,12/10/2020,11:33 AM,1,0,1,0,0,,,,S WOODLAWN AVE,E ATWATER AVE,,,,,,LOCAL/CITY ROAD,N,URBAN,N,N,N,,DAYLIGHT,CLEAR,DRY,,FOUR-WAY INTERSECTION,STRAIGHT/LEVEL,ASPHALT,FAILURE TO YIELD RIGHT OF WAY,LEFT TURN,ATWATERAVEWOODLAWNAVE,TRAFFIC CONTROL SIGNAL
ISP BLOOMINGTON 33,BLOOMINGTON,12/10/2020,11:45 AM,2,,0,0,0,,,,SR 46,N BRUMMETTS CREEK RD,,0,S,39.151657,-86.389756,STATE ROAD,,RURAL,N,N,Y,LANE CLOSURE,DAYLIGHT,CLEAR,DRY,,T-INTERSECTION,,ASPHALT,FOLLOWING TOO CLOSELY,REAR END,StateRd46NBrummettsCreekRd,