Agency,City,Collision Date,Collision Time,Vehicles Involved,Trailers Involved,Number Injured,Number Dead,Number Deer,House Number,Roadway Interchange,Roadway Ramp,Roadway Id,Intersecting Road,Interchange,Feet From,Direction,Latitude,Longitude,Roadway Class,Hit and Run?,Locality,School Zone?,Rumble Strips?,Construction?,Construction Type,Light Condition,Weather Conditions,Surface Condition,Type of Median,Roadway Junction Type,Road Character,Roadway Surface,Primary Factor,Manner of Collision,Unique Location Id,Traffic Control
ELLETTSVILLE PD,ELLETTSVILLE,12/10/2020,3:21 PM,2,0,0,0,0,,,,SR 46,N CENTENNIAL DR,,200,W,39.21047397,-86.5837645,STATE ROAD,N,URBAN,N,N,N,,DAYLIGHT,CLEAR,DRY,,NO JUNCTION INVOLVED,STRAIGHT/LEVEL,ASPHALT,FAILURE TO YIELD RIGHT OF WAY,SAME DIRECTION SIDESWIPE,NORTHSMITHPIKESR46W,LANE CONTROL
BLOOMINGTON PD,BLOOMINGTON,12/10/2020,3:40 PM,2,0,0,0,0,,,,S CURRY PIKE,SR 48,,100,S,39.15407554,-86.582939,LOCAL/CITY ROAD,N,URBAN,N,N,N,,DAYLIGHT,CLEAR,DRY,,FOUR-WAY INTERSECTION,STRAIGHT/LEVEL,ASPHALT,UNSAFE LANE MOVEMENT,SAME DIRECTION SIDESWIPE,SCURRYPIKEW3RDST,NONE
BLOOMINGTON PD,BLOOMINGTON,12/10/2020,4:20 PM,2,0,0,0,0,,I69,N,SR 45/46,I-69 N,,,,,,STATE ROAD,N,URBAN,N,N,N,,DAYLIGHT,CLEAR,DRY,,INTERCHANGE,STRAIGHT/LEVEL,CONCRETE,FAILURE TO YIELD RIGHT OF WAY,LEFT TURN,SR46W,NONE
BLOOMINGTON PD,BLOOMINGTON,12/10/2020,8:07 PM,3,0,0,0,0,,,,W 3RD ST,S JOHNSON AVE,,,,39.16464,-86.564992,LOCAL/CITY ROAD,N,URBAN,N,N,N,,DARK (LIGHTED),CLEAR,DRY,,NO JUNCTION INVOLVED,STRAIGHT/LEVEL,CONCRETE,DRIVER DISTRACTED - EXPLAIN IN NARRATIVE,REAR END,SJOHNSONAVEW3RDST,NONE
INDIANA UNIV BLOOMINGTON PD,BLOOMINGTON,12/10/2020,8:28 PM,2,0,0,0,0,,,,SR 45/46,E 17TH ST,,,,39.1798375,-86.5071788,STATE ROAD,N,URBAN,N,N,N,,DARK (LIGHTED),CLEAR,DRY,,NO JUNCTION INVOLVED,CURVE/LEVEL,ASPHALT,UNSAFE LANE MOVEMENT,SAME DIRECTION SIDESWIPE,EAST17THSTSR46,NONE
BLOOMINGTON PD,BLOOMINGTON,12/10/2020,8:45 PM,1,0,0,0,0,3811,,,S LAURA WAY,,,,,39.127171,-86.51738,LOCAL/CITY ROAD,Y,URBAN,N,N,N,,DARK (LIGHTED),CLEAR,DRY,,NO JUNCTION INVOLVED,CURVE/LEVEL,ASPHALT,RAN OFF ROAD RIGHT,RAN OFF ROAD,SLAURAWAY,NONE
MONROE SD,ELLETTSVILLE,12/11/2020,11:11 AM,1,0,0,0,0,,,,N SMITH PIKE,SR 46,,,,39.210144,-86.5832,LOCAL/CITY ROAD,Y,URBAN,N,N,N,,DAYLIGHT,CLEAR,DRY,,T-INTERSECTION,STRAIGHT/LEVEL,ASPHALT,OTHER (DRIVER) - EXPLAIN IN NARRATIVE,OTHER - EXPLAIN IN NARRATIVE,NSMITHPIKEWSTATE46RD,TRAFFIC CONTROL SIGNAL
BLOOMINGTON PD,BLOOMINGTON,12/11/2020,11:19 AM,2,0,1,0,0,,,,E 3RD ST,S COLLEGE MALL RD,,,,39.16424,-86.4984,LOCAL/CITY ROAD,N,URBAN,N,N,N,,DAYLIGHT,CLEAR,DRY,,FOUR-WAY INTERSECTION,STRAIGHT/GRADE,ASPHALT,FAILURE TO YIELD RIGHT OF WAY,RIGHT ANGLE,3RDSTCOLLEGEMALLRD,TRAFFIC CONTROL SIGNAL
BLOOMINGTON PD,BLOOMINGTON,12/11/2020,12:05 PM,2,0,2,0,0,,,,E 4TH ST,S WASHINGTON ST,,,,39.165648,-86.5324,LOCAL/CITY ROAD,N,URBAN,N,N,N,,DAYLIGHT,CLEAR,DRY,,NO JUNCTION INVOLVED,STRAIGHT/LEVEL,ASPHALT,DISREGARD SIGNAL/REG SIGN,RIGHT ANGLE,4THSTWASHINGTONST,STOP SIGN
INDIANA UNIV BLOOMINGTON PD,BLOOMINGTON,12/11/2020,12:35 PM,1,0,0,0,0,,,,E 7TH ST,N JORDAN AVE,,100,W,39.168853,-86.51613434,LOCAL/CITY ROAD,N,URBAN,N,N,Y,LANE CLOSURE,DAYLIGHT,CLEAR,DRY,,NO JUNCTION INVOLVED,STRAIGHT/LEVEL,CONCRETE,OTHER (DRIVER) - EXPLAIN IN NARRATIVE,OTHER - EXPLAIN IN NARRATIVE,E7THSTJORDANAVE,OTHER
BLOOMINGTON PD,BLOOMINGTON,12/11/2020,1:35 PM,2,0,0,0,0,,,,E 11TH ST,N GRANT ST,,,,39.17344,-86.529696,LOCAL/CITY ROAD,Y,URBAN,N,N,N,,UNKNOWN,CLEAR,DRY,,FOUR-WAY INTERSECTION,STRAIGHT/LEVEL,ASPHALT,UNSAFE LANE MOVEMENT,SAME DIRECTION SIDESWIPE,E11THSTNGRANTST,NONE
BLOOMINGTON PD,BLOOMINGTON,12/11/2020,3:45 PM,2,0,0,0,0,,,,E 2ND ST,S GRANT ST,,,,39.16144,-86.52976,LOCAL/CITY ROAD,N,URBAN,N,N,N,,DAYLIGHT,CLEAR,DRY,,FOUR-WAY INTERSECTION,STRAIGHT/HILLCREST,CONCRETE,FAILURE TO YIELD RIGHT OF WAY,RIGHT ANGLE,EAST2NDSTSOUTHGRANTST,STOP SIGN
ELLETTSVILLE PD,ELLETTSVILLE,12/11/2020,6:06 PM,2,0,0,0,0,,,,SR 46,N FORREST PARK DR,,,,39.212048,-86.5872,STATE ROAD,N,URBAN,N,N,N,,DARK (NOT LIGHTED),CLEAR,DRY,,NO JUNCTION INVOLVED,STRAIGHT/LEVEL,ASPHALT,FAILURE TO YIELD RIGHT OF WAY,RIGHT ANGLE,NORTHFORESTPARKDRSR46W,NONE
MONROE SD,BLOOMINGTON,12/11/2020,10:15 PM,1,0,0,0,0,,,,N BOTTOM RD,,,1250,S,39.27906378,-86.55565424,LOCAL/CITY ROAD,N,RURAL,N,N,N,,DARK (NOT LIGHTED),RAIN,WET,,NO JUNCTION INVOLVED,STRAIGHT/LEVEL,ASPHALT,DRIVER DISTRACTED - EXPLAIN IN NARRATIVE,RAN OFF ROAD,BOTTOMRDDENNYRD,NONE
BLOOMINGTON PD,BLOOMINGTON,12/12/2020,12:43 AM,1,0,0,0,0,,,,S BASSWOOD,,,250,S,39.12339107,-86.5689428,LOCAL/CITY ROAD,N,URBAN,N,N,N,,DARK (LIGHTED),RAIN,WET,,NO JUNCTION INVOLVED,CURVE/LEVEL,ASPHALT,RAN OFF ROAD RIGHT,RAN OFF ROAD,SBASSWOODDRWBLOOMFIELDRD,NONE
BLOOMINGTON PD,BLOOMINGTON,12/12/2020,1:45 PM,2,0,3,0,0,,,,SR 48,S LIBERTY DR,,,,39.164606,-86.579131,LOCAL/CITY ROAD,N,URBAN,N,N,N,,DAYLIGHT,CLEAR,DRY,,FOUR-WAY INTERSECTION,STRAIGHT/LEVEL,CONCRETE,FAILURE TO YIELD RIGHT OF WAY,LEFT TURN,SOUTHLIBERTYDRWEST3RDST,TRAFFIC CONTROL SIGNAL
BLOOMINGTON PD,BLOOMINGTON,12/12/2020,2:53 PM,2,0,0,0,0,,,,E 7TH ST,N ROOSEVELT ST,,,,39.168208,-86.505936,LOCAL/CITY ROAD,N,URBAN,N,N,N,,DAYLIGHT,CLOUDY,DRY,,NO JUNCTION INVOLVED,STRAIGHT/LEVEL,ASPHALT,FAILURE TO YIELD RIGHT OF WAY,OTHER - EXPLAIN IN NARRATIVE,E7THSTNROOSEVELTST,STOP SIGN
ELLETTSVILLE PD,ELLETTSVILLE,12/12/2020,4:03 PM,2,0,1,0,0,,,,SR 46,S 1ST ST,,50,E,0,0,STATE ROAD,N,URBAN,N,N,N,,DAYLIGHT,CLOUDY,DRY,,NO JUNCTION INVOLVED,STRAIGHT/LEVEL,ASPHALT,FOLLOWING TOO CLOSELY,REAR END,FIRSTSTSR46E,LANE CONTROL
BLOOMINGTON PD,BLOOMINGTON,12/12/2020,11:20 PM,2,0,0,0,0,703,,,E COLONIAL CREST RD,,,,,39.183521,-86.541226,,Y,URBAN,N,N,N,,DARK (LIGHTED),CLEAR,WET,,NO JUNCTION INVOLVED,STRAIGHT/LEVEL,CONCRETE,DRIVER DISTRACTED - EXPLAIN IN NARRATIVE,SAME DIRECTION SIDESWIPE,WGOURLEYPIKE,NONE
MONROE SD,BLOOMINGTON,12/13/2020,11:29 AM,1,0,0,0,0,,,,N SHUFFLE CREEK RD,,,1000,N,39.33582574,-86.416167,COUNTY ROAD,N,RURAL,N,N,N,,DAYLIGHT,CLOUDY,WET,,T-INTERSECTION,CURVE/LEVEL,ASPHALT,RAN OFF ROAD RIGHT,RAN OFF ROAD,EASTSTRD45RDNSHUFFLECREEKRD,NONE
BLOOMINGTON PD,BLOOMINGTON,12/13/2020,12:22 PM,1,0,1,0,0,,,,S LINCOLN ST,E 3RD ST,,,,39.16464,-86.531024,LOCAL/CITY ROAD,N,URBAN,N,N,N,,DAYLIGHT,CLOUDY,DRY,,FOUR-WAY INTERSECTION,STRAIGHT/LEVEL,ASPHALT,BRAKE FAILURE OR DEFECTIVE,OTHER - EXPLAIN IN NARRATIVE,E3RDSTSLINCOLNST,TRAFFIC CONTROL SIGNAL
ISP BLOOMINGTON 33,BLOOMINGTON,12/13/2020,2:19 PM,1,,0,0,0,,,,SR 48,,,0,S,39.16843352,-86.67055774,STATE ROAD,,RURAL,N,N,N,,DAYLIGHT,CLOUDY,WET,,NO JUNCTION INVOLVED,,ASPHALT,,RAN OFF ROAD,StateRoad481500feetwestofVernalPike,
BLOOMINGTON PD,BLOOMINGTON,12/13/2020,3:10 PM,1,0,0,0,0,,Y,,I-69 N,W BLOOMFIELD RD,,,,0,0,INTERSTATE,N,URBAN,N,N,N,,DAYLIGHT,CLOUDY,WET,,NO JUNCTION INVOLVED,STRAIGHT/GRADE,ASPHALT,RAN OFF ROAD RIGHT,RAN OFF ROAD,I69N,NONE
BLOOMINGTON PD,BLOOMINGTON,12/13/2020,6:10 PM,2,0,0,0,0,,,,SR 45/46,N WALNUT ST,,300,E,39.186368,-86.5344,STATE ROAD,N,URBAN,N,N,N,,DARK (NOT LIGHTED),CLOUDY,WET,,NO JUNCTION INVOLVED,STRAIGHT/LEVEL,ASPHALT,FOLLOWING TOO CLOSELY,REAR END,NWALNUTSTSR4546W,NONE
BLOOMINGTON PD,BLOOMINGTON,12/13/2020,8:37 PM,4,0,1,0,0,,,,S LINCOLN ST,E DIXIE ST,,100,N,39.16705625,-86.531304,LOCAL/CITY ROAD,N,URBAN,N,N,N,,DARK (LIGHTED),CLOUDY,WET,,NO JUNCTION INVOLVED,STRAIGHT/LEVEL,ASPHALT,WRONG WAY ON ONE WAY,HEAD ON BETWEEN TWO MOTOR VEHICLES,EDIXIESTSLINCOLNST,NONE
BLOOMINGTON PD,BLOOMINGTON,12/14/2020,2:20 PM,2,0,0,0,0,,,,E 3RD ST,S WOODSCREST DR,,200,E,39.164239,-86.5024543,LOCAL/CITY ROAD,N,URBAN,N,N,N,,DAYLIGHT,CLEAR,DRY,,NO JUNCTION INVOLVED,STRAIGHT/LEVEL,ASPHALT,FOLLOWING TOO CLOSELY,REAR END,EST3RDSTSOUTHWOODSCRESTRD,NONE
INDIANA UNIV BLOOMINGTON PD,BLOOMINGTON,12/15/2020,8:08 AM,2,0,0,0,0,,,,N WALNUT GROVE ST,E 17TH ST,,,,39.179039,-86.521096,LOCAL/CITY ROAD,N,URBAN,N,N,N,,DAYLIGHT,CLEAR,DRY,,T-INTERSECTION,STRAIGHT/LEVEL,ASPHALT,IMPROPER PASSING,OTHER - EXPLAIN IN NARRATIVE,EAST17THSTWALNUTGROVEST,NONE
BLOOMINGTON PD,BLOOMINGTON,12/15/2020,9:00 AM,2,0,0,0,0,,,,E 5TH ST,N JEFFERSON ST,,,,39.166848,-86.506992,LOCAL/CITY ROAD,N,URBAN,N,N,N,,DAYLIGHT,CLEAR,DRY,,FOUR-WAY INTERSECTION,STRAIGHT/GRADE,ASPHALT,FAILURE TO YIELD RIGHT OF WAY,RIGHT ANGLE,5THSTJEFFERSONST,STOP SIGN
ISP BLOOMINGTON 33,BLOOMINGTON,12/15/2020,9:10 AM,1,,0,0,0,,106,C,I-69 S,N SR 37 BUSINESS,,1003,W,39.23569443,-86.54135515,INTERSTATE,,RURAL,N,N,N,,DAYLIGHT,CLOUDY,WET,,RAMP,,ASPHALT,UNSAFE SPEED,RAN OFF ROAD,SR37NWalnutSt,
BLOOMINGTON PD,BLOOMINGTON,12/15/2020,11:37 AM,2,0,0,0,0,,,,S WALNUT ST,W COUNTRY CLUB DR,,,,39.136144,-86.528688,LOCAL/CITY ROAD,N,URBAN,N,N,N,,DAYLIGHT,CLEAR,DRY,,FOUR-WAY INTERSECTION,STRAIGHT/LEVEL,ASPHALT,OTHER TELEMATICS IN USE,REAR END,EWINSLOWRDSWALNUTST,TRAFFIC CONTROL SIGNAL
INDIANA UNIV BLOOMINGTON PD,BLOOMINGTON,12/15/2020,1:28 PM,2,0,0,0,0,,,,N INDIANA AVE,E COTTAGE GROVE AVE,,100,N,39.18331664,-86.5440625,LOCAL/CITY ROAD,N,URBAN,N,N,N,,DAYLIGHT,CLEAR,DRY,,NO JUNCTION INVOLVED,STRAIGHT/GRADE,ASPHALT,FOLLOWING TOO CLOSELY,RIGHT ANGLE,COTTAGEGROVEAVEINDIANAAVE,NONE
ELLETTSVILLE PD,ELLETTSVILLE,12/15/2020,4:35 PM,1,0,0,0,0,,,,SR 46,W CHARLESTOWNE WAY,,,,0,0,STATE ROAD,Y,URBAN,N,N,N,,DAYLIGHT,CLEAR,DRY,,NO JUNCTION INVOLVED,STRAIGHT/LEVEL,ASPHALT,OTHER (DRIVER) - EXPLAIN IN NARRATIVE,OTHER - EXPLAIN IN NARRATIVE,SR46ETRIPLECROWNCT,NONE
ISP BLOOMINGTON 33,BLOOMINGTON,12/16/2020,5:50 AM,1,,0,0,0,,,,SR 46,N TRAILWAY DR,,528,E,39.16425005,-86.42780115,STATE ROAD,,RURAL,N,N,N,,DARK (NOT LIGHTED),SNOW,SNOW/SLUSH,,NO JUNCTION INVOLVED,,ASPHALT,SPEED TOO FAST FOR WEATHER CONDITIONS,RAN OFF ROAD,StateRd46NTrailwayDr,
ELLETTSVILLE PD,ELLETTSVILLE,12/16/2020,8:05 AM,2,0,0,0,0,,,,SR 46,ENTRANCE TO KEHE DISTRIBUTORS,,1584,E,39.24936329,-86.65000368,STATE ROAD,N,URBAN,N,N,N,,DAWN/DUSK,SNOW,WET,,NO JUNCTION INVOLVED,CURVE/LEVEL,ASPHALT,FAILURE TO YIELD RIGHT OF WAY,RIGHT ANGLE,FLATWOODSRDSR46W,LANE CONTROL
ISP BLOOMINGTON 33,BLOOMINGTON,12/16/2020,8:50 AM,1,,0,0,0,,,,I-69 N,,,1003,W,39.15744868,-86.57302432,INTERSTATE,,URBAN,N,N,N,,DAYLIGHT,CLOUDY,WET,,NO JUNCTION INVOLVED,,ASPHALT,,RAN OFF ROAD,SCopperBeechWayI-69,
MONROE SD,BLOOMINGTON,12/16/2020,12:04 PM,1,0,0,0,0,,,,SR 45,E MARTIN DR,,500,S,39.20369283,-86.46408214,STATE ROAD,N,RURAL,N,N,N,,DAYLIGHT,CLOUDY,SNOW/SLUSH,,T-INTERSECTION,CURVE/GRADE,ASPHALT,RAN OFF ROAD RIGHT,RAN OFF ROAD,MARTINDRSR45E,NONE
ELLETTSVILLE PD,ELLETTSVILLE,12/16/2020,1:33 PM,2,0,0,0,0,,,,SR 46,N HARTSTRAIT RD,,,,39.227624,-86.615919,STATE ROAD,N,URBAN,N,N,N,,DAYLIGHT,SNOW,WET,,FOUR-WAY INTERSECTION,STRAIGHT/LEVEL,ASPHALT,FAILURE TO YIELD RIGHT OF WAY,LEFT TURN,HARTSTRAITRDSR46W,TRAFFIC CONTROL SIGNAL
BLOOMINGTON PD,BLOOMINGTON,12/16/2020,5:53 PM,2,0,1,0,0,,,,W ALLEN ST,S ADAMS ST,,,,39.155952,-86.550592,LOCAL/CITY ROAD,N,URBAN,N,N,N,,DARK (NOT LIGHTED),CLOUDY,WET,,FOUR-WAY INTERSECTION,STRAIGHT/GRADE,ASPHALT,FAILURE TO YIELD RIGHT OF WAY,RIGHT ANGLE,SADAMSSTWALLENST,STOP SIGN
ELLETTSVILLE PD,ELLETTSVILLE,12/16/2020,6:05 PM,1,0,0,0,0,,,,SR 46,N UNION VALLEY RD,,,,,,STATE ROAD,N,URBAN,N,N,N,,DARK (LIGHTED),SNOW,WET,,FOUR-WAY INTERSECTION,CURVE/LEVEL,ASPHALT,OTHER (DRIVER) - EXPLAIN IN NARRATIVE,RAN OFF ROAD,SR46WUNIONVALLEYRD,TRAFFIC CONTROL SIGNAL
MONROE SD,BLOOMINGTON,12/16/2020,6:45 PM,1,0,0,0,0,,,,SR 45,E MARTIN DR,,,,39.205254,-86.463294,STATE ROAD,N,RURAL,N,N,N,,DARK (NOT LIGHTED),SNOW,WET,,NO JUNCTION INVOLVED,CURVE/GRADE,ASPHALT,SPEED TOO FAST FOR WEATHER CONDITIONS,RAN OFF ROAD,RATLIFFRDSR45E,NONE
BLOOMINGTON PD,BLOOMINGTON,12/17/2020,6:55 AM,1,0,0,0,0,,,,I-69 N,W BLOOMFIELD RD,,500,N,0,0,INTERSTATE,N,URBAN,N,N,N,,DARK (LIGHTED),CLOUDY,WET,,NO JUNCTION INVOLVED,STRAIGHT/LEVEL,ASPHALT,RAN OFF ROAD RIGHT,RAN OFF ROAD,I69NWBLOOMFIELDRD,LANE CONTROL
STINESVILLE PD,STINESVILLE,12/17/2020,12:22 PM,2,0,0,0,0,,,,N MT TABOR RD,W WALKER LN,,,,39.29584,-86.626304,LOCAL/CITY ROAD,N,RURAL,N,N,N,,DAYLIGHT,CLOUDY,DRY,,NO JUNCTION INVOLVED,STRAIGHT/GRADE,ASPHALT,DISREGARD SIGNAL/REG SIGN,RIGHT ANGLE,NORTHMTTABORRDWESTWALKERLN,NONE
ISP BLOOMINGTON 33,BLOOMINGTON,12/17/2020,1:00 PM,1,,1,0,0,,,,S FAIRFAX RD,,,0,S,39.07702598,-86.50997857,LOCAL/CITY ROAD,,RURAL,N,N,N,,DAYLIGHT,CLOUDY,DRY,,NO JUNCTION INVOLVED,,ASPHALT,,RAN OFF ROAD,SFairfaxRd640feetnorthofMcCormickLane,
BLOOMINGTON PD,BLOOMINGTON,12/18/2020,10:36 AM,2,0,0,0,0,,,,SR 48,S CURRY PIKE,,,,39.1830717,-86.58256,LOCAL/CITY ROAD,N,URBAN,N,N,N,,DAYLIGHT,CLEAR,DRY,,FOUR-WAY INTERSECTION,STRAIGHT/LEVEL,ASPHALT,FAILURE TO YIELD RIGHT OF WAY,RIGHT ANGLE,4000W3RDSTSCURRYPIKE,LANE CONTROL
ISP BLOOMINGTON 33,BLOOMINGTON,12/18/2020,12:43 PM,3,,0,0,0,,,,SR 45/46,E 17TH ST,,0,S,39.179774,-86.507252,STATE ROAD,,URBAN,N,N,N,,DAYLIGHT,CLEAR,DRY,,T-INTERSECTION,,ASPHALT,FOLLOWING TOO CLOSELY,REAR END,StateRd45E17thSt,
BLOOMINGTON PD,BLOOMINGTON,12/18/2020,4:00 PM,2,0,0,0,0,,,,S CURRY PIKE,W FARMER DR,,,,39.150555,-86.582621,LOCAL/CITY ROAD,Y,URBAN,N,N,N,,DAYLIGHT,CLEAR,DRY,,FOUR-WAY INTERSECTION,STRAIGHT/LEVEL,CONCRETE,FAILURE TO YIELD RIGHT OF WAY,LEFT TURN,SOUTHCURRYPIKEWESTFARMERAVE,STOP SIGN
ISP BLOOMINGTON 33,ELLETTSVILLE,12/18/2020,5:40 PM,2,,3,0,0,,,,SR 46,N COUNTY LINE RD E,,0,S,39.28149019,-86.68476818,STATE ROAD,,RURAL,N,N,N,,DARK (NOT LIGHTED),CLEAR,DRY,,FOUR-WAY INTERSECTION,,ASPHALT,FAILURE TO YIELD RIGHT OF WAY,LEFT TURN,StateRd46,
BLOOMINGTON PD,BLOOMINGTON,12/18/2020,6:45 PM,3,0,0,0,0,,,,E HILLSIDE DR,S DORCHESTER DR,,,,39.150544,-86.512592,LOCAL/CITY ROAD,Y,URBAN,N,N,N,,DARK (LIGHTED),CLEAR,DRY,,FOUR-WAY INTERSECTION,STRAIGHT/LEVEL,ASPHALT,FOLLOWING TOO CLOSELY,REAR END,EASTHILLSIDEDRSOUTHDORCHESTERDR,NONE
BLOOMINGTON PD,BLOOMINGTON,12/18/2020,11:15 PM,2,0,0,0,0,,,,N WALNUT ST,E 6TH ST,,,,39.167648,-86.533584,LOCAL/CITY ROAD,Y,URBAN,N,N,N,,DARK (LIGHTED),CLEAR,DRY,,NO JUNCTION INVOLVED,STRAIGHT/LEVEL,ASPHALT,UNSAFE BACKING,BACKING CRASH,E6THSTNWALNUTST,NONE
ELLETTSVILLE PD,ELLETTSVILLE,12/19/2020,11:09 AM,2,0,0,0,0,,,,N UNION VALLEY RD,SR 46,,,,39.215152,-86.5928,COUNTY ROAD,N,URBAN,N,N,N,,DAYLIGHT,CLOUDY,DRY,,NO JUNCTION INVOLVED,STRAIGHT/LEVEL,ASPHALT,FAILURE TO YIELD RIGHT OF WAY,RIGHT ANGLE,SR46WUNIONVALLEYRD,LANE CONTROL
MONROE SD,BLOOMINGTON,12/19/2020,11:21 AM,2,0,0,0,0,3290,,,S DUNCAN RD,,,1000,S,39.13504,-86.596192,LOCAL/CITY ROAD,N,RURAL,N,N,N,,DAYLIGHT,CLEAR,DRY,,NO JUNCTION INVOLVED,STRAIGHT/LEVEL,ASPHALT,UNSAFE BACKING,BACKING CRASH,SDUNCANRDSR45W,NONE
MONROE SD,BLOOMINGTON,12/19/2020,1:25 PM,2,0,0,0,0,,,,S HARMONY RD,,,1000,S,38.96273581,-86.6261236,LOCAL/CITY ROAD,N,RURAL,N,N,N,,DAYLIGHT,RAIN,WET,,NO JUNCTION INVOLVED,STRAIGHT/LEVEL,ASPHALT,FAILURE TO YIELD RIGHT OF WAY,RIGHT ANGLE,SHARMONYRDSMTZIONRD,NONE
BLOOMINGTON PD,BLOOMINGTON,12/19/2020,4:15 PM,2,0,1,0,0,,,,W 2ND ST,S ROGERS ST,,,,39.16152,-86.538592,LOCAL/CITY ROAD,N,URBAN,N,N,N,,DAYLIGHT,RAIN,WET,,FOUR-WAY INTERSECTION,STRAIGHT/GRADE,ASPHALT,FOLLOWING TOO CLOSELY,REAR END,SROGERSSTW2NDST,TRAFFIC CONTROL SIGNAL
BLOOMINGTON PD,BLOOMINGTON,12/19/2020,5:17 PM,2,0,0,0,0,,,,SR 45/46,N KINSER PIKE,,,,39.22104409,-86.54856283,LOCAL/CITY ROAD,N,URBAN,N,N,N,,DARK (LIGHTED),CLOUDY,WET,,FOUR-WAY INTERSECTION,STRAIGHT/LEVEL,CONCRETE,FOLLOWING TOO CLOSELY,REAR END,NKINSERPIKEW4546BYP,TRAFFIC CONTROL SIGNAL
BLOOMINGTON PD,BLOOMINGTON,12/19/2020,7:08 PM,2,0,0,0,0,,,,N MADISON ST,W 17TH ST,,,,39.178992,-86.537792,LOCAL/CITY ROAD,N,URBAN,N,N,N,,DARK (LIGHTED),RAIN,WET,,FOUR-WAY INTERSECTION,STRAIGHT/LEVEL,CONCRETE,FAILURE TO YIELD RIGHT OF WAY,LEFT TURN,NMADISONSTW17THST,TRAFFIC CONTROL SIGNAL
MONROE SD,BLOOMINGTON,12/20/2020,3:15 AM,2,0,3,0,0,,,,SR 37,S WALNUT ST,,,,39.085632,-86.542304,STATE ROAD,N,RURAL,N,Y,N,,DARK (NOT LIGHTED),CLEAR,WET,,FIVE POINT OR MORE,STRAIGHT/LEVEL,ASPHALT,OTHER (DRIVER) - EXPLAIN IN NARRATIVE,RIGHT ANGLE,OLDSR37RDSR37N,TRAFFIC CONTROL SIGNAL
MONROE SD,BLOOMINGTON,12/20/2020,11:56 AM,2,0,0,0,0,,,,N CURRY PIKE,W PROFILE PKWY,,,,39.171961,-86.582982,LOCAL/CITY ROAD,N,URBAN,N,N,N,,DAYLIGHT,CLEAR,DRY,,T-INTERSECTION,STRAIGHT/LEVEL,ASPHALT,FOLLOWING TOO CLOSELY,REAR END,NCURRYPIKEWPROFILEPKWY,TRAFFIC CONTROL SIGNAL
MONROE SD,BLOOMINGTON,12/20/2020,2:26 PM,2,0,0,0,0,,,,S CURRY PIKE,W BROADWAY AVE,,,,39.16584,-86.582992,LOCAL/CITY ROAD,N,URBAN,N,N,N,,DAYLIGHT,CLEAR,DRY,,FOUR-WAY INTERSECTION,STRAIGHT/LEVEL,ASPHALT,FAILURE TO YIELD RIGHT OF WAY,RIGHT ANGLE,SCURRYPIKEWBROADWAYAVE,LANE CONTROL
BLOOMINGTON PD,BLOOMINGTON,12/20/2020,4:30 PM,2,0,0,0,0,3800,,,E MCCRACKEN WAY,,,,,39.1675405,-86.4825222,UNKNOWN,Y,URBAN,N,N,N,,UNKNOWN,CLOUDY,DRY,,NO JUNCTION INVOLVED,STRAIGHT/GRADE,ASPHALT,IMPROPER TURNING,LEFT TURN,MCCRACKENWAY,NONE
BLOOMINGTON PD,BLOOMINGTON,12/20/2020,9:40 PM,2,0,1,0,0,,,,E 3RD ST,S WOODSCREST DR,,300,W,39.164239,-86.50241104,LOCAL/CITY ROAD,N,URBAN,N,N,N,,DARK (LIGHTED),CLEAR,DRY,,NO JUNCTION INVOLVED,STRAIGHT/LEVEL,ASPHALT,UNSAFE LANE MOVEMENT,SAME DIRECTION SIDESWIPE,E3RDSTSWOODSCRESTDR,NONE
BLOOMINGTON PD,BLOOMINGTON,12/21/2020,12:09 AM,2,0,0,0,0,,,,S ROGERS ST,W COUNTRY CLUB DR,,,,39.136014,-86.538267,LOCAL/CITY ROAD,N,URBAN,N,N,N,,DARK (NOT LIGHTED),CLEAR,DRY,,FOUR-WAY INTERSECTION,STRAIGHT/LEVEL,ASPHALT,DISREGARD SIGNAL/REG SIGN,RIGHT ANGLE,SROGERSRDWCOUNTRYCLUBRD,TRAFFIC CONTROL SIGNAL
BLOOMINGTON PD,BLOOMINGTON,12/21/2020,12:50 AM,2,0,0,0,0,,,,S WALNUT ST,W 4TH ST,,,,39.165648,-86.5336,LOCAL/CITY ROAD,N,URBAN,N,N,N,,DAYLIGHT,CLEAR,DRY,,NO JUNCTION INVOLVED,STRAIGHT/LEVEL,ASPHALT,DISREGARD SIGNAL/REG SIGN,RIGHT ANGLE,4THSTWALNUTST,TRAFFIC CONTROL SIGNAL
MONROE SD,BLOOMINGTON,12/21/2020,7:27 AM,2,0,0,0,0,,,,SR 37,S VICTOR PIKE,,,,39.105552,-86.551104,STATE ROAD,N,RURAL,N,Y,N,,DARK (NOT LIGHTED),CLEAR,DRY,,FOUR-WAY INTERSECTION,STRAIGHT/LEVEL,ASPHALT,IMPROPER LANE USAGE,REAR END,SVICTORPIKESR37S,TRAFFIC CONTROL SIGNAL